cr_recording_url,job_id
https://crworkspace.s3.ap-south-1.amazonaws.com/crdhs/private/2024/9/23/recording17064968205186586265.mp3,nFbs5Z0bkVnl7XE6188UGA
https://crworkspace.s3.ap-south-1.amazonaws.com/crdhs/private/2024/9/20/recording11295242329244464157.mp3,UBO99hZHGGQR1D9lR_a9cg
https://crworkspace.s3.ap-south-1.amazonaws.com/crdhs/private/2024/9/21/recording13190767244591391920.mp3,xETLrrExPtug2zZD1Qf-Dw
https://crworkspace.s3.ap-south-1.amazonaws.com/crdhs/private/2024/9/23/recording17074660416320387775.mp3,1k4ncWWe-PLo3SlvBDRrvg
https://crworkspace.s3.ap-south-1.amazonaws.com/crdhs/private/2024/9/20/recording4873533846570191476.mp3,cVsu4ilABQmCeRriR5Fn-Q
https://crworkspace.s3.ap-south-1.amazonaws.com/crdhs/private/2024/9/20/recording13936630826214435429.mp3,t4Inc8rZl0jLiTKSqFhh1A
https://crworkspace.s3.ap-south-1.amazonaws.com/crdhs/private/2024/9/27/recording9651323611441130374.mp3,Q6Hrm5CUpraIb-k3iqxRoA
https://crworkspace.s3.ap-south-1.amazonaws.com/crdhs/private/2024/9/26/recording9249774589920181260.mp3,XGms-H7qwh88Lq71Ier3jQ
https://crworkspace.s3.ap-south-1.amazonaws.com/crdhs/private/2024/9/23/recording816373413494332300.mp3,CNVTMTwOc-t1G5JC4C2R7Q
https://crworkspace.s3.ap-south-1.amazonaws.com/crdhs/private/2024/9/25/recording6587675024861225234.mp3,UNaqOCjzyuefRXugB2XL5g
https://crworkspace.s3.ap-south-1.amazonaws.com/crdhs/private/2024/9/24/recording12193345129444147508.mp3,t40_z3rnv2YobS3qwmtztw
https://crworkspace.s3.ap-south-1.amazonaws.com/crdhs/private/2024/11/21/recording.mp3,--CsMlwV1w_m0om101_Z1w
https://crworkspace.s3.ap-south-1.amazonaws.com/crdhs/private/2024/9/24/recording12498335204083792850.mp3,hfsGtlHH85GjsjY4511isw
https://crworkspace.s3.ap-south-1.amazonaws.com/crdhs/private/2024/9/23/recording7919449904502793458.mp3,k2Cd0PQC6QAlnMBwKOym7A
https://crworkspace.s3.ap-south-1.amazonaws.com/crdhs/private/2024/9/24/recording15635231991605759861.mp3,yra9QP2v7YytkgeNGYrPpA
https://crworkspace.s3.ap-south-1.amazonaws.com/crdhs/private/2024/9/23/recording18321508026197929834.mp3,O1lO7u-7uU1wiRESqGhoUw
https://crworkspace.s3.ap-south-1.amazonaws.com/crdhs/private/2024/9/27/recording17437692285617948888.mp3,nXnGjyBd5fBSDzYR2aAlMw
https://crworkspace.s3.ap-south-1.amazonaws.com/crdhs/private/2024/11/6/recording.mp3,--HarojsWojLTjUTow1RHA
https://crworkspace.s3.ap-south-1.amazonaws.com/crdhs/private/2024/11/21/recording.mp3,--CsMlwV1w_m0om101_Z1w
https://crworkspace.s3.ap-south-1.amazonaws.com/crdhs/private/2024/9/27/recording7092532600230779199.mp3,XISr69-oo9zn2nIgaws61w
https://crworkspace.s3.ap-south-1.amazonaws.com/crdhs/private/2024/9/26/recording11061941909201356254.mp3,j_B1w37vRpu9AZb4RXMLEA
https://crworkspace.s3.ap-south-1.amazonaws.com/crdhs/private/2024/9/21/recording2770641179231363407.mp3,4UeTRiMxYT8FdDjUDWltiQ
https://crworkspace.s3.ap-south-1.amazonaws.com/crdhs/private/2024/10/7/recording13199438215463317148.mp3,g9odCM0of5MdLXv1__vYug
https://crworkspace.s3.ap-south-1.amazonaws.com/crdhs/private/2024/11/26/recording.mp3,-8AhiNg6tiGz8N7jiEqUFA
https://crworkspace.s3.ap-south-1.amazonaws.com/crdhs/private/2024/9/20/recording9393723069034581963.mp3,QrnrjCe6OkIhHs1rVznBzg
https://crworkspace.s3.ap-south-1.amazonaws.com/crdhs/private/2024/9/23/recording7324709678052090279.mp3,RJmn-lOdQZsKTPP569GDZw
https://crworkspace.s3.ap-south-1.amazonaws.com/crdhs/private/2024/11/6/recording.mp3,--HarojsWojLTjUTow1RHA
https://crworkspace.s3.ap-south-1.amazonaws.com/crdhs/private/2024/10/7/recording24531819829500615.mp3,rNIzghQ5yqfOC9pIN9Aeog
https://crworkspace.s3.ap-south-1.amazonaws.com/crdhs/private/2024/9/20/recording4332289883186751489.mp3,Ta9miZrv_Zw-Mk3vdfKTXQ
https://crworkspace.s3.ap-south-1.amazonaws.com/crdhs/private/2024/9/24/recording16432080958233911377.mp3,AYyMQJ0y24Nubr6qb3-s6A
https://crworkspace.s3.ap-south-1.amazonaws.com/crdhs/private/2024/9/24/recording7383847545670092930.mp3,1_T1pJIh_fNQVh8hd1K7Fg
https://crworkspace.s3.ap-south-1.amazonaws.com/crdhs/private/2024/9/24/recording980585481721883798.mp3,rcL-lohfDyTEDs40AB-jbw
https://crworkspace.s3.ap-south-1.amazonaws.com/crdhs/private/2024/11/21/recording.mp3,--CsMlwV1w_m0om101_Z1w
https://crworkspace.s3.ap-south-1.amazonaws.com/crdhs/private/2024/11/21/recording.mp3,--CsMlwV1w_m0om101_Z1w
https://crworkspace.s3.ap-south-1.amazonaws.com/crdhs/private/2024/9/20/recording18275091803950148301.mp3,EHQDmuQwwWpdqHQEUG-iWA
https://crworkspace.s3.ap-south-1.amazonaws.com/crdhs/private/2024/9/23/recording17357059581572655896.mp3,Zvu8CrzsUVPDCZiqPbjIlw
https://crworkspace.s3.ap-south-1.amazonaws.com/crdhs/private/2024/9/20/recording16671654940142297968.mp3,yjNfKc04Zir-pescwSch0w
https://crworkspace.s3.ap-south-1.amazonaws.com/crdhs/private/2024/9/26/recording8047089278737280251.mp3,61cQKxa1eW4tpE5CUp4e4g
https://crworkspace.s3.ap-south-1.amazonaws.com/crdhs/private/2024/11/6/recording.mp3,--HarojsWojLTjUTow1RHA
https://crworkspace.s3.ap-south-1.amazonaws.com/crdhs/private/2024/11/26/recording.mp3,-8AhiNg6tiGz8N7jiEqUFA
https://crworkspace.s3.ap-south-1.amazonaws.com/crdhs/private/2024/9/24/recording7488570335154388508.mp3,kjiVAOtoeONK-c_C1MrXFQ
https://crworkspace.s3.ap-south-1.amazonaws.com/crdhs/private/2024/9/20/recording17926138141545298702.mp3,yHWRAd4q2OJlrR-Q-KrQ-g
https://crworkspace.s3.ap-south-1.amazonaws.com/crdhs/private/2024/9/24/recording15970474108768574105.mp3,VHLumEr-61BcnERJhhLLjg
https://crworkspace.s3.ap-south-1.amazonaws.com/crdhs/private/2024/11/21/recording.mp3,--CsMlwV1w_m0om101_Z1w
https://crworkspace.s3.ap-south-1.amazonaws.com/crdhs/private/2024/9/23/recording15795906625791568388.mp3,RIj-O6qOfpCYfbMR-OhhsA
https://crworkspace.s3.ap-south-1.amazonaws.com/crdhs/private/2024/9/21/recording9742732213692259298.mp3,3AxAlyWRW2VjBnPPZq2gyw
https://crworkspace.s3.ap-south-1.amazonaws.com/crdhs/private/2024/9/23/recording1537915345932270222.mp3,LH6R5ZLlIO7O5-VrdvT27Q
https://crworkspace.s3.ap-south-1.amazonaws.com/crdhs/private/2024/9/23/recording18256242797653010427.mp3,106LRjRVtXLRPMkMU3XITQ
https://crworkspace.s3.ap-south-1.amazonaws.com/crdhs/private/2024/11/26/recording.mp3,-8AhiNg6tiGz8N7jiEqUFA
https://crworkspace.s3.ap-south-1.amazonaws.com/crdhs/private/2024/9/20/recording1296916017307182036.mp3,qObdjaN2mOKZ8RWZhgml5w
https://crworkspace.s3.ap-south-1.amazonaws.com/crdhs/private/2024/9/24/recording5274727648718109525.mp3,VrkIey0BNapAiFMxYf4FuQ
https://crworkspace.s3.ap-south-1.amazonaws.com/crdhs/private/2024/9/23/recording9662588127646942948.mp3,zMezWBnOhLCfxojboB1eVQ
https://crworkspace.s3.ap-south-1.amazonaws.com/crdhs/private/2024/9/23/recording5565485376810162173.mp3,ld0PczeQqg0pcAwB7kT3dw
https://crworkspace.s3.ap-south-1.amazonaws.com/crdhs/private/2024/9/24/recording17796100201112402205.mp3,kmOdhUuyqXY8ssCtvoqdXQ
https://crworkspace.s3.ap-south-1.amazonaws.com/crdhs/private/2024/9/27/recording10670812983397352243.mp3,Dnv2-31CqlzMNoWEwdOx_g
https://crworkspace.s3.ap-south-1.amazonaws.com/crdhs/private/2024/9/26/recording12414320023417128210.mp3,K6vGr8GMuWFAC4_xxCF_Lg
https://crworkspace.s3.ap-south-1.amazonaws.com/crdhs/private/2024/9/23/recording8299489361025296855.mp3,5c-aQF00FKqE18qgCxIS7g
https://crworkspace.s3.ap-south-1.amazonaws.com/crdhs/private/2024/9/20/recording4412221992667244105.mp3,lArJ9dgAd_mIPc_b72gzoQ
https://crworkspace.s3.ap-south-1.amazonaws.com/crdhs/private/2024/9/20/recording3362237883407181003.mp3,kssMXNf-rJmiXQB2tUXCCQ
https://crworkspace.s3.ap-south-1.amazonaws.com/crdhs/private/2024/9/25/recording3159533654093405619.mp3,RPe8JUUitthDEENvUIWhCQ
https://crworkspace.s3.ap-south-1.amazonaws.com/crdhs/private/2024/9/24/recording7805658665766969174.mp3,qIlqGQZ1Vjm6Fo3n4x0Blg
https://crworkspace.s3.ap-south-1.amazonaws.com/crdhs/private/2024/9/20/recording17064708059056578738.mp3,POBKluS0SOmRdZDBda7CFg
https://crworkspace.s3.ap-south-1.amazonaws.com/crdhs/private/2024/9/23/recording14341333192992496973.mp3,ypPCHWHZjufxtSGnlQiH3Q
https://crworkspace.s3.ap-south-1.amazonaws.com/crdhs/private/2024/9/24/recording8526123601668411897.mp3,n660cJJ9_OiL3Bsu_qQmJw
https://crworkspace.s3.ap-south-1.amazonaws.com/crdhs/private/2024/9/20/recording8341303583030340249.mp3,8t0ezaqtT3qzK-khPh5SgQ
https://crworkspace.s3.ap-south-1.amazonaws.com/crdhs/private/2024/9/20/recording1241383534461395630.mp3,J2w4mvrMpaBt0DY8IbZnAg
https://crworkspace.s3.ap-south-1.amazonaws.com/crdhs/private/2024/9/24/recording5667504598626158182.mp3,k8BfLSYJWKBpwFytrMSTDQ
https://crworkspace.s3.ap-south-1.amazonaws.com/crdhs/private/2024/9/24/recording12860072141116524670.mp3,UlN0wsGWmzlgeMugJD81bQ
https://crworkspace.s3.ap-south-1.amazonaws.com/crdhs/private/2024/9/20/recording10709467084761966492.mp3,dLmJfJgY8ByMwKvVhACnLg
https://crworkspace.s3.ap-south-1.amazonaws.com/crdhs/private/2024/9/24/recording1229857076187342921.mp3,hjUBmPbhmT_LIabAHgZbpw
https://crworkspace.s3.ap-south-1.amazonaws.com/crdhs/private/2024/9/23/recording12450817631923206908.mp3,ONFlyaR-fCoNfZMFhmSqIQ
https://crworkspace.s3.ap-south-1.amazonaws.com/crdhs/private/2024/11/6/recording.mp3,--HarojsWojLTjUTow1RHA
https://crworkspace.s3.ap-south-1.amazonaws.com/crdhs/private/2024/9/24/recording352253608070806133.mp3,ZAyq59egAwmuXqbieazBLw
https://crworkspace.s3.ap-south-1.amazonaws.com/crdhs/private/2024/9/23/recording384059876608140425.mp3,ASlNOgKyRXbVVQffT0GvxQ
https://crworkspace.s3.ap-south-1.amazonaws.com/crdhs/private/2024/10/7/recording928829817639236155.mp3,qKJR-LOYZKd7jHMV2brasA
https://crworkspace.s3.ap-south-1.amazonaws.com/crdhs/private/2024/11/26/recording.mp3,-8AhiNg6tiGz8N7jiEqUFA
https://crworkspace.s3.ap-south-1.amazonaws.com/crdhs/private/2024/9/23/recording14192168407224370462.mp3,hfyhlQN0C16Ecvu6hhxbyQ
https://crworkspace.s3.ap-south-1.amazonaws.com/crdhs/private/2024/9/21/recording147299984193772670.mp3,I5tPjrN2oRLAXkvcof3ztg
https://crworkspace.s3.ap-south-1.amazonaws.com/crdhs/private/2024/11/26/recording.mp3,-8AhiNg6tiGz8N7jiEqUFA
https://crworkspace.s3.ap-south-1.amazonaws.com/crdhs/private/2024/9/25/recording3147237501824416218.mp3,3iEp3MxZAOt32LtUwYS9ng
https://crworkspace.s3.ap-south-1.amazonaws.com/crdhs/private/2024/9/24/recording16314826293649983811.mp3,PTApXMzasn3x7nXodl782g
https://crworkspace.s3.ap-south-1.amazonaws.com/crdhs/private/2024/11/6/recording.mp3,--HarojsWojLTjUTow1RHA
https://crworkspace.s3.ap-south-1.amazonaws.com/crdhs/private/2024/9/20/recording9135093085806873101.mp3,1q1xExQiTw67kL9WodCfFw
https://crworkspace.s3.ap-south-1.amazonaws.com/crdhs/private/2024/11/6/recording.mp3,--HarojsWojLTjUTow1RHA
https://crworkspace.s3.ap-south-1.amazonaws.com/crdhs/private/2024/11/6/recording.mp3,--HarojsWojLTjUTow1RHA
https://crworkspace.s3.ap-south-1.amazonaws.com/crdhs/private/2024/11/21/recording.mp3,--CsMlwV1w_m0om101_Z1w
https://crworkspace.s3.ap-south-1.amazonaws.com/crdhs/private/2024/9/24/recording17503939385435778803.mp3,6G0lVrXoPZ7dof9-dKlGYw
https://crworkspace.s3.ap-south-1.amazonaws.com/crdhs/private/2024/9/21/recording12791407783383264371.mp3,MqBYXigYkWCSsApO03O21g
https://crworkspace.s3.ap-south-1.amazonaws.com/crdhs/private/2024/11/26/recording.mp3,-8AhiNg6tiGz8N7jiEqUFA
https://crworkspace.s3.ap-south-1.amazonaws.com/crdhs/private/2024/11/21/recording.mp3,--CsMlwV1w_m0om101_Z1w
https://crworkspace.s3.ap-south-1.amazonaws.com/crdhs/private/2024/9/24/recording7939439740709864951.mp3,4yjGiq3YEVPb4fQxCf5whg
https://crworkspace.s3.ap-south-1.amazonaws.com/crdhs/private/2024/9/24/recording5461398462462425216.mp3,EnBtLslf3vXS49Pmrrvdmw
https://crworkspace.s3.ap-south-1.amazonaws.com/crdhs/private/2024/9/23/recording15272296519835726633.mp3,M2c_v6uW0orowX1nW8la0A
https://crworkspace.s3.ap-south-1.amazonaws.com/crdhs/private/2024/9/21/recording11406156671406683149.mp3,tzhDV-JtwNlt1AkMqJV9mA
https://crworkspace.s3.ap-south-1.amazonaws.com/crdhs/private/2024/9/23/recording4200836825800557252.mp3,bCQjXyEipY4SU4LqboKz9Q
https://crworkspace.s3.ap-south-1.amazonaws.com/crdhs/private/2024/11/26/recording.mp3,-8AhiNg6tiGz8N7jiEqUFA
https://crworkspace.s3.ap-south-1.amazonaws.com/crdhs/private/2024/9/23/recording16122067321780276697.mp3,yP2KvJIL9eNjuz23hlUM9Q
https://crworkspace.s3.ap-south-1.amazonaws.com/crdhs/private/2024/9/27/recording3494149041150728125.mp3,rTHZgN18ZvQry3rUsAZx8Q
https://crworkspace.s3.ap-south-1.amazonaws.com/crdhs/private/2024/11/6/recording.mp3,--HarojsWojLTjUTow1RHA
https://crworkspace.s3.ap-south-1.amazonaws.com/crdhs/private/2024/9/26/recording5462555267246466376.mp3,GMcYqv3dVf6JCSgsTGtP1Q
https://crworkspace.s3.ap-south-1.amazonaws.com/crdhs/private/2024/10/6/recording13999323616123541182.mp3,yQXZgL94EvfeJ09duhoKsA
https://crworkspace.s3.ap-south-1.amazonaws.com/crdhs/private/2024/11/6/recording.mp3,--HarojsWojLTjUTow1RHA
https://crworkspace.s3.ap-south-1.amazonaws.com/crdhs/private/2024/10/7/recording10688539707166768333.mp3,idqUjZ7_t735HIeK5-auoA
https://crworkspace.s3.ap-south-1.amazonaws.com/crdhs/private/2024/11/6/recording.mp3,--HarojsWojLTjUTow1RHA
https://crworkspace.s3.ap-south-1.amazonaws.com/crdhs/private/2024/10/7/recording10737196465631815805.mp3,k4cDhTw7CKcqEvScpnhBtA
https://crworkspace.s3.ap-south-1.amazonaws.com/crdhs/private/2024/9/23/recording18341755050968927094.mp3,DYklctZDZxAKciu1A5XXnw
https://crworkspace.s3.ap-south-1.amazonaws.com/crdhs/private/2024/9/23/recording7188078613415353998.mp3,pXhw6jOzwYZ3Hqvpt-ErCw
https://crworkspace.s3.ap-south-1.amazonaws.com/crdhs/private/2024/11/6/recording.mp3,--HarojsWojLTjUTow1RHA
https://crworkspace.s3.ap-south-1.amazonaws.com/crdhs/private/2024/11/26/recording.mp3,-8AhiNg6tiGz8N7jiEqUFA
https://crworkspace.s3.ap-south-1.amazonaws.com/crdhs/private/2024/11/21/recording.mp3,--CsMlwV1w_m0om101_Z1w
https://crworkspace.s3.ap-south-1.amazonaws.com/crdhs/private/2024/11/6/recording.mp3,--HarojsWojLTjUTow1RHA
https://crworkspace.s3.ap-south-1.amazonaws.com/crdhs/private/2024/11/6/recording.mp3,--HarojsWojLTjUTow1RHA
https://crworkspace.s3.ap-south-1.amazonaws.com/crdhs/private/2024/9/20/recording11130427371758152375.mp3,mtbVv1QTCO390EQeWqO3lg
https://crworkspace.s3.ap-south-1.amazonaws.com/crdhs/private/2024/9/20/recording3271439027113429417.mp3,7ESsKePM8dCaay2dp_2Qeg
https://crworkspace.s3.ap-south-1.amazonaws.com/crdhs/private/2024/9/23/recording18111873136494037070.mp3,B9NBbLct47y4xe-naNygcw
https://crworkspace.s3.ap-south-1.amazonaws.com/crdhs/private/2024/11/6/recording.mp3,--HarojsWojLTjUTow1RHA
https://crworkspace.s3.ap-south-1.amazonaws.com/crdhs/private/2024/11/26/recording.mp3,-8AhiNg6tiGz8N7jiEqUFA
https://crworkspace.s3.ap-south-1.amazonaws.com/crdhs/private/2024/11/6/recording.mp3,--HarojsWojLTjUTow1RHA
https://crworkspace.s3.ap-south-1.amazonaws.com/crdhs/private/2024/11/26/recording.mp3,-8AhiNg6tiGz8N7jiEqUFA
https://crworkspace.s3.ap-south-1.amazonaws.com/crdhs/private/2024/11/21/recording.mp3,--CsMlwV1w_m0om101_Z1w
https://crworkspace.s3.ap-south-1.amazonaws.com/crdhs/private/2024/11/6/recording.mp3,--HarojsWojLTjUTow1RHA
https://crworkspace.s3.ap-south-1.amazonaws.com/crdhs/private/2024/11/21/recording.mp3,--CsMlwV1w_m0om101_Z1w
https://crworkspace.s3.ap-south-1.amazonaws.com/crdhs/private/2024/9/25/recording3097138100651917882.mp3,iIX1lFKt-qqNK3KedUTT_Q
https://crworkspace.s3.ap-south-1.amazonaws.com/crdhs/private/2024/11/6/recording.mp3,--HarojsWojLTjUTow1RHA
https://crworkspace.s3.ap-south-1.amazonaws.com/crdhs/private/2024/10/6/recording8342587237827857911.mp3,MeVKPJdTudXTvOnlo4FWeA
https://crworkspace.s3.ap-south-1.amazonaws.com/crdhs/private/2024/11/6/recording.mp3,--HarojsWojLTjUTow1RHA
https://crworkspace.s3.ap-south-1.amazonaws.com/crdhs/private/2024/11/6/recording.mp3,--HarojsWojLTjUTow1RHA
https://crworkspace.s3.ap-south-1.amazonaws.com/crdhs/private/2024/11/21/recording.mp3,--CsMlwV1w_m0om101_Z1w
https://crworkspace.s3.ap-south-1.amazonaws.com/crdhs/private/2024/9/24/recording5890381504636966944.mp3,AyWivvWFexgmvZARRhVfPQ
https://crworkspace.s3.ap-south-1.amazonaws.com/crdhs/private/2024/9/20/recording148905780467791846.mp3,RwYJqWrWyK4y597AckuiFQ
https://crworkspace.s3.ap-south-1.amazonaws.com/crdhs/private/2024/9/27/recording8372994330330387659.mp3,3alQVDdBeSN0X5t2MLdJjw
https://crworkspace.s3.ap-south-1.amazonaws.com/crdhs/private/2024/9/24/recording2737460685866759565.mp3,Kf6tWzJ96JhwvDFCyBQ0uA
https://crworkspace.s3.ap-south-1.amazonaws.com/crdhs/private/2024/9/27/recording10436601297853759602.mp3,MoNKJ5aAQ8ZM9WcR1nmW_A
https://crworkspace.s3.ap-south-1.amazonaws.com/crdhs/private/2024/9/25/recording15789097464742372225.mp3,Y_EiOXf5FdYY3oVpw4IawA
https://crworkspace.s3.ap-south-1.amazonaws.com/crdhs/private/2024/11/26/recording.mp3,-8AhiNg6tiGz8N7jiEqUFA
https://crworkspace.s3.ap-south-1.amazonaws.com/crdhs/private/2024/9/23/recording4880787372856614518.mp3,qkPLh_gGu5X8deIqkWMjjA
https://crworkspace.s3.ap-south-1.amazonaws.com/crdhs/private/2024/11/21/recording.mp3,--CsMlwV1w_m0om101_Z1w
https://crworkspace.s3.ap-south-1.amazonaws.com/crdhs/private/2024/11/21/recording.mp3,--CsMlwV1w_m0om101_Z1w
https://crworkspace.s3.ap-south-1.amazonaws.com/crdhs/private/2024/9/26/recording17907828942632579887.mp3,JT4P1GnZ0HpNhnCrb99J_A
https://crworkspace.s3.ap-south-1.amazonaws.com/crdhs/private/2024/11/6/recording.mp3,--HarojsWojLTjUTow1RHA
https://crworkspace.s3.ap-south-1.amazonaws.com/crdhs/private/2024/9/23/recording18053065861793355931.mp3,jJbGmyte6OLvDFz1nrXDIQ
https://crworkspace.s3.ap-south-1.amazonaws.com/crdhs/private/2024/10/7/recording6771673085648018481.mp3,tOJ4QiAjQMHUz19XbrjkPw
https://crworkspace.s3.ap-south-1.amazonaws.com/crdhs/private/2024/11/6/recording.mp3,--HarojsWojLTjUTow1RHA
https://crworkspace.s3.ap-south-1.amazonaws.com/crdhs/private/2024/9/20/recording3135115055639821849.mp3,lAgM3KWuGABwGG78JkX1Ug
https://crworkspace.s3.ap-south-1.amazonaws.com/crdhs/private/2024/9/25/recording8035383945603531352.mp3,n3bnB3egR9C13jCS0y4AYg
https://crworkspace.s3.ap-south-1.amazonaws.com/crdhs/private/2024/11/6/recording.mp3,--HarojsWojLTjUTow1RHA
https://crworkspace.s3.ap-south-1.amazonaws.com/crdhs/private/2024/9/23/recording1706257545348559357.mp3,HW1jXBAmPBZZH4EkLjS4oQ
https://crworkspace.s3.ap-south-1.amazonaws.com/crdhs/private/2024/11/21/recording.mp3,--CsMlwV1w_m0om101_Z1w
https://crworkspace.s3.ap-south-1.amazonaws.com/crdhs/private/2024/11/21/recording.mp3,--CsMlwV1w_m0om101_Z1w
https://crworkspace.s3.ap-south-1.amazonaws.com/crdhs/private/2024/9/20/recording5124954731956247895.mp3,ovkYU7Wl3Nkg3Rhz1jocpA
https://crworkspace.s3.ap-south-1.amazonaws.com/crdhs/private/2024/9/23/recording8517275332355562753.mp3,JDu5NUHwkzlORjj60RztmQ
https://crworkspace.s3.ap-south-1.amazonaws.com/crdhs/private/2024/10/3/recording15203054003958204603.mp3,U7OGpCTo1tz4jEnWJBKEXg
https://crworkspace.s3.ap-south-1.amazonaws.com/crdhs/private/2024/10/3/recording44248800258684633.mp3,1ffldGDbZxA0f-I8nCNK0A
https://crworkspace.s3.ap-south-1.amazonaws.com/crdhs/private/2024/9/23/recording392963176325495084.mp3,-xenfAQEvQ6vQMkKXHmktA
https://crworkspace.s3.ap-south-1.amazonaws.com/crdhs/private/2024/9/23/recording14375454661257901389.mp3,aKSm2YhfK4jm0wwI1_Kwqg
https://crworkspace.s3.ap-south-1.amazonaws.com/crdhs/private/2024/12/8/recording.mp3,-1XRc32W8XtdNezq7w2NZg
https://crworkspace.s3.ap-south-1.amazonaws.com/crdhs/private/2024/12/8/recording.mp3,-1XRc32W8XtdNezq7w2NZg
https://crworkspace.s3.ap-south-1.amazonaws.com/crdhs/private/2024/10/5/recording6038025413569731709.mp3,oAugj_LO4aU9ViTw4BkiTw
https://crworkspace.s3.ap-south-1.amazonaws.com/crdhs/private/2024/10/2/recording11183867585251459394.mp3,aiz2Uu_iT_1jskAqYIEEIA
https://crworkspace.s3.ap-south-1.amazonaws.com/crdhs/private/2024/10/2/recording9978990138136538442.mp3,gCqavXrYXlpUjfRfhG31HQ
https://crworkspace.s3.ap-south-1.amazonaws.com/crdhs/private/2024/12/8/recording.mp3,-1XRc32W8XtdNezq7w2NZg
https://crworkspace.s3.ap-south-1.amazonaws.com/crdhs/private/2024/9/26/recording17922711945485726923.mp3,lJoAjgsYilYagrz-f50nrA
https://crworkspace.s3.ap-south-1.amazonaws.com/crdhs/private/2024/12/8/recording.mp3,-1XRc32W8XtdNezq7w2NZg
https://crworkspace.s3.ap-south-1.amazonaws.com/crdhs/private/2024/10/3/recording816730269460229257.mp3,NaMGUVRi893-JgxJto4TJg
https://crworkspace.s3.ap-south-1.amazonaws.com/crdhs/private/2024/9/24/recording15337434688621891754.mp3,5nZLrD-9qKAmGPx4Ak4scg
https://crworkspace.s3.ap-south-1.amazonaws.com/crdhs/private/2024/9/20/recording6759240500320268804.mp3,zs56dfD1Y0-yjNV_028sgQ
https://crworkspace.s3.ap-south-1.amazonaws.com/crdhs/private/2024/9/24/recording14964616572261827205.mp3,gBwmnUgwA92W5TnDhplKEw
https://crworkspace.s3.ap-south-1.amazonaws.com/crdhs/private/2024/12/8/recording.mp3,-1XRc32W8XtdNezq7w2NZg
https://crworkspace.s3.ap-south-1.amazonaws.com/crdhs/private/2024/9/23/recording4201798305062085580.mp3,YYGTr0wajZ1sK-mfDO0j2A
https://crworkspace.s3.ap-south-1.amazonaws.com/crdhs/private/2024/9/24/recording10218450491113060136.mp3,Fn7tTDMt0r6P84dzjq4Epg
https://crworkspace.s3.ap-south-1.amazonaws.com/crdhs/private/2024/10/3/recording1657921237231108434.mp3,Lci-WHidUxM1sngoZx2v8w
https://crworkspace.s3.ap-south-1.amazonaws.com/crdhs/private/2024/12/8/recording.mp3,-1XRc32W8XtdNezq7w2NZg
https://crworkspace.s3.ap-south-1.amazonaws.com/crdhs/private/2024/12/8/recording.mp3,-1XRc32W8XtdNezq7w2NZg
https://crworkspace.s3.ap-south-1.amazonaws.com/crdhs/private/2024/10/2/recording14800012370741321231.mp3,xeYGoOo6j-8QmpW5ERHNJA
https://crworkspace.s3.ap-south-1.amazonaws.com/crdhs/private/2024/12/8/recording.mp3,-1XRc32W8XtdNezq7w2NZg
https://crworkspace.s3.ap-south-1.amazonaws.com/crdhs/private/2024/10/2/recording3352847772458998716.mp3,BUFtOex5pTCblBM4OBlfXg
https://crworkspace.s3.ap-south-1.amazonaws.com/crdhs/private/2024/10/3/recording9578266965090533761.mp3,Gjvr9Hfv5Q6SOI9RvgFwDA
https://crworkspace.s3.ap-south-1.amazonaws.com/crdhs/private/2024/10/3/recording8633135491716867086.mp3,5iAG5qfYA48VyqqF6S9NLg
https://crworkspace.s3.ap-south-1.amazonaws.com/crdhs/private/2024/11/21/recording.mp3,--CsMlwV1w_m0om101_Z1w
https://crworkspace.s3.ap-south-1.amazonaws.com/crdhs/private/2024/11/6/recording.mp3,--HarojsWojLTjUTow1RHA
https://crworkspace.s3.ap-south-1.amazonaws.com/crdhs/private/2024/11/21/recording.mp3,--CsMlwV1w_m0om101_Z1w
https://crworkspace.s3.ap-south-1.amazonaws.com/crdhs/private/2024/10/6/recording4729466973983174634.mp3,_3KqDuQHvTMxPkr8fWuwgA
https://crworkspace.s3.ap-south-1.amazonaws.com/crdhs/private/2024/11/6/recording.mp3,--HarojsWojLTjUTow1RHA
https://crworkspace.s3.ap-south-1.amazonaws.com/crdhs/private/2024/11/6/recording.mp3,--HarojsWojLTjUTow1RHA
https://crworkspace.s3.ap-south-1.amazonaws.com/crdhs/private/2024/9/24/recording2709924942334902427.mp3,4ZNm8ALsv60CsGRinEhmlg
https://crworkspace.s3.ap-south-1.amazonaws.com/crdhs/private/2024/11/6/recording.mp3,--HarojsWojLTjUTow1RHA
https://crworkspace.s3.ap-south-1.amazonaws.com/crdhs/private/2024/9/25/recording7579024770981330085.mp3,_89shMMfreftC0Gi9fxsTQ
https://crworkspace.s3.ap-south-1.amazonaws.com/crdhs/private/2024/9/27/recording6840264345753659607.mp3,RCB1hbsLT8gNGD8cZjVB4Q
https://crworkspace.s3.ap-south-1.amazonaws.com/crdhs/private/2024/11/6/recording.mp3,--HarojsWojLTjUTow1RHA
https://crworkspace.s3.ap-south-1.amazonaws.com/crdhs/private/2024/11/21/recording.mp3,--CsMlwV1w_m0om101_Z1w
https://crworkspace.s3.ap-south-1.amazonaws.com/crdhs/private/2024/11/6/recording.mp3,--HarojsWojLTjUTow1RHA
https://crworkspace.s3.ap-south-1.amazonaws.com/crdhs/private/2024/11/6/recording.mp3,--HarojsWojLTjUTow1RHA
https://crworkspace.s3.ap-south-1.amazonaws.com/crdhs/private/2024/11/6/recording.mp3,--HarojsWojLTjUTow1RHA
https://crworkspace.s3.ap-south-1.amazonaws.com/crdhs/private/2024/11/21/recording.mp3,--CsMlwV1w_m0om101_Z1w
https://crworkspace.s3.ap-south-1.amazonaws.com/crdhs/private/2024/11/6/recording.mp3,--HarojsWojLTjUTow1RHA
https://crworkspace.s3.ap-south-1.amazonaws.com/crdhs/private/2024/10/5/recording10893367174390727735.mp3,8xtd0hKILabkAUf0CcOoFg
https://crworkspace.s3.ap-south-1.amazonaws.com/crdhs/private/2024/9/21/recording15506472363883000675.mp3,6sXnmQI-QCdRu6GtOPQp_Q
https://crworkspace.s3.ap-south-1.amazonaws.com/crdhs/private/2024/9/24/recording552517757862110716.mp3,oTAKuEYZiKrG4HfByjbu3w
https://crworkspace.s3.ap-south-1.amazonaws.com/crdhs/private/2024/11/26/recording.mp3,-8AhiNg6tiGz8N7jiEqUFA
https://crworkspace.s3.ap-south-1.amazonaws.com/crdhs/private/2024/9/20/recording1712814726424769403.mp3,08jp8-ERB87RPhNn8CwM3g
https://crworkspace.s3.ap-south-1.amazonaws.com/crdhs/private/2024/9/24/recording8688685725109863969.mp3,2ZZJhreFikXXGCBeCz1qfw
https://crworkspace.s3.ap-south-1.amazonaws.com/crdhs/private/2024/9/25/recording646300021276866557.mp3,YWo9UVwUuelwjOhcSDWmrw
https://crworkspace.s3.ap-south-1.amazonaws.com/crdhs/private/2024/9/26/recording17491855554811218045.mp3,4fDr5qoRkgiuLZh8O9cBpg
https://crworkspace.s3.ap-south-1.amazonaws.com/crdhs/private/2024/9/20/recording14906160825063748192.mp3,svzxqyW76kh6FktLBNiU6g
https://crworkspace.s3.ap-south-1.amazonaws.com/crdhs/private/2024/9/24/recording8306032427533602095.mp3,XmVZoyWgTclGcX2slMqsog
https://crworkspace.s3.ap-south-1.amazonaws.com/crdhs/private/2024/9/23/recording13240616059298948932.mp3,l8hNsP5G1XyPH2F0wNcybA
https://crworkspace.s3.ap-south-1.amazonaws.com/crdhs/private/2024/9/25/recording2880584713964853150.mp3,QQuZix4pwZSoS1MrDY2H2A
https://crworkspace.s3.ap-south-1.amazonaws.com/crdhs/private/2024/9/21/recording1156206968952007035.mp3,1OwPpedkWh-GlpsFzDfklQ
https://crworkspace.s3.ap-south-1.amazonaws.com/crdhs/private/2024/10/3/recording7936580308157201785.mp3,QEz2xBUtDqokeZt6BNmbXw
https://crworkspace.s3.ap-south-1.amazonaws.com/crdhs/private/2024/9/21/recording15595106284386487813.mp3,ElQNiWi42QrDA9TlCeJuTQ
https://crworkspace.s3.ap-south-1.amazonaws.com/crdhs/private/2024/9/23/recording11818064152553571424.mp3,_7Lu-lI3n6ZogdGTp8itzg
https://crworkspace.s3.ap-south-1.amazonaws.com/crdhs/private/2024/9/21/recording3260884910391771961.mp3,ZU5a38ZHW14fcSf_wZ_7fg
https://crworkspace.s3.ap-south-1.amazonaws.com/crdhs/private/2024/9/20/recording13216346680868254479.mp3,8uSW-DcHKujgHtxH7lUlCQ
https://crworkspace.s3.ap-south-1.amazonaws.com/crdhs/private/2024/9/20/recording14628311185438262971.mp3,exwnjsQ-JyrF6QPFzU4tSA
https://crworkspace.s3.ap-south-1.amazonaws.com/crdhs/private/2024/9/21/recording17859207460900254749.mp3,letE6IONiknIx_fCRCJ0yQ
https://crworkspace.s3.ap-south-1.amazonaws.com/crdhs/private/2024/9/20/recording11644939432403964917.mp3,ECVK_9Cp3h-ay3bOui41lg
https://crworkspace.s3.ap-south-1.amazonaws.com/crdhs/private/2024/9/21/recording876421022700157358.mp3,_yBU9EEo6pcDmUggnlsRYA
https://crworkspace.s3.ap-south-1.amazonaws.com/crdhs/private/2024/9/21/recording11921144187238736366.mp3,2KPUGWWvmpWxq7PmjjXdfw
https://crworkspace.s3.ap-south-1.amazonaws.com/crdhs/private/2024/9/21/recording9192531951836474541.mp3,sGzAkjED2KFVXkXRk9kOlA
https://crworkspace.s3.ap-south-1.amazonaws.com/crdhs/private/2024/9/20/recording5355392271400636175.mp3,YBSR4BBs7r-H42f9VFLEKA
https://crworkspace.s3.ap-south-1.amazonaws.com/crdhs/private/2024/9/21/recording639666002251315331.mp3,ErlAY435eVGyIKWDemOI7w
https://crworkspace.s3.ap-south-1.amazonaws.com/crdhs/private/2024/9/21/recording1336863616558116807.mp3,KhcU-H00vr3kD7F4RK7wEw
https://crworkspace.s3.ap-south-1.amazonaws.com/crdhs/private/2024/9/23/recording15348353488251502175.mp3,ZVvtbSKbOAx1VXg5OzDJow
https://crworkspace.s3.ap-south-1.amazonaws.com/crdhs/private/2024/9/21/recording1250185508755693082.mp3,Id_a7KVNMLzVjvjWNhD8DQ
https://crworkspace.s3.ap-south-1.amazonaws.com/crdhs/private/2024/9/21/recording13898813974208365347.mp3,Rll9BfNqNxwMdt1J0mXt5Q
https://crworkspace.s3.ap-south-1.amazonaws.com/crdhs/private/2024/9/25/recording2143993867108508920.mp3,JVzOK657NfOmeVzkqTVhDw
https://crworkspace.s3.ap-south-1.amazonaws.com/crdhs/private/2024/9/23/recording15325377589133929334.mp3,NMgOKo43E0_3ydgHMRAhiw
https://crworkspace.s3.ap-south-1.amazonaws.com/crdhs/private/2024/9/23/recording15067346791638256196.mp3,llbhEuLJmpRS1Wojr97HBg
https://crworkspace.s3.ap-south-1.amazonaws.com/crdhs/private/2024/9/25/recording10298699838445042852.mp3,up0MH47aaSHbRiAMhRsBGw
https://crworkspace.s3.ap-south-1.amazonaws.com/crdhs/private/2024/9/23/recording3393593414068515016.mp3,XLAFEdNhOBs_tri0grhEGQ
https://crworkspace.s3.ap-south-1.amazonaws.com/crdhs/private/2024/9/24/recording2265304595335588231.mp3,F-N4IGHBT4yryrzk7c_nqw
https://crworkspace.s3.ap-south-1.amazonaws.com/crdhs/private/2024/9/23/recording16270148643795928793.mp3,0-a_33imb7KasElVxB30tw
https://crworkspace.s3.ap-south-1.amazonaws.com/crdhs/private/2024/9/23/recording13207622088393916474.mp3,9Sr94uJuSdbqGR0UUZTtew
https://crworkspace.s3.ap-south-1.amazonaws.com/crdhs/private/2024/9/21/recording11128801094715894335.mp3,VzyOJax9vw8yF1WjyRCvfA
https://crworkspace.s3.ap-south-1.amazonaws.com/crdhs/private/2024/9/21/recording12287709833930092459.mp3,KkdsvFwrV4OsgkThLAxnBQ
https://crworkspace.s3.ap-south-1.amazonaws.com/crdhs/private/2024/9/20/recording17139882503200848081.mp3,vN0HG7QW2woVU8ylUAdw2w
https://crworkspace.s3.ap-south-1.amazonaws.com/crdhs/private/2024/9/20/recording1784193363551806619.mp3,RT-bgk-uKUhN6nGAHEDS8w
https://crworkspace.s3.ap-south-1.amazonaws.com/crdhs/private/2024/9/20/recording1854932572145824071.mp3,SKJiD8Gvn1XJEtCUIfqFlg
https://crworkspace.s3.ap-south-1.amazonaws.com/crdhs/private/2024/9/20/recording10767268836667216842.mp3,sIUBHmUdOqwxsh5ayAYJDQ
https://crworkspace.s3.ap-south-1.amazonaws.com/crdhs/private/2024/9/21/recording9656133011637139393.mp3,enpLZUmE_lijd0m7L3D2Ig
https://crworkspace.s3.ap-south-1.amazonaws.com/crdhs/private/2024/9/21/recording16093010440270180445.mp3,IsM94hKG58fam0zpxu2swg
https://crworkspace.s3.ap-south-1.amazonaws.com/crdhs/private/2024/9/26/recording6333550349760700152.mp3,sH6omevxBRATAabmndz-Eg
https://crworkspace.s3.ap-south-1.amazonaws.com/crdhs/private/2024/9/21/recording2288026551363482754.mp3,PMgQ7jxAStK09t0YSwAROg
https://crworkspace.s3.ap-south-1.amazonaws.com/crdhs/private/2024/9/20/recording9344176094000436589.mp3,YCzSfhWeWFxpKMVykzrqfA
https://crworkspace.s3.ap-south-1.amazonaws.com/crdhs/private/2024/10/2/recording4919076378231592865.mp3,KaZQlrmjzq0a_Z9mnAjTMQ
https://crworkspace.s3.ap-south-1.amazonaws.com/crdhs/private/2024/10/7/recording13300857133859656692.mp3,dRCIv2KODnJIFWq_zOeb0g
https://crworkspace.s3.ap-south-1.amazonaws.com/crdhs/private/2024/11/26/recording.mp3,-8AhiNg6tiGz8N7jiEqUFA
https://crworkspace.s3.ap-south-1.amazonaws.com/crdhs/private/2024/9/24/recording8485594250063852398.mp3,cVoyuBuIecv894_CluVzug
https://crworkspace.s3.ap-south-1.amazonaws.com/crdhs/private/2024/9/26/recording15370200607032211482.mp3,_aeSK2cQLGDKIqu-GxrOQQ
https://crworkspace.s3.ap-south-1.amazonaws.com/crdhs/private/2024/9/24/recording12951278328876530294.mp3,Zs5SvbDXQ34PkQTAXYCmHg
https://crworkspace.s3.ap-south-1.amazonaws.com/crdhs/private/2024/11/26/recording.mp3,-8AhiNg6tiGz8N7jiEqUFA
https://crworkspace.s3.ap-south-1.amazonaws.com/crdhs/private/2024/9/23/recording12862554646526741046.mp3,4OU4RPo45dlS2fCQ2Lk-8w
https://crworkspace.s3.ap-south-1.amazonaws.com/crdhs/private/2024/9/25/recording5260415477120016878.mp3,THwDW3as2u6uJeprFBSRgw
https://crworkspace.s3.ap-south-1.amazonaws.com/crdhs/private/2024/9/24/recording1073317132102220532.mp3,3MrT9ej2-XrTiEBb-wXcnA
https://crworkspace.s3.ap-south-1.amazonaws.com/crdhs/private/2024/9/24/recording9416614018404266897.mp3,31QiE8AUipuSAqa5pm95mA
https://crworkspace.s3.ap-south-1.amazonaws.com/crdhs/private/2024/11/6/recording.mp3,--HarojsWojLTjUTow1RHA
https://crworkspace.s3.ap-south-1.amazonaws.com/crdhs/private/2024/9/24/recording17487245310917240113.mp3,ymPtaGv8uyD7KcDlztFUMw
https://crworkspace.s3.ap-south-1.amazonaws.com/crdhs/private/2024/11/26/recording.mp3,-8AhiNg6tiGz8N7jiEqUFA
https://crworkspace.s3.ap-south-1.amazonaws.com/crdhs/private/2024/10/6/recording9301762489411563435.mp3,Ea4m-16WaC8tHG-TcPSKwg
https://crworkspace.s3.ap-south-1.amazonaws.com/crdhs/private/2024/11/6/recording.mp3,--HarojsWojLTjUTow1RHA
https://crworkspace.s3.ap-south-1.amazonaws.com/crdhs/private/2024/11/6/recording.mp3,--HarojsWojLTjUTow1RHA
https://crworkspace.s3.ap-south-1.amazonaws.com/crdhs/private/2024/11/6/recording.mp3,--HarojsWojLTjUTow1RHA
https://crworkspace.s3.ap-south-1.amazonaws.com/crdhs/private/2024/10/6/recording6537877541860290900.mp3,LsT5H4x2doXGfw2S6ZFYPw
https://crworkspace.s3.ap-south-1.amazonaws.com/crdhs/private/2024/11/6/recording.mp3,--HarojsWojLTjUTow1RHA
https://crworkspace.s3.ap-south-1.amazonaws.com/crdhs/private/2024/11/6/recording.mp3,--HarojsWojLTjUTow1RHA
https://crworkspace.s3.ap-south-1.amazonaws.com/crdhs/private/2024/11/26/recording.mp3,-8AhiNg6tiGz8N7jiEqUFA
https://crworkspace.s3.ap-south-1.amazonaws.com/crdhs/private/2024/9/23/recording16472630477526855228.mp3,mWn6O-YMTfM6B4mmtq17fg
https://crworkspace.s3.ap-south-1.amazonaws.com/crdhs/private/2024/11/26/recording.mp3,-8AhiNg6tiGz8N7jiEqUFA
https://crworkspace.s3.ap-south-1.amazonaws.com/crdhs/private/2024/9/23/recording4370732076136087196.mp3,3k8CWfGPJazFdwIew_VC4Q
https://crworkspace.s3.ap-south-1.amazonaws.com/crdhs/private/2024/11/6/recording.mp3,--HarojsWojLTjUTow1RHA
https://crworkspace.s3.ap-south-1.amazonaws.com/crdhs/private/2024/9/23/recording17673729162920772725.mp3,6AhtkH0g6XiA04ZnZuha_g
https://crworkspace.s3.ap-south-1.amazonaws.com/crdhs/private/2024/11/6/recording.mp3,--HarojsWojLTjUTow1RHA
https://crworkspace.s3.ap-south-1.amazonaws.com/crdhs/private/2024/9/24/recording14412886059370809112.mp3,-wqVcug2eRJClIswzh4ftg
https://crworkspace.s3.ap-south-1.amazonaws.com/crdhs/private/2024/9/23/recording17324857304609167966.mp3,1kTGv7jmrbHANQssg5ECQw
https://crworkspace.s3.ap-south-1.amazonaws.com/crdhs/private/2024/9/23/recording15849856735905171482.mp3,daiDV4l8h3J-ebpvQR2ETw
https://crworkspace.s3.ap-south-1.amazonaws.com/crdhs/private/2024/11/26/recording.mp3,-8AhiNg6tiGz8N7jiEqUFA
https://crworkspace.s3.ap-south-1.amazonaws.com/crdhs/private/2024/9/23/recording11558775693868630396.mp3,TllSwRUjZS7yzZhs-rV4CQ
https://crworkspace.s3.ap-south-1.amazonaws.com/crdhs/private/2024/9/24/recording9839972812907904830.mp3,In8mh7TDIOen5ho09V2iog
https://crworkspace.s3.ap-south-1.amazonaws.com/crdhs/private/2024/9/24/recording489840114716159190.mp3,wijCpcE2EPc6eSknijA_xg
https://crworkspace.s3.ap-south-1.amazonaws.com/crdhs/private/2024/11/26/recording.mp3,-8AhiNg6tiGz8N7jiEqUFA
https://crworkspace.s3.ap-south-1.amazonaws.com/crdhs/private/2024/9/25/recording2042184367971263752.mp3,zuSDIkYKumR2Zv7aYNYAsw
https://crworkspace.s3.ap-south-1.amazonaws.com/crdhs/private/2024/11/26/recording.mp3,-8AhiNg6tiGz8N7jiEqUFA
https://crworkspace.s3.ap-south-1.amazonaws.com/crdhs/private/2024/9/26/recording12576683345724769075.mp3,k8Ut750fEGadPZI2uZt4sQ
https://crworkspace.s3.ap-south-1.amazonaws.com/crdhs/private/2024/11/26/recording.mp3,-8AhiNg6tiGz8N7jiEqUFA
https://crworkspace.s3.ap-south-1.amazonaws.com/crdhs/private/2024/9/26/recording13957277969215567104.mp3,69Y8y0oF0fTXGEW9XQS-JA
https://crworkspace.s3.ap-south-1.amazonaws.com/crdhs/private/2024/9/26/recording12940245744567705730.mp3,bz7yNhwdhT__3GZMj8qVVA
https://crworkspace.s3.ap-south-1.amazonaws.com/crdhs/private/2024/9/20/recording16109185866711780121.mp3,44H6DLjKBLYMxXB4GUMUoQ
https://crworkspace.s3.ap-south-1.amazonaws.com/crdhs/private/2024/9/20/recording15733443286247588118.mp3,7SxJ1o7nZa1hIqD46dvUfw
https://crworkspace.s3.ap-south-1.amazonaws.com/crdhs/private/2024/9/20/recording4890765767036807538.mp3,w-Ex1gAF6FBTXy61PEUSTw
https://crworkspace.s3.ap-south-1.amazonaws.com/crdhs/private/2024/9/21/recording382354832124433022.mp3,gTuASjvf8dj11o554OqKww
https://crworkspace.s3.ap-south-1.amazonaws.com/crdhs/private/2024/9/26/recording10868766426281810884.mp3,LodY05pHG7vV1hIjrpaa5w
https://crworkspace.s3.ap-south-1.amazonaws.com/crdhs/private/2024/9/25/recording9607170123689529256.mp3,fmnEbULAS0o4qCtzlb5prA
https://crworkspace.s3.ap-south-1.amazonaws.com/crdhs/private/2024/9/24/recording13153099724816380909.mp3,QW8j_oBitPj5IyEXdcPeBQ
https://crworkspace.s3.ap-south-1.amazonaws.com/crdhs/private/2024/9/21/recording15222429988747748981.mp3,S4ZBxDKuz9uQoacnIQ7G0g
https://crworkspace.s3.ap-south-1.amazonaws.com/crdhs/private/2024/9/24/recording10093408211542961450.mp3,EP4tHGoRScUuMoGhaXCoFg
https://crworkspace.s3.ap-south-1.amazonaws.com/crdhs/private/2024/9/26/recording12235766144456963779.mp3,qaef_KplwPIDlb7VI2v2LA
https://crworkspace.s3.ap-south-1.amazonaws.com/crdhs/private/2024/9/20/recording13472133063850489719.mp3,AcL5fCA3fJZ2-hMnchQSbQ
https://crworkspace.s3.ap-south-1.amazonaws.com/crdhs/private/2024/9/23/recording4936016762348331640.mp3,eQMhjilgStUtZaQzMnwySw
https://crworkspace.s3.ap-south-1.amazonaws.com/crdhs/private/2024/9/21/recording16105077879011194054.mp3,PtXZ1hbj_4XrWCmqH_JqLg
https://crworkspace.s3.ap-south-1.amazonaws.com/crdhs/private/2024/9/23/recording17364342670014708814.mp3,B-e2yt8gFcDkePOy-qG5OQ
https://crworkspace.s3.ap-south-1.amazonaws.com/crdhs/private/2024/9/20/recording5367883463356553249.mp3,pKlHE_pbN6DXjxl1l6DkMA
https://crworkspace.s3.ap-south-1.amazonaws.com/crdhs/private/2024/9/26/recording8783098030051887043.mp3,HvqM1M3wCS7TmzFX11qtNA
https://crworkspace.s3.ap-south-1.amazonaws.com/crdhs/private/2024/9/26/recording2444660690244345211.mp3,jkNCy6k1hfYR_nxnGyMqTQ
https://crworkspace.s3.ap-south-1.amazonaws.com/crdhs/private/2024/9/20/recording15586019490984642810.mp3,yZaDOlNeMOWpqzNPZZHDxA
https://crworkspace.s3.ap-south-1.amazonaws.com/crdhs/private/2024/9/20/recording11908776163164102391.mp3,VGFRQJiLK_5ganfo6YWN4A
https://crworkspace.s3.ap-south-1.amazonaws.com/crdhs/private/2024/9/21/recording13958542946107012565.mp3,58zCnLT9yZrbc1tpd9etJQ
https://crworkspace.s3.ap-south-1.amazonaws.com/crdhs/private/2024/9/21/recording6845006142799845656.mp3,yOReUBsz3zPql6J4F_NsFw
https://crworkspace.s3.ap-south-1.amazonaws.com/crdhs/private/2024/9/26/recording14820600468816557148.mp3,kGCMQvAEO-WhJUjaC8Wemg
https://crworkspace.s3.ap-south-1.amazonaws.com/crdhs/private/2024/9/20/recording16044354165763753336.mp3,rqGZIPy2P3_lSlXmYmUfFA
https://crworkspace.s3.ap-south-1.amazonaws.com/crdhs/private/2024/10/2/recording12836088089637330497.mp3,nmOiDIrOHcjcEv23bNX4JA
https://crworkspace.s3.ap-south-1.amazonaws.com/crdhs/private/2024/9/24/recording12579492570271217557.mp3,Io2j0nLTsVrKkarahapfoQ
https://crworkspace.s3.ap-south-1.amazonaws.com/crdhs/private/2024/9/24/recording4657552675539912721.mp3,Zhfjyn9GWsS1TFhH3HNNXQ
https://crworkspace.s3.ap-south-1.amazonaws.com/crdhs/private/2024/9/24/recording10673226242672667577.mp3,2teRgtDkq1pSYjJuNK4SZw
https://crworkspace.s3.ap-south-1.amazonaws.com/crdhs/private/2024/9/26/recording11755425836048150883.mp3,JAfffmI1q4ykNC1OznO36Q
https://crworkspace.s3.ap-south-1.amazonaws.com/crdhs/private/2024/9/24/recording5134792307816310489.mp3,ZyBRar2n0u5PqdBcvKXfEA
https://crworkspace.s3.ap-south-1.amazonaws.com/crdhs/private/2024/9/26/recording4981319351917175729.mp3,3-f8S64tS2w8lX6h2KDsLg
https://crworkspace.s3.ap-south-1.amazonaws.com/crdhs/private/2024/9/21/recording12130919087547259626.mp3,Zi0zJWrzyRuZD744AV2CNw
https://crworkspace.s3.ap-south-1.amazonaws.com/crdhs/private/2024/11/6/recording.mp3,--HarojsWojLTjUTow1RHA
https://crworkspace.s3.ap-south-1.amazonaws.com/crdhs/private/2024/11/26/recording.mp3,-8AhiNg6tiGz8N7jiEqUFA
https://crworkspace.s3.ap-south-1.amazonaws.com/crdhs/private/2024/9/26/recording13755391576468713601.mp3,o7oNNvji_pq5PQtfpSP4zg
https://crworkspace.s3.ap-south-1.amazonaws.com/crdhs/private/2024/9/23/recording16667228765030149587.mp3,axIs32PoByu7x7kiYo2J1A
https://crworkspace.s3.ap-south-1.amazonaws.com/crdhs/private/2024/9/23/recording6184227193907297206.mp3,5tuvxYztPWeCTfoO3gZUtQ
https://crworkspace.s3.ap-south-1.amazonaws.com/crdhs/private/2024/9/21/recording16177837729623449529.mp3,cBpsUJ10m_-E9kZsaESHlA
https://crworkspace.s3.ap-south-1.amazonaws.com/crdhs/private/2024/9/20/recording6488064715947882064.mp3,Bu9KodFvLI5H5a96VY62uw
https://crworkspace.s3.ap-south-1.amazonaws.com/crdhs/private/2024/9/20/recording16664860951444325036.mp3,7XAjzlp9RpTNUPf5n1JD0A
https://crworkspace.s3.ap-south-1.amazonaws.com/crdhs/private/2024/9/23/recording16028854743466578354.mp3,V9MfR0vyjHWb2iZBHN_CwQ
https://crworkspace.s3.ap-south-1.amazonaws.com/crdhs/private/2024/9/20/recording15053546303652197272.mp3,WluWxI74rkFxlE1YrZjgWw
https://crworkspace.s3.ap-south-1.amazonaws.com/crdhs/private/2024/9/20/recording9058407327991580219.mp3,X34ZFEWlb4mjyEJku-ecVA
https://crworkspace.s3.ap-south-1.amazonaws.com/crdhs/private/2024/9/20/recording11044535352416599487.mp3,KOCzbhQSxJ3vjTVO5AtA9Q
https://crworkspace.s3.ap-south-1.amazonaws.com/crdhs/private/2024/11/6/recording.mp3,--HarojsWojLTjUTow1RHA
https://crworkspace.s3.ap-south-1.amazonaws.com/crdhs/private/2024/9/24/recording9676286746473495076.mp3,APwbSoP7gk_ijofnMAYr5Q
https://crworkspace.s3.ap-south-1.amazonaws.com/crdhs/private/2024/9/24/recording9637188171586657218.mp3,2exOTOXxw84OGoVL6BKASQ
https://crworkspace.s3.ap-south-1.amazonaws.com/crdhs/private/2024/9/24/recording6379669157461020667.mp3,Hru1jGeXxe8IRWbrFlLXMQ
https://crworkspace.s3.ap-south-1.amazonaws.com/crdhs/private/2024/11/6/recording.mp3,--HarojsWojLTjUTow1RHA
https://crworkspace.s3.ap-south-1.amazonaws.com/crdhs/private/2024/11/6/recording.mp3,--HarojsWojLTjUTow1RHA
https://crworkspace.s3.ap-south-1.amazonaws.com/crdhs/private/2024/11/6/recording.mp3,--HarojsWojLTjUTow1RHA
https://crworkspace.s3.ap-south-1.amazonaws.com/crdhs/private/2024/11/21/recording.mp3,--CsMlwV1w_m0om101_Z1w
https://crworkspace.s3.ap-south-1.amazonaws.com/crdhs/private/2024/11/6/recording.mp3,--HarojsWojLTjUTow1RHA
https://crworkspace.s3.ap-south-1.amazonaws.com/crdhs/private/2024/11/6/recording.mp3,--HarojsWojLTjUTow1RHA
https://crworkspace.s3.ap-south-1.amazonaws.com/crdhs/private/2024/9/25/recording16675898315594234410.mp3,YYi3kMwk2tR8ehwFU5IhCA
https://crworkspace.s3.ap-south-1.amazonaws.com/crdhs/private/2024/11/6/recording.mp3,--HarojsWojLTjUTow1RHA
https://crworkspace.s3.ap-south-1.amazonaws.com/crdhs/private/2024/10/6/recording11990375398927970739.mp3,EMTcJUWNHDvvksgewa8Mnw
https://crworkspace.s3.ap-south-1.amazonaws.com/crdhs/private/2024/9/20/recording11078281004524696149.mp3,ANa7KBP2PNZumzw8CdxWDw
https://crworkspace.s3.ap-south-1.amazonaws.com/crdhs/private/2024/9/21/recording4650059524134838146.mp3,WGnFKe2j2FsT-LNYbNVJ-w
https://crworkspace.s3.ap-south-1.amazonaws.com/crdhs/private/2024/11/6/recording.mp3,--HarojsWojLTjUTow1RHA
https://crworkspace.s3.ap-south-1.amazonaws.com/crdhs/private/2024/9/21/recording16341761933488778340.mp3,gTzGAw6OT-hqJaTkNf-53g
https://crworkspace.s3.ap-south-1.amazonaws.com/crdhs/private/2024/9/21/recording5685689119229375698.mp3,vDwYVsn8yvm3Lea46eP4KQ
https://crworkspace.s3.ap-south-1.amazonaws.com/crdhs/private/2024/9/26/recording5424650966148477766.mp3,ita8n2w-eOwZ0Uj-zrAQ3Q
https://crworkspace.s3.ap-south-1.amazonaws.com/crdhs/private/2024/9/20/recording4888333636760805318.mp3,xxcDEvuFlT01ZCfiJ91Cdg
https://crworkspace.s3.ap-south-1.amazonaws.com/crdhs/private/2024/9/25/recording2115188022749283070.mp3,44W-BtmvioiCjuXlQZRStw
https://crworkspace.s3.ap-south-1.amazonaws.com/crdhs/private/2024/9/21/recording4161560051237962496.mp3,cT9ywhJA04LkY0Z4GANqdg
https://crworkspace.s3.ap-south-1.amazonaws.com/crdhs/private/2024/9/21/recording4879719325366266252.mp3,BlMaspN-x_TGravXO43OQg
https://crworkspace.s3.ap-south-1.amazonaws.com/crdhs/private/2024/9/20/recording13541221542828523146.mp3,I87hXll-pcBlfRpzorbz-g
https://crworkspace.s3.ap-south-1.amazonaws.com/crdhs/private/2024/9/23/recording11704775642682300838.mp3,dwaefIa3e5NTeLUOqDH1NQ
https://crworkspace.s3.ap-south-1.amazonaws.com/crdhs/private/2024/9/20/recording12487207255852259792.mp3,VChk2U1H_ghH3v_NAj4tyQ
https://crworkspace.s3.ap-south-1.amazonaws.com/crdhs/private/2024/9/23/recording8626783116035001375.mp3,-qfQdhAZY1e9v_FPErs6iQ
https://crworkspace.s3.ap-south-1.amazonaws.com/crdhs/private/2024/9/23/recording12681985044641756444.mp3,K-r4aLF3xMYFXgOcOBoUBA
https://crworkspace.s3.ap-south-1.amazonaws.com/crdhs/private/2024/9/20/recording12969168451396960442.mp3,-1mQKm6iTWm_AgXy3U8E_Q
https://crworkspace.s3.ap-south-1.amazonaws.com/crdhs/private/2024/9/24/recording14330931061929480480.mp3,7N-SdpHZHyZSqKAulq5UAQ
https://crworkspace.s3.ap-south-1.amazonaws.com/crdhs/private/2024/11/6/recording.mp3,--HarojsWojLTjUTow1RHA
https://crworkspace.s3.ap-south-1.amazonaws.com/crdhs/private/2024/10/6/recording11834908985579618812.mp3,SwVP1W9wQLL2ck1k3xWZ5A
https://crworkspace.s3.ap-south-1.amazonaws.com/crdhs/private/2024/10/7/recording5866416591494787494.mp3,4aBWKdFcG65S9ICRu68NMg
https://crworkspace.s3.ap-south-1.amazonaws.com/crdhs/private/2024/9/24/recording17144571252635389023.mp3,vVkf8kOERBVZD3K_LS9cWw
https://crworkspace.s3.ap-south-1.amazonaws.com/crdhs/private/2024/10/6/recording6826856646620558367.mp3,RrRQZojyebwfu3tVBAIYRQ
https://crworkspace.s3.ap-south-1.amazonaws.com/crdhs/private/2024/9/23/recording7108866673883018234.mp3,FYmTR1yMiPkH7zaZfcOETA
https://crworkspace.s3.ap-south-1.amazonaws.com/crdhs/private/2024/11/6/recording.mp3,--HarojsWojLTjUTow1RHA
https://crworkspace.s3.ap-south-1.amazonaws.com/crdhs/private/2024/9/27/recording5411864658229157243.mp3,lZb3CpQ0hobLH__ebQujxA
https://crworkspace.s3.ap-south-1.amazonaws.com/crdhs/private/2024/9/26/recording4308214805609953054.mp3,DJ3wX4sGZlcydNDy4H0StA
https://crworkspace.s3.ap-south-1.amazonaws.com/crdhs/private/2024/10/7/recording9143471140104624687.mp3,XzZFZ3nz9rmA4K23CMHgiA
https://crworkspace.s3.ap-south-1.amazonaws.com/crdhs/private/2024/9/26/recording4171883735442950054.mp3,4JkfTpEtcW6jzn29idxkZg
https://crworkspace.s3.ap-south-1.amazonaws.com/crdhs/private/2024/9/24/recording917903605637465032.mp3,DuKGXk_tA5rHMpz--y7daQ
https://crworkspace.s3.ap-south-1.amazonaws.com/crdhs/private/2024/10/7/recording10949711445039942666.mp3,BvdFfcN7jps44a_hvmJlBg
https://crworkspace.s3.ap-south-1.amazonaws.com/crdhs/private/2024/11/6/recording.mp3,--HarojsWojLTjUTow1RHA
https://crworkspace.s3.ap-south-1.amazonaws.com/crdhs/private/2024/10/7/recording6371906072852376441.mp3,7rtiGG80vfF7KGHO1JWNAw
https://crworkspace.s3.ap-south-1.amazonaws.com/crdhs/private/2024/11/6/recording.mp3,--HarojsWojLTjUTow1RHA
https://crworkspace.s3.ap-south-1.amazonaws.com/crdhs/private/2024/11/21/recording.mp3,--CsMlwV1w_m0om101_Z1w
https://crworkspace.s3.ap-south-1.amazonaws.com/crdhs/private/2024/11/21/recording.mp3,--CsMlwV1w_m0om101_Z1w
https://crworkspace.s3.ap-south-1.amazonaws.com/crdhs/private/2024/11/6/recording.mp3,--HarojsWojLTjUTow1RHA
https://crworkspace.s3.ap-south-1.amazonaws.com/crdhs/private/2024/11/6/recording.mp3,--HarojsWojLTjUTow1RHA
https://crworkspace.s3.ap-south-1.amazonaws.com/crdhs/private/2024/11/21/recording.mp3,--CsMlwV1w_m0om101_Z1w
https://crworkspace.s3.ap-south-1.amazonaws.com/crdhs/private/2024/11/21/recording.mp3,--CsMlwV1w_m0om101_Z1w
https://crworkspace.s3.ap-south-1.amazonaws.com/crdhs/private/2024/10/7/recording6346226788095398586.mp3,M541qNbUdScV4tCVg_qXuA
https://crworkspace.s3.ap-south-1.amazonaws.com/crdhs/private/2024/11/6/recording.mp3,--HarojsWojLTjUTow1RHA
https://crworkspace.s3.ap-south-1.amazonaws.com/crdhs/private/2024/11/6/recording.mp3,--HarojsWojLTjUTow1RHA
https://crworkspace.s3.ap-south-1.amazonaws.com/crdhs/private/2024/11/6/recording.mp3,--HarojsWojLTjUTow1RHA
https://crworkspace.s3.ap-south-1.amazonaws.com/crdhs/private/2024/10/6/recording7013728717643290261.mp3,vmjcNtJ8NMjc4QXdqzGLiA
https://crworkspace.s3.ap-south-1.amazonaws.com/crdhs/private/2024/10/7/recording5420074312303050322.mp3,OSEkYoa9IAj9GG3B-4Ug3w
https://crworkspace.s3.ap-south-1.amazonaws.com/crdhs/private/2024/9/24/recording13139173756657097723.mp3,ixO76F69jndbzYXeys63yQ
https://crworkspace.s3.ap-south-1.amazonaws.com/crdhs/private/2024/11/6/recording.mp3,--HarojsWojLTjUTow1RHA
https://crworkspace.s3.ap-south-1.amazonaws.com/crdhs/private/2024/9/23/recording14369428466443809463.mp3,8NE4F4KFZCxjFde9zr-nyQ
https://crworkspace.s3.ap-south-1.amazonaws.com/crdhs/private/2024/10/6/recording2812867920198051550.mp3,ELoEJIdUGdaJIg2wR9Ykew
https://crworkspace.s3.ap-south-1.amazonaws.com/crdhs/private/2024/11/6/recording.mp3,--HarojsWojLTjUTow1RHA
https://crworkspace.s3.ap-south-1.amazonaws.com/crdhs/private/2024/11/6/recording.mp3,--HarojsWojLTjUTow1RHA
https://crworkspace.s3.ap-south-1.amazonaws.com/crdhs/private/2024/10/7/recording12864582403977977872.mp3,nbrrmNDRTm2FgtFyzPbP7w
https://crworkspace.s3.ap-south-1.amazonaws.com/crdhs/private/2024/11/6/recording.mp3,--HarojsWojLTjUTow1RHA
https://crworkspace.s3.ap-south-1.amazonaws.com/crdhs/private/2024/11/6/recording.mp3,--HarojsWojLTjUTow1RHA
https://crworkspace.s3.ap-south-1.amazonaws.com/crdhs/private/2024/11/6/recording.mp3,--HarojsWojLTjUTow1RHA
https://crworkspace.s3.ap-south-1.amazonaws.com/crdhs/private/2024/9/23/recording15554564558328466492.mp3,avbMdg7UgKpVMtXJvk28Qg
https://crworkspace.s3.ap-south-1.amazonaws.com/crdhs/private/2024/10/7/recording10947127928641877077.mp3,vGahzxL6Mq2nzc5T_emcgQ
https://crworkspace.s3.ap-south-1.amazonaws.com/crdhs/private/2024/10/7/recording5836355715120990383.mp3,-O4auCqRb7CLSPpW0uebAA
https://crworkspace.s3.ap-south-1.amazonaws.com/crdhs/private/2024/10/7/recording6020080587997771612.mp3,hBZJFdg1KJhbP9pD5zAlBg
https://crworkspace.s3.ap-south-1.amazonaws.com/crdhs/private/2024/9/24/recording3938637493569963936.mp3,OUuq-hqaf6PRf9mcB-hwIQ
https://crworkspace.s3.ap-south-1.amazonaws.com/crdhs/private/2024/11/21/recording.mp3,--CsMlwV1w_m0om101_Z1w
https://crworkspace.s3.ap-south-1.amazonaws.com/crdhs/private/2024/10/6/recording5179618256554029312.mp3,G6b0fDbN6my74d7OeI56_w
https://crworkspace.s3.ap-south-1.amazonaws.com/crdhs/private/2024/11/6/recording.mp3,--HarojsWojLTjUTow1RHA
https://crworkspace.s3.ap-south-1.amazonaws.com/crdhs/private/2024/9/23/recording1681899387145116151.mp3,K-2HMfdNZQDZC2NwAC1pVQ
https://crworkspace.s3.ap-south-1.amazonaws.com/crdhs/private/2024/11/6/recording.mp3,--HarojsWojLTjUTow1RHA
https://crworkspace.s3.ap-south-1.amazonaws.com/crdhs/private/2024/9/23/recording4867801143367735483.mp3,hELRoNoUHsgFdWmOC_aEJQ
https://crworkspace.s3.ap-south-1.amazonaws.com/crdhs/private/2024/10/7/recording13902192083287262608.mp3,WvHZiGeg-7qLYIL8kxNJTg
https://crworkspace.s3.ap-south-1.amazonaws.com/crdhs/private/2024/9/23/recording599594078116413382.mp3,SLu-SSUpD3mAHO4uvQpyPg
https://crworkspace.s3.ap-south-1.amazonaws.com/crdhs/private/2024/9/23/recording17019756733231169573.mp3,LU6gkIfo4Jqa5SQ_5YnJTA
https://crworkspace.s3.ap-south-1.amazonaws.com/crdhs/private/2024/9/23/recording9514129446723036812.mp3,LA9PWDhlfNceJ5MnRTryfw
https://crworkspace.s3.ap-south-1.amazonaws.com/crdhs/private/2024/9/23/recording8678288647631154936.mp3,sBiyykm8QtP7-rrW4yO40w
https://crworkspace.s3.ap-south-1.amazonaws.com/crdhs/private/2024/9/23/recording16627763675054147457.mp3,5oTTNGQbmrJ1dC1f4qCFsQ
https://crworkspace.s3.ap-south-1.amazonaws.com/crdhs/private/2024/9/23/recording5968859746770704165.mp3,nmzu9L-y4O9Tf654cFYRCA
https://crworkspace.s3.ap-south-1.amazonaws.com/crdhs/private/2024/9/20/recording9408400692791510923.mp3,wFCdml_n_WAER_DTcwZseA
https://crworkspace.s3.ap-south-1.amazonaws.com/crdhs/private/2024/9/24/recording5876671556577295965.mp3,S7ZHb6bZ7WU27ZE77NfTog
https://crworkspace.s3.ap-south-1.amazonaws.com/crdhs/private/2024/9/27/recording11234787288956126774.mp3,gSzoXOketEl-DWAAYJdSkw
https://crworkspace.s3.ap-south-1.amazonaws.com/crdhs/private/2024/9/27/recording4476248217201642032.mp3,17N_28BxcdPFaRZNBatF0A
https://crworkspace.s3.ap-south-1.amazonaws.com/crdhs/private/2024/10/7/recording5290419558702121381.mp3,iw6T5xW0H78EAU57uX8JHA
https://crworkspace.s3.ap-south-1.amazonaws.com/crdhs/private/2024/10/7/recording18121850152780913715.mp3,VdLpsoYnddape12bkC8nVw
https://crworkspace.s3.ap-south-1.amazonaws.com/crdhs/private/2024/9/24/recording10561306222427263326.mp3,LMMDKyTpKGbo8KQ90iioZg
https://crworkspace.s3.ap-south-1.amazonaws.com/crdhs/private/2024/9/23/recording14958760216548162065.mp3,ha-1YLjiHDwUXIr-c9I3Pg
https://crworkspace.s3.ap-south-1.amazonaws.com/crdhs/private/2024/11/26/recording.mp3,-8AhiNg6tiGz8N7jiEqUFA
https://crworkspace.s3.ap-south-1.amazonaws.com/crdhs/private/2024/10/7/recording14160882765453103315.mp3,5rFds_WeYKfaSTC51DCXLw
https://crworkspace.s3.ap-south-1.amazonaws.com/crdhs/private/2024/9/26/recording2514218409585696482.mp3,7YJW3Kv10bI5xZU0fWPeBw
https://crworkspace.s3.ap-south-1.amazonaws.com/crdhs/private/2024/10/7/recording15305826685929155974.mp3,atfcL0JISaaYkqP2BIUdVw
https://crworkspace.s3.ap-south-1.amazonaws.com/crdhs/private/2024/11/26/recording.mp3,-8AhiNg6tiGz8N7jiEqUFA
https://crworkspace.s3.ap-south-1.amazonaws.com/crdhs/private/2024/11/6/recording.mp3,--HarojsWojLTjUTow1RHA
https://crworkspace.s3.ap-south-1.amazonaws.com/crdhs/private/2024/9/23/recording18319508365422923609.mp3,uvHCZPoTKIoneJsrkbojpw
https://crworkspace.s3.ap-south-1.amazonaws.com/crdhs/private/2024/11/6/recording.mp3,--HarojsWojLTjUTow1RHA
https://crworkspace.s3.ap-south-1.amazonaws.com/crdhs/private/2024/10/7/recording17099674019371037655.mp3,NCSPnBIHsT3oofdxBHzTAQ
https://crworkspace.s3.ap-south-1.amazonaws.com/crdhs/private/2024/11/6/recording.mp3,--HarojsWojLTjUTow1RHA
https://crworkspace.s3.ap-south-1.amazonaws.com/crdhs/private/2024/11/26/recording.mp3,-8AhiNg6tiGz8N7jiEqUFA
https://crworkspace.s3.ap-south-1.amazonaws.com/crdhs/private/2024/11/26/recording.mp3,-8AhiNg6tiGz8N7jiEqUFA
https://crworkspace.s3.ap-south-1.amazonaws.com/crdhs/private/2024/9/24/recording10697682990042700778.mp3,fbmuEhxc01HESWGOfg4kQA
https://crworkspace.s3.ap-south-1.amazonaws.com/crdhs/private/2024/11/6/recording.mp3,--HarojsWojLTjUTow1RHA
https://crworkspace.s3.ap-south-1.amazonaws.com/crdhs/private/2024/10/6/recording6450382606560512334.mp3,vSR368eedouxmjAnx19SWg
https://crworkspace.s3.ap-south-1.amazonaws.com/crdhs/private/2024/11/26/recording.mp3,-8AhiNg6tiGz8N7jiEqUFA
https://crworkspace.s3.ap-south-1.amazonaws.com/crdhs/private/2024/10/7/recording16806170940960339194.mp3,PySUiuvFqnniFir564uFtQ
https://crworkspace.s3.ap-south-1.amazonaws.com/crdhs/private/2024/10/6/recording8714817401246836080.mp3,q8KX1wBtgKAnCgL-HTGY7w
https://crworkspace.s3.ap-south-1.amazonaws.com/crdhs/private/2024/9/23/recording669892820063560926.mp3,jeNv878-TTncb4PxBDjIFA
https://crworkspace.s3.ap-south-1.amazonaws.com/crdhs/private/2024/10/6/recording11438792434510272563.mp3,sRFMO21yqc6Jp3h8cxA9xw
https://crworkspace.s3.ap-south-1.amazonaws.com/crdhs/private/2024/9/23/recording10310113743771337654.mp3,1Xd-D-BCoSn0_JqRGhmq1A
https://crworkspace.s3.ap-south-1.amazonaws.com/crdhs/private/2024/10/6/recording2904913710560597094.mp3,OlOytwt6134Vm9uk3A1Xsw
https://crworkspace.s3.ap-south-1.amazonaws.com/crdhs/private/2024/11/21/recording.mp3,--CsMlwV1w_m0om101_Z1w
https://crworkspace.s3.ap-south-1.amazonaws.com/crdhs/private/2024/9/23/recording386522182554430036.mp3,Dw2Lj2TYVUXUbrljfO5whA
https://crworkspace.s3.ap-south-1.amazonaws.com/crdhs/private/2024/9/26/recording8650343941427741205.mp3,NkpnGvZjxkI4AVilaesFBA
https://crworkspace.s3.ap-south-1.amazonaws.com/crdhs/private/2024/11/21/recording.mp3,--CsMlwV1w_m0om101_Z1w
https://crworkspace.s3.ap-south-1.amazonaws.com/crdhs/private/2024/9/23/recording5869307741203172074.mp3,nO6t84t3itRgMtatA7qHfA
https://crworkspace.s3.ap-south-1.amazonaws.com/crdhs/private/2024/9/24/recording11397620099647436962.mp3,ezL3xA83rp0SY3PSI1RzgQ
https://crworkspace.s3.ap-south-1.amazonaws.com/crdhs/private/2024/9/23/recording6832447980432448973.mp3,ixo_Im_K8gDhUBV97zqBeQ
https://crworkspace.s3.ap-south-1.amazonaws.com/crdhs/private/2024/10/6/recording17749892653469016348.mp3,VpgqQe9ph3JNYp616_oGew
https://crworkspace.s3.ap-south-1.amazonaws.com/crdhs/private/2024/11/6/recording.mp3,--HarojsWojLTjUTow1RHA
https://crworkspace.s3.ap-south-1.amazonaws.com/crdhs/private/2024/11/26/recording.mp3,-8AhiNg6tiGz8N7jiEqUFA
https://crworkspace.s3.ap-south-1.amazonaws.com/crdhs/private/2024/11/6/recording.mp3,--HarojsWojLTjUTow1RHA
https://crworkspace.s3.ap-south-1.amazonaws.com/crdhs/private/2024/9/23/recording7126512595823066295.mp3,0-7ipo0MG4g8mfJoxU-ZbQ
https://crworkspace.s3.ap-south-1.amazonaws.com/crdhs/private/2024/10/3/recording9887577651916093965.mp3,SgC1JCObUMFwPGO_pmNuFQ
https://crworkspace.s3.ap-south-1.amazonaws.com/crdhs/private/2024/9/24/recording14173694850448762531.mp3,9ej7rXLgjee710jwYnwYYw
https://crworkspace.s3.ap-south-1.amazonaws.com/crdhs/private/2024/10/6/recording5379228837199234186.mp3,F354w-C8ay3d1dD9c6huUg
https://crworkspace.s3.ap-south-1.amazonaws.com/crdhs/private/2024/11/21/recording.mp3,--CsMlwV1w_m0om101_Z1w
https://crworkspace.s3.ap-south-1.amazonaws.com/crdhs/private/2024/10/2/recording13444918104161998656.mp3,tDyTZYU4uLpR6eqMCsYv8Q
https://crworkspace.s3.ap-south-1.amazonaws.com/crdhs/private/2024/9/26/recording18237736560859968824.mp3,uwmFabeu1K0opkLHBPOL2A
https://crworkspace.s3.ap-south-1.amazonaws.com/crdhs/private/2024/9/23/recording3171228577583899939.mp3,2PtrzRM2L1d0KWcBoljQ9w
https://crworkspace.s3.ap-south-1.amazonaws.com/crdhs/private/2024/9/23/recording12609380573455051019.mp3,Jge92BGvZgh5d60xoDyOjg
https://crworkspace.s3.ap-south-1.amazonaws.com/crdhs/private/2024/9/24/recording1253377896904655603.mp3,UFhYIID6GYWyiXk_CISBaA
https://crworkspace.s3.ap-south-1.amazonaws.com/crdhs/private/2024/9/23/recording16785441347998940948.mp3,WOcdkVNITwlbXByHfba2LQ
https://crworkspace.s3.ap-south-1.amazonaws.com/crdhs/private/2024/9/24/recording9625085596473522830.mp3,89xt3ePaIC3ps-9Nsxu2lA
https://crworkspace.s3.ap-south-1.amazonaws.com/crdhs/private/2024/11/26/recording.mp3,-8AhiNg6tiGz8N7jiEqUFA
https://crworkspace.s3.ap-south-1.amazonaws.com/crdhs/private/2024/10/6/recording7399697239763362309.mp3,WpgChXRqvF0XL8QzXV5VpA
https://crworkspace.s3.ap-south-1.amazonaws.com/crdhs/private/2024/11/6/recording.mp3,--HarojsWojLTjUTow1RHA
https://crworkspace.s3.ap-south-1.amazonaws.com/crdhs/private/2024/9/24/recording15170223940453393773.mp3,VUKz_IsTpbHxO-zE6-3PXQ
https://crworkspace.s3.ap-south-1.amazonaws.com/crdhs/private/2024/9/26/recording299594497957198473.mp3,jtuqwxrFrYOjCL1H6zs-FA
https://crworkspace.s3.ap-south-1.amazonaws.com/crdhs/private/2024/9/26/recording15721232607758215792.mp3,OYH_-s696wMySYQy7RWtmA
https://crworkspace.s3.ap-south-1.amazonaws.com/crdhs/private/2024/9/25/recording14252766970861008998.mp3,ectTTIT0f62RFUvAksEI1w
https://crworkspace.s3.ap-south-1.amazonaws.com/crdhs/private/2024/9/24/recording16149604086935963862.mp3,LWHM5BGEucR1lrOzVy1F1g
https://crworkspace.s3.ap-south-1.amazonaws.com/crdhs/private/2024/10/7/recording11010424692794141927.mp3,bStvy3o2D_tBpYP-2t74zA
https://crworkspace.s3.ap-south-1.amazonaws.com/crdhs/private/2024/9/23/recording10063235643713887599.mp3,vnIFysjJH8RUkRrO0goCAw
https://crworkspace.s3.ap-south-1.amazonaws.com/crdhs/private/2024/10/3/recording12187215179237138589.mp3,Grr1KBiOCAnj1cxMpNgG1A
https://crworkspace.s3.ap-south-1.amazonaws.com/crdhs/private/2024/11/21/recording.mp3,--CsMlwV1w_m0om101_Z1w
https://crworkspace.s3.ap-south-1.amazonaws.com/crdhs/private/2024/9/24/recording2028861619576102276.mp3,_W73w9pROO1DKOeek9H4Iw
https://crworkspace.s3.ap-south-1.amazonaws.com/crdhs/private/2024/9/24/recording14695916242398163682.mp3,1pTe7LFofDEGCYoUiqg-Ow
https://crworkspace.s3.ap-south-1.amazonaws.com/crdhs/private/2024/9/24/recording1085870495889147459.mp3,k8Av-wCrnHid_JQjwyNxJA
https://crworkspace.s3.ap-south-1.amazonaws.com/crdhs/private/2024/9/20/recording245285785208448999.mp3,bll5Hr2lFuhwp2uCFICr6w
https://crworkspace.s3.ap-south-1.amazonaws.com/crdhs/private/2024/9/23/recording7816320914971196882.mp3,IzexJv2zjYnGXfJSTHSimg
https://crworkspace.s3.ap-south-1.amazonaws.com/crdhs/private/2024/9/23/recording17543692654720588424.mp3,HhXgiG-n5PnW6CW5XHxyng
https://crworkspace.s3.ap-south-1.amazonaws.com/crdhs/private/2024/9/25/recording17137916361272921160.mp3,e4iapO-ZbIin6GPGudXkug
https://crworkspace.s3.ap-south-1.amazonaws.com/crdhs/private/2024/11/26/recording.mp3,-8AhiNg6tiGz8N7jiEqUFA
https://crworkspace.s3.ap-south-1.amazonaws.com/crdhs/private/2024/9/23/recording1616382442092466262.mp3,u-EOUTAwbqVM__1e8EHkPA
https://crworkspace.s3.ap-south-1.amazonaws.com/crdhs/private/2024/9/20/recording12519670410261391237.mp3,aDy3dmNkI04E2yYCJaaskg
https://crworkspace.s3.ap-south-1.amazonaws.com/crdhs/private/2024/9/21/recording14091762941933084000.mp3,Wdn9CxN_pYvuI_FGSWkbww
https://crworkspace.s3.ap-south-1.amazonaws.com/crdhs/private/2024/9/26/recording10794875504331567025.mp3,GAJEU5YjuKhivE7W34iAWw
https://crworkspace.s3.ap-south-1.amazonaws.com/crdhs/private/2024/9/20/recording3854986465440420511.mp3,h9a7O0IX6AEzI3zeyGYHww
https://crworkspace.s3.ap-south-1.amazonaws.com/crdhs/private/2024/9/20/recording11809292213618558342.mp3,wuk2bribACHNmYDPQazOKA
https://crworkspace.s3.ap-south-1.amazonaws.com/crdhs/private/2024/9/20/recording7644282270714745984.mp3,8wwDnUrw7g-VTLNz_oRbCA
https://crworkspace.s3.ap-south-1.amazonaws.com/crdhs/private/2024/9/24/recording5691190400895525385.mp3,xywLHgHv57MDfCjyGTT-QQ
https://crworkspace.s3.ap-south-1.amazonaws.com/crdhs/private/2024/9/23/recording11008887029598055120.mp3,CwFy-oiwYRRJ2hYhC9dfTQ
https://crworkspace.s3.ap-south-1.amazonaws.com/crdhs/private/2024/9/20/recording4686256413504586439.mp3,joG_H3_C-KSCy4pU9FL_GA
https://crworkspace.s3.ap-south-1.amazonaws.com/crdhs/private/2024/9/20/recording16356835969200215398.mp3,DNiQu5ntoWJ_3k4idN8Yog
https://crworkspace.s3.ap-south-1.amazonaws.com/crdhs/private/2024/9/20/recording6111768412995773353.mp3,QEb9w_Bn3c9riu8iYV0kZw
https://crworkspace.s3.ap-south-1.amazonaws.com/crdhs/private/2024/9/20/recording15676558605869971538.mp3,Uin-0H-KBGul-iXDYPwN6A
https://crworkspace.s3.ap-south-1.amazonaws.com/crdhs/private/2024/9/21/recording10728824167993154735.mp3,p9I515HPdzfqWUsYeUtECA
https://crworkspace.s3.ap-south-1.amazonaws.com/crdhs/private/2024/9/21/recording11949841812019557820.mp3,Bo5MEO_cD6nGi8eeIJrJ-w
https://crworkspace.s3.ap-south-1.amazonaws.com/crdhs/private/2024/9/21/recording11552071751246528059.mp3,AhNYt_2SrkSzb3DqTC2oHQ
https://crworkspace.s3.ap-south-1.amazonaws.com/crdhs/private/2024/9/21/recording3476103624732364321.mp3,NFIxqLSFCetg221qIy4wtg
https://crworkspace.s3.ap-south-1.amazonaws.com/crdhs/private/2024/9/20/recording12094589721794518399.mp3,DNjgvIGlGRGgxTtL4KtEGw
https://crworkspace.s3.ap-south-1.amazonaws.com/crdhs/private/2024/9/23/recording6952389231899200024.mp3,UPUF8ySPuQjcbPLVfuJjAg
https://crworkspace.s3.ap-south-1.amazonaws.com/crdhs/private/2024/9/24/recording10522497321811180731.mp3,XFR_uq45PYlcxA2bWZHy3w
https://crworkspace.s3.ap-south-1.amazonaws.com/crdhs/private/2024/9/20/recording6976423745740703966.mp3,C6r4p4-pf2zWp6FITfWbyQ
https://crworkspace.s3.ap-south-1.amazonaws.com/crdhs/private/2024/9/24/recording17742054743662758313.mp3,zMf0vMxvR-dkYiQm0ikAsg
https://crworkspace.s3.ap-south-1.amazonaws.com/crdhs/private/2024/9/20/recording9616428778806384756.mp3,3EEVH2flEuuB1LJFJImpQQ
https://crworkspace.s3.ap-south-1.amazonaws.com/crdhs/private/2024/9/24/recording12373692291545746612.mp3,mrSr7Ydca3Ky348W5cIg4w
https://crworkspace.s3.ap-south-1.amazonaws.com/crdhs/private/2024/9/24/recording18003101522055533733.mp3,Txqx5hl3XnEZW__KiWLCuQ
https://crworkspace.s3.ap-south-1.amazonaws.com/crdhs/private/2024/9/24/recording3498327737062054922.mp3,Fzse7o1OkTN2vnQOGjs1ZQ
https://crworkspace.s3.ap-south-1.amazonaws.com/crdhs/private/2024/9/20/recording14015099680703170929.mp3,wxR6g7KOkInuRvw9wgMt5w
https://crworkspace.s3.ap-south-1.amazonaws.com/crdhs/private/2024/9/20/recording7818623997412932057.mp3,ZICDKlknRh4w31aAgK5_lg
https://crworkspace.s3.ap-south-1.amazonaws.com/crdhs/private/2024/9/26/recording2714656996716691941.mp3,roehaiLR8d1jMldekScnIQ
https://crworkspace.s3.ap-south-1.amazonaws.com/crdhs/private/2024/9/20/recording12165263058014981397.mp3,HSVfMlbulq4a7JWGtfQSbQ
https://crworkspace.s3.ap-south-1.amazonaws.com/crdhs/private/2024/9/20/recording12806429127394328796.mp3,U0y8JQQJU7VFMvSTvsdSAA
https://crworkspace.s3.ap-south-1.amazonaws.com/crdhs/private/2024/9/21/recording9446953474760682460.mp3,Gb-rM68feLU3lrPZcNpx6A
https://crworkspace.s3.ap-south-1.amazonaws.com/crdhs/private/2024/9/20/recording640954642359767696.mp3,6S3xzvS3j6i2ENOKOJ9roQ
https://crworkspace.s3.ap-south-1.amazonaws.com/crdhs/private/2024/9/26/recording4351776705906857654.mp3,Ox4eqfihJ0uOMvUuVqVSeA
https://crworkspace.s3.ap-south-1.amazonaws.com/crdhs/private/2024/9/26/recording5759243440644472409.mp3,KjxSy4CBNIIxCfQ6Qr_Q6g
https://crworkspace.s3.ap-south-1.amazonaws.com/crdhs/private/2024/9/20/recording13965990204971538052.mp3,lkoF-w9fEz030L4eBS9PZA
https://crworkspace.s3.ap-south-1.amazonaws.com/crdhs/private/2024/9/20/recording7433333748843504523.mp3,evFxQRLB8TeEDKtQNrztqA
https://crworkspace.s3.ap-south-1.amazonaws.com/crdhs/private/2024/9/26/recording13738312258733925119.mp3,UPHV3WD5oPaZ0V90j1Qm2Q
https://crworkspace.s3.ap-south-1.amazonaws.com/crdhs/private/2024/9/26/recording12950758116449506588.mp3,PVE7qzEPjAwHZbR0nnVdSA
https://crworkspace.s3.ap-south-1.amazonaws.com/crdhs/private/2024/9/20/recording8989743551987133841.mp3,GO5-qT3-LmWu_WehxW1pWw
https://crworkspace.s3.ap-south-1.amazonaws.com/crdhs/private/2024/9/20/recording2937800803518227263.mp3,LCccKgmtObfEqSh11hUvCQ
https://crworkspace.s3.ap-south-1.amazonaws.com/crdhs/private/2024/11/21/recording.mp3,--CsMlwV1w_m0om101_Z1w
https://crworkspace.s3.ap-south-1.amazonaws.com/crdhs/private/2024/11/6/recording.mp3,--HarojsWojLTjUTow1RHA
https://crworkspace.s3.ap-south-1.amazonaws.com/crdhs/private/2024/11/6/recording.mp3,--HarojsWojLTjUTow1RHA
https://crworkspace.s3.ap-south-1.amazonaws.com/crdhs/private/2024/9/23/recording1193630674526179515.mp3,R-tZ83-BmStbb66JstTbEA
https://crworkspace.s3.ap-south-1.amazonaws.com/crdhs/private/2024/11/6/recording.mp3,--HarojsWojLTjUTow1RHA
https://crworkspace.s3.ap-south-1.amazonaws.com/crdhs/private/2024/9/23/recording17694164224346133807.mp3,OVTzzv6XtSet7rcx5lnktQ
https://crworkspace.s3.ap-south-1.amazonaws.com/crdhs/private/2024/10/2/recording4383992334874256957.mp3,EEPQfOooo3X-nBmD_id5yA
https://crworkspace.s3.ap-south-1.amazonaws.com/crdhs/private/2024/11/26/recording.mp3,-8AhiNg6tiGz8N7jiEqUFA
https://crworkspace.s3.ap-south-1.amazonaws.com/crdhs/private/2024/9/23/recording10322388084887633160.mp3,d7KkjnjpMQYyavA2fiYAFg
https://crworkspace.s3.ap-south-1.amazonaws.com/crdhs/private/2024/10/7/recording2215307485067073339.mp3,0VWvXfrRiuivilfb4UMAYA
https://crworkspace.s3.ap-south-1.amazonaws.com/crdhs/private/2024/9/24/recording2314746135734783000.mp3,qnRezDv6nSt6bYNexkkOoQ
https://crworkspace.s3.ap-south-1.amazonaws.com/crdhs/private/2024/11/6/recording.mp3,--HarojsWojLTjUTow1RHA
https://crworkspace.s3.ap-south-1.amazonaws.com/crdhs/private/2024/11/6/recording.mp3,--HarojsWojLTjUTow1RHA
https://crworkspace.s3.ap-south-1.amazonaws.com/crdhs/private/2024/11/6/recording.mp3,--HarojsWojLTjUTow1RHA
https://crworkspace.s3.ap-south-1.amazonaws.com/crdhs/private/2024/9/26/recording715347662116590334.mp3,65pkn08GthlheqJbilC31A
https://crworkspace.s3.ap-south-1.amazonaws.com/crdhs/private/2024/9/23/recording13412403422877467470.mp3,TRi0bsBEbOkomO1Hzk6-Bg
https://crworkspace.s3.ap-south-1.amazonaws.com/crdhs/private/2024/11/26/recording.mp3,-8AhiNg6tiGz8N7jiEqUFA
https://crworkspace.s3.ap-south-1.amazonaws.com/crdhs/private/2024/9/24/recording15013595722834863459.mp3,5PgM6y2cN-yNno0UaFYZCw
https://crworkspace.s3.ap-south-1.amazonaws.com/crdhs/private/2024/11/6/recording.mp3,--HarojsWojLTjUTow1RHA
https://crworkspace.s3.ap-south-1.amazonaws.com/crdhs/private/2024/11/6/recording.mp3,--HarojsWojLTjUTow1RHA
https://crworkspace.s3.ap-south-1.amazonaws.com/crdhs/private/2024/11/6/recording.mp3,--HarojsWojLTjUTow1RHA
https://crworkspace.s3.ap-south-1.amazonaws.com/crdhs/private/2024/9/24/recording11927521862979661622.mp3,hckY6eo1RYi4sy8Br0SxWA
https://crworkspace.s3.ap-south-1.amazonaws.com/crdhs/private/2024/11/26/recording.mp3,-8AhiNg6tiGz8N7jiEqUFA
https://crworkspace.s3.ap-south-1.amazonaws.com/crdhs/private/2024/9/20/recording8712397234293171842.mp3,jb9jRGFV6KxLFDJzda2BNQ
https://crworkspace.s3.ap-south-1.amazonaws.com/crdhs/private/2024/9/21/recording3554112101776148234.mp3,vuYroLKuOqoBje8Gst_DpA
https://crworkspace.s3.ap-south-1.amazonaws.com/crdhs/private/2024/11/21/recording.mp3,--CsMlwV1w_m0om101_Z1w
https://crworkspace.s3.ap-south-1.amazonaws.com/crdhs/private/2024/10/7/recording9467278088121080896.mp3,sepYE26eKWz-dcvOzpeYBQ
https://crworkspace.s3.ap-south-1.amazonaws.com/crdhs/private/2024/11/6/recording.mp3,--HarojsWojLTjUTow1RHA
https://crworkspace.s3.ap-south-1.amazonaws.com/crdhs/private/2024/9/27/recording846928879976569684.mp3,jjkYlr0XkfE-n8vyFJ5TMw
https://crworkspace.s3.ap-south-1.amazonaws.com/crdhs/private/2024/11/6/recording.mp3,--HarojsWojLTjUTow1RHA
https://crworkspace.s3.ap-south-1.amazonaws.com/crdhs/private/2024/9/27/recording8714468909187332592.mp3,NnfEZzvQWTXriWhyUMGxuA
https://crworkspace.s3.ap-south-1.amazonaws.com/crdhs/private/2024/11/6/recording.mp3,--HarojsWojLTjUTow1RHA
https://crworkspace.s3.ap-south-1.amazonaws.com/crdhs/private/2024/11/21/recording.mp3,--CsMlwV1w_m0om101_Z1w
https://crworkspace.s3.ap-south-1.amazonaws.com/crdhs/private/2024/9/23/recording1142333716471571316.mp3,4a2cnJz9YqiDMFh1d9xdSA
https://crworkspace.s3.ap-south-1.amazonaws.com/crdhs/private/2024/11/26/recording.mp3,-8AhiNg6tiGz8N7jiEqUFA
https://crworkspace.s3.ap-south-1.amazonaws.com/crdhs/private/2024/11/6/recording.mp3,--HarojsWojLTjUTow1RHA
https://crworkspace.s3.ap-south-1.amazonaws.com/crdhs/private/2024/11/6/recording.mp3,--HarojsWojLTjUTow1RHA
https://crworkspace.s3.ap-south-1.amazonaws.com/crdhs/private/2024/10/7/recording12739027717686876790.mp3,gl3EA_B8GIYo_mLdhhebJQ
https://crworkspace.s3.ap-south-1.amazonaws.com/crdhs/private/2024/11/21/recording.mp3,--CsMlwV1w_m0om101_Z1w
https://crworkspace.s3.ap-south-1.amazonaws.com/crdhs/private/2024/11/6/recording.mp3,--HarojsWojLTjUTow1RHA
https://crworkspace.s3.ap-south-1.amazonaws.com/crdhs/private/2024/11/6/recording.mp3,--HarojsWojLTjUTow1RHA
https://crworkspace.s3.ap-south-1.amazonaws.com/crdhs/private/2024/11/6/recording.mp3,--HarojsWojLTjUTow1RHA
https://crworkspace.s3.ap-south-1.amazonaws.com/crdhs/private/2024/11/6/recording.mp3,--HarojsWojLTjUTow1RHA
https://crworkspace.s3.ap-south-1.amazonaws.com/crdhs/private/2024/9/24/recording3689985431163612699.mp3,9wOY37NY2z5MPhNJ17Iixg
https://crworkspace.s3.ap-south-1.amazonaws.com/crdhs/private/2024/9/25/recording3019711178326563483.mp3,6bibukdx-DTlg15WnjnUiQ
https://crworkspace.s3.ap-south-1.amazonaws.com/crdhs/private/2024/11/6/recording.mp3,--HarojsWojLTjUTow1RHA
https://crworkspace.s3.ap-south-1.amazonaws.com/crdhs/private/2024/11/6/recording.mp3,--HarojsWojLTjUTow1RHA
https://crworkspace.s3.ap-south-1.amazonaws.com/crdhs/private/2024/11/26/recording.mp3,-8AhiNg6tiGz8N7jiEqUFA
https://crworkspace.s3.ap-south-1.amazonaws.com/crdhs/private/2024/9/20/recording6252000566664400539.mp3,-TM-njVFlFouWjMZZ4lqkA
https://crworkspace.s3.ap-south-1.amazonaws.com/crdhs/private/2024/9/23/recording17233633299956944862.mp3,qFMSff7ZmJ5pYql1KufqYg
https://crworkspace.s3.ap-south-1.amazonaws.com/crdhs/private/2024/9/20/recording3539137011427145998.mp3,7X4rIGo71FVKoA_BZkNkMw
https://crworkspace.s3.ap-south-1.amazonaws.com/crdhs/private/2024/11/21/recording.mp3,--CsMlwV1w_m0om101_Z1w
https://crworkspace.s3.ap-south-1.amazonaws.com/crdhs/private/2024/11/21/recording.mp3,--CsMlwV1w_m0om101_Z1w
https://crworkspace.s3.ap-south-1.amazonaws.com/crdhs/private/2024/11/6/recording.mp3,--HarojsWojLTjUTow1RHA
https://crworkspace.s3.ap-south-1.amazonaws.com/crdhs/private/2024/9/21/recording8184437088733098563.mp3,f1X4hTEtaTvpCJrfBU6x3A
https://crworkspace.s3.ap-south-1.amazonaws.com/crdhs/private/2024/12/26/recording.mp3,-6BgZm0BN_-bD11uZkFMRA
https://crworkspace.s3.ap-south-1.amazonaws.com/crdhs/private/2024/9/23/recording998024920633054573.mp3,9w-t-kZBu0pByu4mkwjprA
https://crworkspace.s3.ap-south-1.amazonaws.com/crdhs/private/2024/9/23/recording11511032729662697025.mp3,1Eu7CRjsl2B5VcmMmatPqA
https://crworkspace.s3.ap-south-1.amazonaws.com/crdhs/private/2024/11/21/recording.mp3,--CsMlwV1w_m0om101_Z1w
https://crworkspace.s3.ap-south-1.amazonaws.com/crdhs/private/2024/11/26/recording.mp3,-8AhiNg6tiGz8N7jiEqUFA
https://crworkspace.s3.ap-south-1.amazonaws.com/crdhs/private/2024/11/26/recording.mp3,-8AhiNg6tiGz8N7jiEqUFA
https://crworkspace.s3.ap-south-1.amazonaws.com/crdhs/private/2024/10/7/recording8747939185341336360.mp3,yuPh8hQ9gm9REfItP7GPyA
https://crworkspace.s3.ap-south-1.amazonaws.com/crdhs/private/2024/11/26/recording.mp3,-8AhiNg6tiGz8N7jiEqUFA
https://crworkspace.s3.ap-south-1.amazonaws.com/crdhs/private/2024/11/6/recording.mp3,--HarojsWojLTjUTow1RHA
https://crworkspace.s3.ap-south-1.amazonaws.com/crdhs/private/2024/11/26/recording.mp3,-8AhiNg6tiGz8N7jiEqUFA
https://crworkspace.s3.ap-south-1.amazonaws.com/crdhs/private/2024/9/24/recording12547226211638021921.mp3,108PwRT1Ejq_t5yMfTKTIw
https://crworkspace.s3.ap-south-1.amazonaws.com/crdhs/private/2024/11/26/recording.mp3,-8AhiNg6tiGz8N7jiEqUFA
https://crworkspace.s3.ap-south-1.amazonaws.com/crdhs/private/2024/9/24/recording6178725405386065074.mp3,6U52eQeyh5Shi01gITWeMQ
https://crworkspace.s3.ap-south-1.amazonaws.com/crdhs/private/2024/9/25/recording5666785967323331016.mp3,nLP_86dZVAs9dezDe-sbUA
https://crworkspace.s3.ap-south-1.amazonaws.com/crdhs/private/2024/11/6/recording.mp3,--HarojsWojLTjUTow1RHA
https://crworkspace.s3.ap-south-1.amazonaws.com/crdhs/private/2024/11/26/recording.mp3,-8AhiNg6tiGz8N7jiEqUFA
https://crworkspace.s3.ap-south-1.amazonaws.com/crdhs/private/2024/11/26/recording.mp3,-8AhiNg6tiGz8N7jiEqUFA
https://crworkspace.s3.ap-south-1.amazonaws.com/crdhs/private/2024/11/21/recording.mp3,--CsMlwV1w_m0om101_Z1w
https://crworkspace.s3.ap-south-1.amazonaws.com/crdhs/private/2024/9/27/recording11347582589796156922.mp3,5GQLOm-CfOlcGuQ4C2nXLg
https://crworkspace.s3.ap-south-1.amazonaws.com/crdhs/private/2024/9/23/recording10946014642724784170.mp3,HhSFiKoozcG0WFWl1v4pDg
https://crworkspace.s3.ap-south-1.amazonaws.com/crdhs/private/2024/11/21/recording.mp3,--CsMlwV1w_m0om101_Z1w
https://crworkspace.s3.ap-south-1.amazonaws.com/crdhs/private/2024/11/6/recording.mp3,--HarojsWojLTjUTow1RHA
https://crworkspace.s3.ap-south-1.amazonaws.com/crdhs/private/2024/9/24/recording9780108995566801861.mp3,HO4ohYUlkIeHWK6TvNq4gA
https://crworkspace.s3.ap-south-1.amazonaws.com/crdhs/private/2024/11/6/recording.mp3,--HarojsWojLTjUTow1RHA
https://crworkspace.s3.ap-south-1.amazonaws.com/crdhs/private/2024/9/23/recording9805923104310162083.mp3,23J5jWpJ1FNfR3mkYI1RYA
https://crworkspace.s3.ap-south-1.amazonaws.com/crdhs/private/2024/11/6/recording.mp3,--HarojsWojLTjUTow1RHA
https://crworkspace.s3.ap-south-1.amazonaws.com/crdhs/private/2024/9/21/recording16011557920176900357.mp3,oEatTgLAyLs920WNQaIPXA
https://crworkspace.s3.ap-south-1.amazonaws.com/crdhs/private/2024/9/21/recording14414569894198517826.mp3,KAThyoE1Sh2zpATaMeArng
https://crworkspace.s3.ap-south-1.amazonaws.com/crdhs/private/2024/11/6/recording.mp3,--HarojsWojLTjUTow1RHA
https://crworkspace.s3.ap-south-1.amazonaws.com/crdhs/private/2024/11/6/recording.mp3,--HarojsWojLTjUTow1RHA
https://crworkspace.s3.ap-south-1.amazonaws.com/crdhs/private/2024/11/6/recording.mp3,--HarojsWojLTjUTow1RHA
https://crworkspace.s3.ap-south-1.amazonaws.com/crdhs/private/2024/11/6/recording.mp3,--HarojsWojLTjUTow1RHA
https://crworkspace.s3.ap-south-1.amazonaws.com/crdhs/private/2024/10/6/recording10342495972250697212.mp3,7oIsebQ5WZ7XZZoCyLv-4w
https://crworkspace.s3.ap-south-1.amazonaws.com/crdhs/private/2024/9/20/recording8882547358796315921.mp3,noMkLDWhwa9bqMmjvBmggQ
https://crworkspace.s3.ap-south-1.amazonaws.com/crdhs/private/2024/9/21/recording7304838621117526716.mp3,l8CIM2sZJ35UdkV4pIhehg
https://crworkspace.s3.ap-south-1.amazonaws.com/crdhs/private/2024/11/26/recording.mp3,-8AhiNg6tiGz8N7jiEqUFA
https://crworkspace.s3.ap-south-1.amazonaws.com/crdhs/private/2024/11/6/recording.mp3,--HarojsWojLTjUTow1RHA
https://crworkspace.s3.ap-south-1.amazonaws.com/crdhs/private/2024/9/23/recording86556852784687689.mp3,ZyofcqgqxjPWUavzXIlarg
https://crworkspace.s3.ap-south-1.amazonaws.com/crdhs/private/2024/9/23/recording2721051306866956685.mp3,2LGCmvHW9Rs3H2DT0Eg8Kg
https://crworkspace.s3.ap-south-1.amazonaws.com/crdhs/private/2024/9/21/recording1761903609310496068.mp3,cKRaH5Bez4JVvn4QDSEIOw
https://crworkspace.s3.ap-south-1.amazonaws.com/crdhs/private/2024/11/26/recording.mp3,-8AhiNg6tiGz8N7jiEqUFA
https://crworkspace.s3.ap-south-1.amazonaws.com/crdhs/private/2024/11/6/recording.mp3,--HarojsWojLTjUTow1RHA
https://crworkspace.s3.ap-south-1.amazonaws.com/crdhs/private/2024/9/20/recording17089377579685493818.mp3,Awi61C-xhlqA4my59yfxXQ
https://crworkspace.s3.ap-south-1.amazonaws.com/crdhs/private/2024/9/20/recording4064857453608382877.mp3,kqdUJlwIIy0H75-4pVWWvw
https://crworkspace.s3.ap-south-1.amazonaws.com/crdhs/private/2024/9/23/recording10175087315049608626.mp3,svpj2tN5YUL-sB3fdj61Yw
https://crworkspace.s3.ap-south-1.amazonaws.com/crdhs/private/2024/9/23/recording6464809644992634303.mp3,YDUWOC3Ff1-u7IJEXNVwlA
https://crworkspace.s3.ap-south-1.amazonaws.com/crdhs/private/2024/11/6/recording.mp3,--HarojsWojLTjUTow1RHA
https://crworkspace.s3.ap-south-1.amazonaws.com/crdhs/private/2024/9/24/recording15304480161882947649.mp3,PnSnfl0aaReqMQwS1FTa9A
https://crworkspace.s3.ap-south-1.amazonaws.com/crdhs/private/2024/11/6/recording.mp3,--HarojsWojLTjUTow1RHA
https://crworkspace.s3.ap-south-1.amazonaws.com/crdhs/private/2024/9/21/recording15191099991910371686.mp3,LUvRhfndw79S4cjKmRDKzQ
https://crworkspace.s3.ap-south-1.amazonaws.com/crdhs/private/2024/11/6/recording.mp3,--HarojsWojLTjUTow1RHA
https://crworkspace.s3.ap-south-1.amazonaws.com/crdhs/private/2024/9/20/recording3557235094270030560.mp3,xnQ2NSM9dmdSF7NEi1EWGg
https://crworkspace.s3.ap-south-1.amazonaws.com/crdhs/private/2024/9/23/recording7089268282062436112.mp3,ceo7C0NeUKO7cXP6fH3PfQ
https://crworkspace.s3.ap-south-1.amazonaws.com/crdhs/private/2024/9/23/recording10547351186755733851.mp3,gOKSkvjSF15pEOxX0TZOzw
https://crworkspace.s3.ap-south-1.amazonaws.com/crdhs/private/2024/9/23/recording16868378870724630031.mp3,CoGM8FMKtpBxHaWyHthLTw
https://crworkspace.s3.ap-south-1.amazonaws.com/crdhs/private/2024/9/23/recording2849959772722345245.mp3,lVztPxiRRy4q9nQE815JlA
https://crworkspace.s3.ap-south-1.amazonaws.com/crdhs/private/2024/9/21/recording1945588386864186887.mp3,OH-5_R6pBYi_JK-nPaAyIg
https://crworkspace.s3.ap-south-1.amazonaws.com/crdhs/private/2024/11/6/recording.mp3,--HarojsWojLTjUTow1RHA
https://crworkspace.s3.ap-south-1.amazonaws.com/crdhs/private/2024/9/23/recording1663985339935830557.mp3,hXgemfFaSjg4_0lEOQ6-ig
https://crworkspace.s3.ap-south-1.amazonaws.com/crdhs/private/2024/9/24/recording3207517236205094905.mp3,DLKzvKyajjtDqRYz9LcxDQ
https://crworkspace.s3.ap-south-1.amazonaws.com/crdhs/private/2024/9/24/recording17681979789678243246.mp3,XbNJKaB-oPsqKBJgztCZPA
https://crworkspace.s3.ap-south-1.amazonaws.com/crdhs/private/2024/11/6/recording.mp3,--HarojsWojLTjUTow1RHA
https://crworkspace.s3.ap-south-1.amazonaws.com/crdhs/private/2024/9/23/recording12434327630873382632.mp3,CgXkSjuP7xl4oWAyb_09Aw
https://crworkspace.s3.ap-south-1.amazonaws.com/crdhs/private/2024/9/20/recording10030102309411038353.mp3,7pnDjljT4LibdxTfZHe4TA
https://crworkspace.s3.ap-south-1.amazonaws.com/crdhs/private/2024/9/21/recording14274964081371719065.mp3,wwjsTYpnYLMrF_-v7jACeQ
https://crworkspace.s3.ap-south-1.amazonaws.com/crdhs/private/2024/9/24/recording8593980301588805658.mp3,MGvztuRMivSLxSUVpsk_GQ
https://crworkspace.s3.ap-south-1.amazonaws.com/crdhs/private/2024/9/20/recording5905431880166145733.mp3,_eBnyEoyZYAk8beR6v87IQ
https://crworkspace.s3.ap-south-1.amazonaws.com/crdhs/private/2024/9/23/recording1325464274249783079.mp3,BB5N2hp3u4c-9Ur96o4Bag
https://crworkspace.s3.ap-south-1.amazonaws.com/crdhs/private/2024/9/20/recording6532810864006326322.mp3,mPm8qo-smyVs6TPs4pFyLA
https://crworkspace.s3.ap-south-1.amazonaws.com/crdhs/private/2024/9/20/recording6699125013285553752.mp3,m2TJ_avP3NUSeWd_xPhZmQ
https://crworkspace.s3.ap-south-1.amazonaws.com/crdhs/private/2024/9/20/recording11056479736472456747.mp3,hmRBz_N2ZnygqBehv0LrsQ
https://crworkspace.s3.ap-south-1.amazonaws.com/crdhs/private/2024/9/23/recording15908395775980638691.mp3,c45TSvSyrus5w1l3TakWDQ
https://crworkspace.s3.ap-south-1.amazonaws.com/crdhs/private/2024/9/20/recording6707905189132976456.mp3,p2yFq8HH1WJqt0okXs63AQ
https://crworkspace.s3.ap-south-1.amazonaws.com/crdhs/private/2024/10/6/recording1607552900659068080.mp3,360Rdx_iat3pL3oQiyMCWQ
https://crworkspace.s3.ap-south-1.amazonaws.com/crdhs/private/2024/9/20/recording6406859864793672236.mp3,EgAXWPDT00FBOcjXV1-vWA
https://crworkspace.s3.ap-south-1.amazonaws.com/crdhs/private/2024/9/27/recording16659519060128562557.mp3,zw5qqbXXI3K1u0fIlHYy1Q
https://crworkspace.s3.ap-south-1.amazonaws.com/crdhs/private/2024/9/24/recording1065335783134877852.mp3,YaaURj9B_d8YSoOtHESjgA
https://crworkspace.s3.ap-south-1.amazonaws.com/crdhs/private/2024/9/24/recording186359370655721674.mp3,2hNW9dCy07lNb1W7WXVvEQ
https://crworkspace.s3.ap-south-1.amazonaws.com/crdhs/private/2024/9/24/recording6054755043221123589.mp3,feWD1ebaG0pQ8WPrAhoCsQ
https://crworkspace.s3.ap-south-1.amazonaws.com/crdhs/private/2024/11/6/recording.mp3,--HarojsWojLTjUTow1RHA
https://crworkspace.s3.ap-south-1.amazonaws.com/crdhs/private/2024/11/6/recording.mp3,--HarojsWojLTjUTow1RHA
https://crworkspace.s3.ap-south-1.amazonaws.com/crdhs/private/2024/9/20/recording3497255824522636633.mp3,IyE5pVuR9kYrc_6zoEvQLA
https://crworkspace.s3.ap-south-1.amazonaws.com/crdhs/private/2024/9/21/recording5262860633960770425.mp3,-uQD9RYnVMceedciRl9L9Q
https://crworkspace.s3.ap-south-1.amazonaws.com/crdhs/private/2024/9/20/recording8552342838389989888.mp3,sOagm4nQJvJygmyjvYAIfQ
https://crworkspace.s3.ap-south-1.amazonaws.com/crdhs/private/2024/9/20/recording3867103016993514872.mp3,GO0kIBdPasxmMskoTAJGig
https://crworkspace.s3.ap-south-1.amazonaws.com/crdhs/private/2024/9/23/recording3628301614402997804.mp3,k24WeUrUemLFmTKOy9l8Zg
https://crworkspace.s3.ap-south-1.amazonaws.com/crdhs/private/2024/9/20/recording9945926931627061324.mp3,rE6PdGlfs2hUVh7LfZKjig
https://crworkspace.s3.ap-south-1.amazonaws.com/crdhs/private/2024/9/21/recording4429005285873587144.mp3,L0PWe3BIU_lpRSjNlmW_bg
https://crworkspace.s3.ap-south-1.amazonaws.com/crdhs/private/2024/9/25/recording10978162267203033315.mp3,aaAMEU7OC-YoLrZG_kk0Zw
https://crworkspace.s3.ap-south-1.amazonaws.com/crdhs/private/2024/11/26/recording.mp3,-8AhiNg6tiGz8N7jiEqUFA
https://crworkspace.s3.ap-south-1.amazonaws.com/crdhs/private/2024/9/23/recording5003684552791214410.mp3,z-vcdnmBVG5MzROZRbOq3A
https://crworkspace.s3.ap-south-1.amazonaws.com/crdhs/private/2024/9/25/recording103384670760661504.mp3,ZpoxmO4gnQBLTW4h1f-QmA
https://crworkspace.s3.ap-south-1.amazonaws.com/crdhs/private/2024/11/6/recording.mp3,--HarojsWojLTjUTow1RHA
https://crworkspace.s3.ap-south-1.amazonaws.com/crdhs/private/2024/9/24/recording10447309613085359299.mp3,2Ls4pNwaKzOSsh65aHTM1g
https://crworkspace.s3.ap-south-1.amazonaws.com/crdhs/private/2024/11/6/recording.mp3,--HarojsWojLTjUTow1RHA
https://crworkspace.s3.ap-south-1.amazonaws.com/crdhs/private/2024/9/23/recording17826983398290714272.mp3,oGQBAO1D11YXRfYGSwO8Kg
https://crworkspace.s3.ap-south-1.amazonaws.com/crdhs/private/2024/11/6/recording.mp3,--HarojsWojLTjUTow1RHA
https://crworkspace.s3.ap-south-1.amazonaws.com/crdhs/private/2024/11/6/recording.mp3,--HarojsWojLTjUTow1RHA
https://crworkspace.s3.ap-south-1.amazonaws.com/crdhs/private/2024/9/23/recording3952947942633010074.mp3,NXArznpKCFo5kLQbP19vgQ
https://crworkspace.s3.ap-south-1.amazonaws.com/crdhs/private/2024/9/23/recording1919536805846381483.mp3,Hym0lFlK2NaNX2-DLEQfHw
https://crworkspace.s3.ap-south-1.amazonaws.com/crdhs/private/2024/9/24/recording16271773238576255586.mp3,639a4mM6MwIjlmaXA9f7Sw
https://crworkspace.s3.ap-south-1.amazonaws.com/crdhs/private/2024/9/23/recording5949511022211637926.mp3,w6SZMijNxmJVskPEpmNQOg
https://crworkspace.s3.ap-south-1.amazonaws.com/crdhs/private/2024/10/6/recording14277900188747018570.mp3,7pEgT2oO9PAsU251LJ1nPQ
https://crworkspace.s3.ap-south-1.amazonaws.com/crdhs/private/2024/11/26/recording.mp3,-8AhiNg6tiGz8N7jiEqUFA
https://crworkspace.s3.ap-south-1.amazonaws.com/crdhs/private/2024/10/6/recording10519469697077220307.mp3,BiseNCjLkyvAlEiJoOMD4A
https://crworkspace.s3.ap-south-1.amazonaws.com/crdhs/private/2024/11/26/recording.mp3,-8AhiNg6tiGz8N7jiEqUFA
https://crworkspace.s3.ap-south-1.amazonaws.com/crdhs/private/2024/9/27/recording665863929568026470.mp3,MId3zxB_r83bRKqvIyZ4sg
https://crworkspace.s3.ap-south-1.amazonaws.com/crdhs/private/2024/10/6/recording15652961900570968871.mp3,9aKm0Ykt5WQBDBk10PXBGg
https://crworkspace.s3.ap-south-1.amazonaws.com/crdhs/private/2024/9/24/recording15614028408152902546.mp3,IJr3hLrEfPAPOVdQRCkybw
https://crworkspace.s3.ap-south-1.amazonaws.com/crdhs/private/2024/9/23/recording4564613748823579956.mp3,Tqz8mtHzRbbcIzaR3xAjKg
https://crworkspace.s3.ap-south-1.amazonaws.com/crdhs/private/2024/9/23/recording386425596173533343.mp3,Ci9-qiZAMh-WIxah8Xnw_g
https://crworkspace.s3.ap-south-1.amazonaws.com/crdhs/private/2024/11/26/recording.mp3,-8AhiNg6tiGz8N7jiEqUFA
https://crworkspace.s3.ap-south-1.amazonaws.com/crdhs/private/2024/11/26/recording.mp3,-8AhiNg6tiGz8N7jiEqUFA
https://crworkspace.s3.ap-south-1.amazonaws.com/crdhs/private/2024/11/21/recording.mp3,--CsMlwV1w_m0om101_Z1w
https://crworkspace.s3.ap-south-1.amazonaws.com/crdhs/private/2024/11/26/recording.mp3,-8AhiNg6tiGz8N7jiEqUFA
https://crworkspace.s3.ap-south-1.amazonaws.com/crdhs/private/2024/11/6/recording.mp3,--HarojsWojLTjUTow1RHA
https://crworkspace.s3.ap-south-1.amazonaws.com/crdhs/private/2024/11/21/recording.mp3,--CsMlwV1w_m0om101_Z1w
https://crworkspace.s3.ap-south-1.amazonaws.com/crdhs/private/2024/9/23/recording12908303302349632235.mp3,53tB0dz1fBADQEjdm8cG5w
https://crworkspace.s3.ap-south-1.amazonaws.com/crdhs/private/2024/11/26/recording.mp3,-8AhiNg6tiGz8N7jiEqUFA
https://crworkspace.s3.ap-south-1.amazonaws.com/crdhs/private/2024/11/26/recording.mp3,-8AhiNg6tiGz8N7jiEqUFA
https://crworkspace.s3.ap-south-1.amazonaws.com/crdhs/private/2024/9/23/recording11615930873896859178.mp3,7zBX2Fg2WOzjV6JYHDEjIg
https://crworkspace.s3.ap-south-1.amazonaws.com/crdhs/private/2024/9/20/recording3516696578021417688.mp3,Hu4iHEHk6lQ1ppLKtfsYig
https://crworkspace.s3.ap-south-1.amazonaws.com/crdhs/private/2024/9/24/recording12704486444521252784.mp3,WgTUuuQoAEaBqGRmclb9LA
https://crworkspace.s3.ap-south-1.amazonaws.com/crdhs/private/2024/9/21/recording2762706640861457556.mp3,TyBGMMmnp2RxbOvXWmNuLg
https://crworkspace.s3.ap-south-1.amazonaws.com/crdhs/private/2024/9/20/recording16139125257433720229.mp3,oFNykSvEfW_aGWECPf-19A
https://crworkspace.s3.ap-south-1.amazonaws.com/crdhs/private/2024/9/20/recording16173429744406858356.mp3,KVEtrLquyh2L_pvtfbsu6A
https://crworkspace.s3.ap-south-1.amazonaws.com/crdhs/private/2024/9/26/recording485806993482195203.mp3,Iso8TSuZq_54Y3_Klh8HJQ
https://crworkspace.s3.ap-south-1.amazonaws.com/crdhs/private/2024/9/20/recording5553978121232164749.mp3,2d_yK3cWtfL4lK9nc0hv0g
https://crworkspace.s3.ap-south-1.amazonaws.com/crdhs/private/2024/9/21/recording10932982256564707734.mp3,gep5rY_Sn5a_bC7Oy0jsqA
https://crworkspace.s3.ap-south-1.amazonaws.com/crdhs/private/2024/9/23/recording15380276043072244900.mp3,fsE1Vj6xYkxJWkQErO5stw
https://crworkspace.s3.ap-south-1.amazonaws.com/crdhs/private/2024/9/23/recording13099928550832154856.mp3,twoh94RYvBIts_D1qUoWUw
https://crworkspace.s3.ap-south-1.amazonaws.com/crdhs/private/2024/9/26/recording2504944496179956015.mp3,WmBj_KWUJ6SIipwfHL9gbQ
https://crworkspace.s3.ap-south-1.amazonaws.com/crdhs/private/2024/9/26/recording2184633366024621223.mp3,eJrt9LLJrT3ox7JR2rM9iw
https://crworkspace.s3.ap-south-1.amazonaws.com/crdhs/private/2024/11/21/recording.mp3,--CsMlwV1w_m0om101_Z1w
https://crworkspace.s3.ap-south-1.amazonaws.com/crdhs/private/2024/11/26/recording.mp3,-8AhiNg6tiGz8N7jiEqUFA
https://crworkspace.s3.ap-south-1.amazonaws.com/crdhs/private/2024/9/24/recording13024713478592189294.mp3,apJSkrPvQ5JOVWEtCosUbw
https://crworkspace.s3.ap-south-1.amazonaws.com/crdhs/private/2024/9/23/recording5466482273722249634.mp3,Odr0w7iwo35fJDzJwAA-FQ
https://crworkspace.s3.ap-south-1.amazonaws.com/crdhs/private/2024/11/21/recording.mp3,--CsMlwV1w_m0om101_Z1w
https://crworkspace.s3.ap-south-1.amazonaws.com/crdhs/private/2024/11/21/recording.mp3,--CsMlwV1w_m0om101_Z1w
https://crworkspace.s3.ap-south-1.amazonaws.com/crdhs/private/2024/11/26/recording.mp3,-8AhiNg6tiGz8N7jiEqUFA
https://crworkspace.s3.ap-south-1.amazonaws.com/crdhs/private/2024/9/23/recording6833119381173383076.mp3,UaXEvDBekNirzIFn4ebRnQ
https://crworkspace.s3.ap-south-1.amazonaws.com/crdhs/private/2024/9/24/recording2021117460302945285.mp3,1EX25nVKZGUOtk0nflkUEQ
https://crworkspace.s3.ap-south-1.amazonaws.com/crdhs/private/2024/9/23/recording14986692856474130628.mp3,nAv_IJLu2cSNCKEELPnteQ
https://crworkspace.s3.ap-south-1.amazonaws.com/crdhs/private/2024/11/6/recording.mp3,--HarojsWojLTjUTow1RHA
https://crworkspace.s3.ap-south-1.amazonaws.com/crdhs/private/2024/10/6/recording9049249833319136094.mp3,1dkkhj4YlHkCIOynSERJKQ
https://crworkspace.s3.ap-south-1.amazonaws.com/crdhs/private/2024/11/26/recording.mp3,-8AhiNg6tiGz8N7jiEqUFA
https://crworkspace.s3.ap-south-1.amazonaws.com/crdhs/private/2024/9/24/recording9379629942562434808.mp3,YuDoRo4TM6rAozxHa6evzw
https://crworkspace.s3.ap-south-1.amazonaws.com/crdhs/private/2024/10/6/recording11459110965903484510.mp3,Noi7kKYHqCzp-W0cJhsomA
https://crworkspace.s3.ap-south-1.amazonaws.com/crdhs/private/2024/9/23/recording4750327630709083975.mp3,Ud7bFnCcS0t3H1S18h2Gdg
https://crworkspace.s3.ap-south-1.amazonaws.com/crdhs/private/2024/11/6/recording.mp3,--HarojsWojLTjUTow1RHA
https://crworkspace.s3.ap-south-1.amazonaws.com/crdhs/private/2024/9/23/recording14980926592124280895.mp3,vj1ECJz_bSW9hfqimg_Ggw
https://crworkspace.s3.ap-south-1.amazonaws.com/crdhs/private/2024/10/6/recording7320678423202771041.mp3,Twr2zcZ0Ac119nI_e3iEEg
https://crworkspace.s3.ap-south-1.amazonaws.com/crdhs/private/2024/10/6/recording12355399737257196268.mp3,h_kZ7TflUOYGYUXefYl6BA
https://crworkspace.s3.ap-south-1.amazonaws.com/crdhs/private/2024/11/26/recording.mp3,-8AhiNg6tiGz8N7jiEqUFA
https://crworkspace.s3.ap-south-1.amazonaws.com/crdhs/private/2024/11/6/recording.mp3,--HarojsWojLTjUTow1RHA
https://crworkspace.s3.ap-south-1.amazonaws.com/crdhs/private/2024/10/7/recording18137540916540430424.mp3,NPfXYMO_POAvQtMos6B47Q
https://crworkspace.s3.ap-south-1.amazonaws.com/crdhs/private/2024/11/6/recording.mp3,--HarojsWojLTjUTow1RHA
https://crworkspace.s3.ap-south-1.amazonaws.com/crdhs/private/2024/9/23/recording1105755565813879468.mp3,eqf8ZkT8VWsTP0il4RvWBw
https://crworkspace.s3.ap-south-1.amazonaws.com/crdhs/private/2024/9/24/recording12277915232799787193.mp3,DXNflRzqj75_Qe1XDHgzJg
https://crworkspace.s3.ap-south-1.amazonaws.com/crdhs/private/2024/11/6/recording.mp3,--HarojsWojLTjUTow1RHA
https://crworkspace.s3.ap-south-1.amazonaws.com/crdhs/private/2024/11/26/recording.mp3,-8AhiNg6tiGz8N7jiEqUFA
https://crworkspace.s3.ap-south-1.amazonaws.com/crdhs/private/2024/11/6/recording.mp3,--HarojsWojLTjUTow1RHA
https://crworkspace.s3.ap-south-1.amazonaws.com/crdhs/private/2024/11/6/recording.mp3,--HarojsWojLTjUTow1RHA
https://crworkspace.s3.ap-south-1.amazonaws.com/crdhs/private/2024/11/6/recording.mp3,--HarojsWojLTjUTow1RHA
https://crworkspace.s3.ap-south-1.amazonaws.com/crdhs/private/2024/9/23/recording17829710916921879971.mp3,YtdKJD4eJo6_hNgktQpeWA
https://crworkspace.s3.ap-south-1.amazonaws.com/crdhs/private/2024/9/23/recording8866186145846095166.mp3,h0Xs5jiRbcKniXqMCNrX0g
https://crworkspace.s3.ap-south-1.amazonaws.com/crdhs/private/2024/10/6/recording17582621036698727166.mp3,nBp5M7AyhfI2avJF588s1w
https://crworkspace.s3.ap-south-1.amazonaws.com/crdhs/private/2024/9/24/recording349011384898283220.mp3,Vn0b8Ekn7OUhBrXUYj9PbA
https://crworkspace.s3.ap-south-1.amazonaws.com/crdhs/private/2024/9/21/recording3152913867719052212.mp3,tIph7HfBMrJA3w-iMi4Q-Q
https://crworkspace.s3.ap-south-1.amazonaws.com/crdhs/private/2024/9/21/recording14342287897348663651.mp3,ydFU0rZFGIGyUd6Yu1CX9w
https://crworkspace.s3.ap-south-1.amazonaws.com/crdhs/private/2024/9/21/recording16281771298147226699.mp3,aNqYdDZQuW7E3eEHlgKcxw
https://crworkspace.s3.ap-south-1.amazonaws.com/crdhs/private/2024/9/20/recording3878173553801162739.mp3,KQiJRnt5GV4RbaJ046IAKQ
https://crworkspace.s3.ap-south-1.amazonaws.com/crdhs/private/2024/9/21/recording4142566103905314448.mp3,gXGQFa937VesBoTPqZZzMA
https://crworkspace.s3.ap-south-1.amazonaws.com/crdhs/private/2024/9/21/recording16469027237903643667.mp3,uGmslGIWGjpfX0TB7PPEFw
https://crworkspace.s3.ap-south-1.amazonaws.com/crdhs/private/2024/9/21/recording17502505081491070702.mp3,5yi7IORDlr1sK1PdtJITSw
https://crworkspace.s3.ap-south-1.amazonaws.com/crdhs/private/2024/9/23/recording15989455630051932750.mp3,gYKPqmzdfq1wgCHkcW9_Ng
https://crworkspace.s3.ap-south-1.amazonaws.com/crdhs/private/2024/9/20/recording17355188606833127964.mp3,9LcYfAUjlQclf31dTzL5CA
https://crworkspace.s3.ap-south-1.amazonaws.com/crdhs/private/2024/9/25/recording7038633946762818468.mp3,b2n0sTtk5S1md-Y-M0jhTQ
https://crworkspace.s3.ap-south-1.amazonaws.com/crdhs/private/2024/9/20/recording16652788771615538081.mp3,vfTSwXM6vbjdrN58pMHqmw
https://crworkspace.s3.ap-south-1.amazonaws.com/crdhs/private/2024/9/23/recording99103453450608761.mp3,MmA0U0-OJQXMGQIH3FU6gw
https://crworkspace.s3.ap-south-1.amazonaws.com/crdhs/private/2024/9/21/recording16982336546131354334.mp3,8NLrm8KucPov04UvKd06vQ
https://crworkspace.s3.ap-south-1.amazonaws.com/crdhs/private/2024/9/25/recording15440986196448338393.mp3,ogyOkwc3s-BoPyJR_udk6w
https://crworkspace.s3.ap-south-1.amazonaws.com/crdhs/private/2024/9/25/recording12042484782963267037.mp3,c-_PqROtqXmuE9r25Hq2DA
https://crworkspace.s3.ap-south-1.amazonaws.com/crdhs/private/2024/9/21/recording18317814500336322727.mp3,RHH84SKg4I5CzsW8VQxFEQ
https://crworkspace.s3.ap-south-1.amazonaws.com/crdhs/private/2024/11/26/recording.mp3,-8AhiNg6tiGz8N7jiEqUFA
https://crworkspace.s3.ap-south-1.amazonaws.com/crdhs/private/2024/9/24/recording15864708227671806041.mp3,0ojWQ_WwOHDUVy-3Su_kgw
https://crworkspace.s3.ap-south-1.amazonaws.com/crdhs/private/2024/9/24/recording10731723940463165024.mp3,VpiEGIFkj1cEzdfBNCT3xg
https://crworkspace.s3.ap-south-1.amazonaws.com/crdhs/private/2024/9/23/recording11932752195047899848.mp3,QgOYIRvACd5uH6Odwv82Og
https://crworkspace.s3.ap-south-1.amazonaws.com/crdhs/private/2024/9/20/recording9230659751906434518.mp3,wUrwOBuKKkav1nfwT9rUOA
https://crworkspace.s3.ap-south-1.amazonaws.com/crdhs/private/2024/11/6/recording.mp3,--HarojsWojLTjUTow1RHA
https://crworkspace.s3.ap-south-1.amazonaws.com/crdhs/private/2024/9/23/recording13294532501959204100.mp3,g-fkMaRJRWXjKWylWkwvxg
https://crworkspace.s3.ap-south-1.amazonaws.com/crdhs/private/2024/9/27/recording17338359739521305140.mp3,v1Akbz8v3BE5B-1OkFFUNQ
https://crworkspace.s3.ap-south-1.amazonaws.com/crdhs/private/2024/9/23/recording3145415814516433062.mp3,Ms_gMoCfWmhz1xQWgiAFqg
https://crworkspace.s3.ap-south-1.amazonaws.com/crdhs/private/2024/11/26/recording.mp3,-8AhiNg6tiGz8N7jiEqUFA
https://crworkspace.s3.ap-south-1.amazonaws.com/crdhs/private/2024/11/26/recording.mp3,-8AhiNg6tiGz8N7jiEqUFA
https://crworkspace.s3.ap-south-1.amazonaws.com/crdhs/private/2024/11/26/recording.mp3,-8AhiNg6tiGz8N7jiEqUFA
https://crworkspace.s3.ap-south-1.amazonaws.com/crdhs/private/2024/11/26/recording.mp3,-8AhiNg6tiGz8N7jiEqUFA
https://crworkspace.s3.ap-south-1.amazonaws.com/crdhs/private/2024/11/26/recording.mp3,-8AhiNg6tiGz8N7jiEqUFA
https://crworkspace.s3.ap-south-1.amazonaws.com/crdhs/private/2024/9/26/recording6483507607187413393.mp3,4-63qvhbevoVGKamzpV2Rg
https://crworkspace.s3.ap-south-1.amazonaws.com/crdhs/private/2024/10/7/recording10536126527289721051.mp3,J0t-QJpvlblW_7S4B8e4uQ
https://crworkspace.s3.ap-south-1.amazonaws.com/crdhs/private/2024/11/26/recording.mp3,-8AhiNg6tiGz8N7jiEqUFA
https://crworkspace.s3.ap-south-1.amazonaws.com/crdhs/private/2024/11/26/recording.mp3,-8AhiNg6tiGz8N7jiEqUFA
https://crworkspace.s3.ap-south-1.amazonaws.com/crdhs/private/2024/11/26/recording.mp3,-8AhiNg6tiGz8N7jiEqUFA
https://crworkspace.s3.ap-south-1.amazonaws.com/crdhs/private/2024/9/26/recording14784140013041192254.mp3,-CfuggfUMmiahnYd37v7dA
https://crworkspace.s3.ap-south-1.amazonaws.com/crdhs/private/2024/11/6/recording.mp3,--HarojsWojLTjUTow1RHA
https://crworkspace.s3.ap-south-1.amazonaws.com/crdhs/private/2024/9/24/recording12719335468418890999.mp3,1o6lJd6RP12UJLidxi4tSg
https://crworkspace.s3.ap-south-1.amazonaws.com/crdhs/private/2024/10/7/recording7062828730550218635.mp3,4T0W8Ort-JABWRooUOu5Aw
https://crworkspace.s3.ap-south-1.amazonaws.com/crdhs/private/2024/9/23/recording14894627396815360011.mp3,GhAHYSx1GsuBvPp0qqwSbA
https://crworkspace.s3.ap-south-1.amazonaws.com/crdhs/private/2024/9/24/recording3836167759899104778.mp3,XGQd_kvbkpPhpjKqZjrbgQ
https://crworkspace.s3.ap-south-1.amazonaws.com/crdhs/private/2024/11/6/recording.mp3,--HarojsWojLTjUTow1RHA
https://crworkspace.s3.ap-south-1.amazonaws.com/crdhs/private/2024/9/24/recording13874263645423244443.mp3,asE-dLcNlak45B9nixYoqg
https://crworkspace.s3.ap-south-1.amazonaws.com/crdhs/private/2024/11/26/recording.mp3,-8AhiNg6tiGz8N7jiEqUFA
https://crworkspace.s3.ap-south-1.amazonaws.com/crdhs/private/2024/9/26/recording5009692470961897566.mp3,AEXV5s7iHaaCXwzTsYm6Sw
https://crworkspace.s3.ap-south-1.amazonaws.com/crdhs/private/2024/9/20/recording3341639521876154193.mp3,Wa0a7PIy2EgnpyjuejgE1Q
https://crworkspace.s3.ap-south-1.amazonaws.com/crdhs/private/2024/11/26/recording.mp3,-8AhiNg6tiGz8N7jiEqUFA
https://crworkspace.s3.ap-south-1.amazonaws.com/crdhs/private/2024/11/6/recording.mp3,--HarojsWojLTjUTow1RHA
https://crworkspace.s3.ap-south-1.amazonaws.com/crdhs/private/2024/9/23/recording490173147757402463.mp3,hTVTbZ0QGFyRI7PcmNzaoQ
https://crworkspace.s3.ap-south-1.amazonaws.com/crdhs/private/2024/9/23/recording2039673598552520177.mp3,lNONkFtZTllMz7fM7oXmcg
https://crworkspace.s3.ap-south-1.amazonaws.com/crdhs/private/2024/9/23/recording8680677896941182572.mp3,2hQY93fRzhtU1_OlyPr_Fw
https://crworkspace.s3.ap-south-1.amazonaws.com/crdhs/private/2024/9/23/recording11582349315219402347.mp3,FRhAISYXtWUbzQbYIFe9Fg
https://crworkspace.s3.ap-south-1.amazonaws.com/crdhs/private/2024/9/25/recording5832952525764947564.mp3,OxBmGhdcAAZyyiWYOT28ZA
https://crworkspace.s3.ap-south-1.amazonaws.com/crdhs/private/2024/9/27/recording4101308976103027070.mp3,EC2VfaizUQaZulknwEub4A
https://crworkspace.s3.ap-south-1.amazonaws.com/crdhs/private/2024/9/23/recording16273894453717999947.mp3,buhnJZuMayKG7hqzuHPXdQ
https://crworkspace.s3.ap-south-1.amazonaws.com/crdhs/private/2024/11/6/recording.mp3,--HarojsWojLTjUTow1RHA
https://crworkspace.s3.ap-south-1.amazonaws.com/crdhs/private/2024/11/6/recording.mp3,--HarojsWojLTjUTow1RHA
https://crworkspace.s3.ap-south-1.amazonaws.com/crdhs/private/2024/9/24/recording11603420910847351998.mp3,lbbWQFyuBJbq_EyIFdLTJg
https://crworkspace.s3.ap-south-1.amazonaws.com/crdhs/private/2024/11/26/recording.mp3,-8AhiNg6tiGz8N7jiEqUFA
https://crworkspace.s3.ap-south-1.amazonaws.com/crdhs/private/2024/11/26/recording.mp3,-8AhiNg6tiGz8N7jiEqUFA
https://crworkspace.s3.ap-south-1.amazonaws.com/crdhs/private/2024/11/26/recording.mp3,-8AhiNg6tiGz8N7jiEqUFA
https://crworkspace.s3.ap-south-1.amazonaws.com/crdhs/private/2024/11/26/recording.mp3,-8AhiNg6tiGz8N7jiEqUFA
https://crworkspace.s3.ap-south-1.amazonaws.com/crdhs/private/2024/11/26/recording.mp3,-8AhiNg6tiGz8N7jiEqUFA
https://crworkspace.s3.ap-south-1.amazonaws.com/crdhs/private/2024/11/6/recording.mp3,--HarojsWojLTjUTow1RHA
https://crworkspace.s3.ap-south-1.amazonaws.com/crdhs/private/2024/11/6/recording.mp3,--HarojsWojLTjUTow1RHA
https://crworkspace.s3.ap-south-1.amazonaws.com/crdhs/private/2024/9/23/recording9043725630308451089.mp3,Bydw5LGI93dN7blap6E9IA
https://crworkspace.s3.ap-south-1.amazonaws.com/crdhs/private/2024/11/6/recording.mp3,--HarojsWojLTjUTow1RHA
https://crworkspace.s3.ap-south-1.amazonaws.com/crdhs/private/2024/9/20/recording15421481417293376507.mp3,yC1YpZRYp8QAsLFSp0mx1w
https://crworkspace.s3.ap-south-1.amazonaws.com/crdhs/private/2024/9/25/recording5268494205162363127.mp3,0aF0MoWvOSn-1i5ZE3kAxA
https://crworkspace.s3.ap-south-1.amazonaws.com/crdhs/private/2024/11/6/recording.mp3,--HarojsWojLTjUTow1RHA
https://crworkspace.s3.ap-south-1.amazonaws.com/crdhs/private/2024/9/25/recording9226765503002465248.mp3,XX1QzN8ZSDViz24v2Mx8rg
https://crworkspace.s3.ap-south-1.amazonaws.com/crdhs/private/2024/11/6/recording.mp3,--HarojsWojLTjUTow1RHA
https://crworkspace.s3.ap-south-1.amazonaws.com/crdhs/private/2024/11/6/recording.mp3,--HarojsWojLTjUTow1RHA
https://crworkspace.s3.ap-south-1.amazonaws.com/crdhs/private/2024/11/6/recording.mp3,--HarojsWojLTjUTow1RHA
https://crworkspace.s3.ap-south-1.amazonaws.com/crdhs/private/2024/11/6/recording.mp3,--HarojsWojLTjUTow1RHA
https://crworkspace.s3.ap-south-1.amazonaws.com/crdhs/private/2024/11/26/recording.mp3,-8AhiNg6tiGz8N7jiEqUFA
https://crworkspace.s3.ap-south-1.amazonaws.com/crdhs/private/2024/9/27/recording9499572868988845132.mp3,dAuxVW8lmWLFFlkWC3Om_g
https://crworkspace.s3.ap-south-1.amazonaws.com/crdhs/private/2024/11/6/recording.mp3,--HarojsWojLTjUTow1RHA
https://crworkspace.s3.ap-south-1.amazonaws.com/crdhs/private/2024/9/26/recording35918893358642024.mp3,oc8A_07JbWSctyBez4641g
https://crworkspace.s3.ap-south-1.amazonaws.com/crdhs/private/2024/9/27/recording10383759086526216528.mp3,XYylE3jh4z63R-wkDVuSpw
https://crworkspace.s3.ap-south-1.amazonaws.com/crdhs/private/2024/9/25/recording11893283377482172630.mp3,Fv0yfVt8jFvZVZw5EljA5A
https://crworkspace.s3.ap-south-1.amazonaws.com/crdhs/private/2024/9/27/recording15273428145697774360.mp3,EY-WYOYu8j0M5GP-bidbuQ
https://crworkspace.s3.ap-south-1.amazonaws.com/crdhs/private/2024/9/26/recording14879598367063582667.mp3,mpKoVjeReIydx4NjOsNA3w
https://crworkspace.s3.ap-south-1.amazonaws.com/crdhs/private/2024/11/6/recording.mp3,--HarojsWojLTjUTow1RHA
https://crworkspace.s3.ap-south-1.amazonaws.com/crdhs/private/2024/11/6/recording.mp3,--HarojsWojLTjUTow1RHA
https://crworkspace.s3.ap-south-1.amazonaws.com/crdhs/private/2024/11/6/recording.mp3,--HarojsWojLTjUTow1RHA
https://crworkspace.s3.ap-south-1.amazonaws.com/crdhs/private/2024/11/6/recording.mp3,--HarojsWojLTjUTow1RHA
https://crworkspace.s3.ap-south-1.amazonaws.com/crdhs/private/2024/9/25/recording14502074125778405481.mp3,vEXfZET7ec7UI-kPU5G67g
https://crworkspace.s3.ap-south-1.amazonaws.com/crdhs/private/2024/9/23/recording3948473497563057714.mp3,-C52KfP1KL8E4FL5wJo6qQ
https://crworkspace.s3.ap-south-1.amazonaws.com/crdhs/private/2024/11/6/recording.mp3,--HarojsWojLTjUTow1RHA
https://crworkspace.s3.ap-south-1.amazonaws.com/crdhs/private/2024/11/6/recording.mp3,--HarojsWojLTjUTow1RHA
https://crworkspace.s3.ap-south-1.amazonaws.com/crdhs/private/2024/11/6/recording.mp3,--HarojsWojLTjUTow1RHA
https://crworkspace.s3.ap-south-1.amazonaws.com/crdhs/private/2024/11/6/recording.mp3,--HarojsWojLTjUTow1RHA
https://crworkspace.s3.ap-south-1.amazonaws.com/crdhs/private/2024/11/6/recording.mp3,--HarojsWojLTjUTow1RHA
https://crworkspace.s3.ap-south-1.amazonaws.com/crdhs/private/2024/10/7/recording11728396249433079792.mp3,_nXrN-dYJaask95o1b4eog
https://crworkspace.s3.ap-south-1.amazonaws.com/crdhs/private/2024/10/7/recording6306217961772010017.mp3,TKNMCQ93ouDKXhj8gpi_iA
https://crworkspace.s3.ap-south-1.amazonaws.com/crdhs/private/2024/11/6/recording.mp3,--HarojsWojLTjUTow1RHA
https://crworkspace.s3.ap-south-1.amazonaws.com/crdhs/private/2024/11/21/recording.mp3,--CsMlwV1w_m0om101_Z1w
https://crworkspace.s3.ap-south-1.amazonaws.com/crdhs/private/2024/11/6/recording.mp3,--HarojsWojLTjUTow1RHA
https://crworkspace.s3.ap-south-1.amazonaws.com/crdhs/private/2024/11/21/recording.mp3,--CsMlwV1w_m0om101_Z1w
https://crworkspace.s3.ap-south-1.amazonaws.com/crdhs/private/2024/11/6/recording.mp3,--HarojsWojLTjUTow1RHA
https://crworkspace.s3.ap-south-1.amazonaws.com/crdhs/private/2024/9/20/recording44567718818608485.mp3,25UnqPHj82hlTkKp5buQeQ
https://crworkspace.s3.ap-south-1.amazonaws.com/crdhs/private/2024/9/23/recording11375938885340050823.mp3,IuGDs1dHdcB9h9Y2swsdVg
https://crworkspace.s3.ap-south-1.amazonaws.com/crdhs/private/2024/9/24/recording15765263090436276209.mp3,vWRACKbqwJ8ocNsojYkIjA
https://crworkspace.s3.ap-south-1.amazonaws.com/crdhs/private/2024/9/23/recording11969562969793363385.mp3,w3n9Ey3eGKFp2wTNg1iEOg
https://crworkspace.s3.ap-south-1.amazonaws.com/crdhs/private/2024/11/21/recording.mp3,--CsMlwV1w_m0om101_Z1w
https://crworkspace.s3.ap-south-1.amazonaws.com/crdhs/private/2024/9/20/recording1212130532779714570.mp3,mHOlTQI3VC-aaeY459-q1A
https://crworkspace.s3.ap-south-1.amazonaws.com/crdhs/private/2024/9/20/recording10239969903727616679.mp3,bfk3vaJHZmHKmSwFVw6emg
https://crworkspace.s3.ap-south-1.amazonaws.com/crdhs/private/2024/11/21/recording.mp3,--CsMlwV1w_m0om101_Z1w
https://crworkspace.s3.ap-south-1.amazonaws.com/crdhs/private/2024/11/21/recording.mp3,--CsMlwV1w_m0om101_Z1w
https://crworkspace.s3.ap-south-1.amazonaws.com/crdhs/private/2024/9/24/recording17389845145457005648.mp3,GCV_sXUCcRXFYJFd6MMujw
https://crworkspace.s3.ap-south-1.amazonaws.com/crdhs/private/2024/11/21/recording.mp3,--CsMlwV1w_m0om101_Z1w
https://crworkspace.s3.ap-south-1.amazonaws.com/crdhs/private/2024/11/21/recording.mp3,--CsMlwV1w_m0om101_Z1w
https://crworkspace.s3.ap-south-1.amazonaws.com/crdhs/private/2024/9/24/recording4938621917203334551.mp3,5KyEu-lpZkHSwoRrF0kK5w
https://crworkspace.s3.ap-south-1.amazonaws.com/crdhs/private/2024/11/21/recording.mp3,--CsMlwV1w_m0om101_Z1w
https://crworkspace.s3.ap-south-1.amazonaws.com/crdhs/private/2024/11/26/recording.mp3,-8AhiNg6tiGz8N7jiEqUFA
https://crworkspace.s3.ap-south-1.amazonaws.com/crdhs/private/2024/11/6/recording.mp3,--HarojsWojLTjUTow1RHA
https://crworkspace.s3.ap-south-1.amazonaws.com/crdhs/private/2024/11/21/recording.mp3,--CsMlwV1w_m0om101_Z1w
https://crworkspace.s3.ap-south-1.amazonaws.com/crdhs/private/2024/11/6/recording.mp3,--HarojsWojLTjUTow1RHA
https://crworkspace.s3.ap-south-1.amazonaws.com/crdhs/private/2024/10/7/recording10008866263717988737.mp3,DMT1usAgoVzxqLM29ZYFIg
https://crworkspace.s3.ap-south-1.amazonaws.com/crdhs/private/2024/11/26/recording.mp3,-8AhiNg6tiGz8N7jiEqUFA
https://crworkspace.s3.ap-south-1.amazonaws.com/crdhs/private/2024/11/6/recording.mp3,--HarojsWojLTjUTow1RHA
https://crworkspace.s3.ap-south-1.amazonaws.com/crdhs/private/2024/9/21/recording12661243817309867516.mp3,hjJE7G5Mk1v3n04WsGvIow
https://crworkspace.s3.ap-south-1.amazonaws.com/crdhs/private/2024/9/20/recording14623688681188761081.mp3,FE3YXk0Slxkd5zPWujvsuA
https://crworkspace.s3.ap-south-1.amazonaws.com/crdhs/private/2024/9/21/recording2992697748293023405.mp3,wqyniZyJR5KhFNJlgJxYKg
https://crworkspace.s3.ap-south-1.amazonaws.com/crdhs/private/2024/9/20/recording5353993656193511017.mp3,O-efGZMA1Re72ECONCL_sQ
https://crworkspace.s3.ap-south-1.amazonaws.com/crdhs/private/2024/11/6/recording.mp3,--HarojsWojLTjUTow1RHA
https://crworkspace.s3.ap-south-1.amazonaws.com/crdhs/private/2024/11/21/recording.mp3,--CsMlwV1w_m0om101_Z1w
https://crworkspace.s3.ap-south-1.amazonaws.com/crdhs/private/2024/9/24/recording7001474406937638714.mp3,HJgmVCGQUnCoqIzedSdMCA
https://crworkspace.s3.ap-south-1.amazonaws.com/crdhs/private/2024/11/6/recording.mp3,--HarojsWojLTjUTow1RHA
https://crworkspace.s3.ap-south-1.amazonaws.com/crdhs/private/2024/10/6/recording3324365542256262217.mp3,cl-rGUcy4FFX-71-utx5ig
https://crworkspace.s3.ap-south-1.amazonaws.com/crdhs/private/2024/9/24/recording18350397138674140477.mp3,FXzNx0kgIiGnHE0YcKhXBw
https://crworkspace.s3.ap-south-1.amazonaws.com/crdhs/private/2024/9/25/recording6563039468994584014.mp3,V-DXnGOL-vFg3VaOKByGYw
https://crworkspace.s3.ap-south-1.amazonaws.com/crdhs/private/2024/9/27/recording6171799748373014597.mp3,cQuhzzt-RtldH5bf81oHQQ
https://crworkspace.s3.ap-south-1.amazonaws.com/crdhs/private/2024/11/6/recording.mp3,--HarojsWojLTjUTow1RHA
https://crworkspace.s3.ap-south-1.amazonaws.com/crdhs/private/2024/10/7/recording11325898790506354646.mp3,Kl4zHOdYITlT0EKI-WHD1Q
https://crworkspace.s3.ap-south-1.amazonaws.com/crdhs/private/2024/10/6/recording14401151245353104069.mp3,7crUy_D8uOC-31XgWn9RKA
https://crworkspace.s3.ap-south-1.amazonaws.com/crdhs/private/2024/9/23/recording16826960736262053306.mp3,5PaExvnfjwbcdmhdRkP0wg
https://crworkspace.s3.ap-south-1.amazonaws.com/crdhs/private/2024/9/24/recording15602345855806916263.mp3,zr661MjJ7OyhPoeQ1gSUKg
https://crworkspace.s3.ap-south-1.amazonaws.com/crdhs/private/2024/11/6/recording.mp3,--HarojsWojLTjUTow1RHA
https://crworkspace.s3.ap-south-1.amazonaws.com/crdhs/private/2024/11/26/recording.mp3,-8AhiNg6tiGz8N7jiEqUFA
https://crworkspace.s3.ap-south-1.amazonaws.com/crdhs/private/2024/11/26/recording.mp3,-8AhiNg6tiGz8N7jiEqUFA
https://crworkspace.s3.ap-south-1.amazonaws.com/crdhs/private/2024/10/6/recording13339939870883779830.mp3,eXhnL3EtLZ-gUhHgb4DcPg
https://crworkspace.s3.ap-south-1.amazonaws.com/crdhs/private/2024/9/23/recording17814899423963586629.mp3,hd3GlgROg8Gd5OQPhEnVsQ
https://crworkspace.s3.ap-south-1.amazonaws.com/crdhs/private/2024/9/27/recording2910569089848311670.mp3,13JCGSoyN2sKTgUHLv6rjw
https://crworkspace.s3.ap-south-1.amazonaws.com/crdhs/private/2024/9/25/recording161762439439204045.mp3,GF-elVrqQnLjjivzNtlLVw
https://crworkspace.s3.ap-south-1.amazonaws.com/crdhs/private/2024/10/6/recording5627964364475481302.mp3,FHFGlMn5iNu2SwClW2rN9Q
https://crworkspace.s3.ap-south-1.amazonaws.com/crdhs/private/2024/10/6/recording2571551417793994974.mp3,cJgp_vVJgD30_q_WMroQFA
https://crworkspace.s3.ap-south-1.amazonaws.com/crdhs/private/2024/10/6/recording6855190165767023320.mp3,1464gBk3QLeUz1NHJL5xug
https://crworkspace.s3.ap-south-1.amazonaws.com/crdhs/private/2024/9/23/recording13701247358349688438.mp3,Y3xX9EnTFukoX9oKWJ5NWw
https://crworkspace.s3.ap-south-1.amazonaws.com/crdhs/private/2024/11/26/recording.mp3,-8AhiNg6tiGz8N7jiEqUFA
https://crworkspace.s3.ap-south-1.amazonaws.com/crdhs/private/2024/9/27/recording17374776141792100610.mp3,EeidKtxBWoCJotWdRb3fHw
https://crworkspace.s3.ap-south-1.amazonaws.com/crdhs/private/2024/10/7/recording14197083298348253961.mp3,0FKiIP-cm4sJAgZTmfba-Q
https://crworkspace.s3.ap-south-1.amazonaws.com/crdhs/private/2024/11/26/recording.mp3,-8AhiNg6tiGz8N7jiEqUFA
https://crworkspace.s3.ap-south-1.amazonaws.com/crdhs/private/2024/9/23/recording15340299765138219552.mp3,pGpurrR3c2yp8ndzEsfPWg
https://crworkspace.s3.ap-south-1.amazonaws.com/crdhs/private/2024/11/26/recording.mp3,-8AhiNg6tiGz8N7jiEqUFA
https://crworkspace.s3.ap-south-1.amazonaws.com/crdhs/private/2024/9/21/recording2108106023885497386.mp3,9EELjV97X6QRnewsb6D0dg
https://crworkspace.s3.ap-south-1.amazonaws.com/crdhs/private/2024/9/24/recording17989723428860753077.mp3,ZGRTk9OFf24LoBzhGkxi3A
https://crworkspace.s3.ap-south-1.amazonaws.com/crdhs/private/2024/9/20/recording17177083300794614183.mp3,nqGk7vSWvIljgxcuqzut0g
https://crworkspace.s3.ap-south-1.amazonaws.com/crdhs/private/2024/9/21/recording13689399851175149504.mp3,pd1nDUMl9HNV_sLUpYA11Q
https://crworkspace.s3.ap-south-1.amazonaws.com/crdhs/private/2024/11/6/recording.mp3,--HarojsWojLTjUTow1RHA
https://crworkspace.s3.ap-south-1.amazonaws.com/crdhs/private/2024/10/7/recording14160536741364099256.mp3,PnEABZeLSkWQXVbBp8zpwQ
https://crworkspace.s3.ap-south-1.amazonaws.com/crdhs/private/2024/9/23/recording2824942674004533677.mp3,V_eajUr9IUmtmVD4mWaj8A
https://crworkspace.s3.ap-south-1.amazonaws.com/crdhs/private/2024/9/27/recording12816401717082425174.mp3,uEaRaZ0cZOw9ruKCshYFZA
https://crworkspace.s3.ap-south-1.amazonaws.com/crdhs/private/2024/11/6/recording.mp3,--HarojsWojLTjUTow1RHA
https://crworkspace.s3.ap-south-1.amazonaws.com/crdhs/private/2024/10/7/recording361804911531285710.mp3,fCSenjfTOoe1RSAKLUZoYQ
https://crworkspace.s3.ap-south-1.amazonaws.com/crdhs/private/2024/11/6/recording.mp3,--HarojsWojLTjUTow1RHA
https://crworkspace.s3.ap-south-1.amazonaws.com/crdhs/private/2024/9/24/recording8710092260120826042.mp3,Jxi90YN8pDF5qQ4i99_DQA
https://crworkspace.s3.ap-south-1.amazonaws.com/crdhs/private/2024/9/23/recording6460420453131783677.mp3,Ai-H9ExvFcxMaNA4uT0gZA
https://crworkspace.s3.ap-south-1.amazonaws.com/crdhs/private/2024/10/6/recording10432795042631923352.mp3,zmilTL9tQeRFfWDssE_A5g
https://crworkspace.s3.ap-south-1.amazonaws.com/crdhs/private/2024/11/26/recording.mp3,-8AhiNg6tiGz8N7jiEqUFA
https://crworkspace.s3.ap-south-1.amazonaws.com/crdhs/private/2024/10/7/recording7559990508163892008.mp3,N0pp1tx_xqRJSA7gT3aAjA
https://crworkspace.s3.ap-south-1.amazonaws.com/crdhs/private/2024/11/26/recording.mp3,-8AhiNg6tiGz8N7jiEqUFA
https://crworkspace.s3.ap-south-1.amazonaws.com/crdhs/private/2024/11/26/recording.mp3,-8AhiNg6tiGz8N7jiEqUFA
https://crworkspace.s3.ap-south-1.amazonaws.com/crdhs/private/2024/11/26/recording.mp3,-8AhiNg6tiGz8N7jiEqUFA
https://crworkspace.s3.ap-south-1.amazonaws.com/crdhs/private/2024/11/21/recording.mp3,--CsMlwV1w_m0om101_Z1w
https://crworkspace.s3.ap-south-1.amazonaws.com/crdhs/private/2024/10/7/recording11280621156193796020.mp3,xB5YTzPAeTB6Wbble_V3Vw
https://crworkspace.s3.ap-south-1.amazonaws.com/crdhs/private/2024/10/7/recording16949231739057346153.mp3,K33jejJPFzFil31EA0W4JQ
https://crworkspace.s3.ap-south-1.amazonaws.com/crdhs/private/2024/9/25/recording10198768824700422606.mp3,xHn9kl1ryE54xI_2Es7FQw
https://crworkspace.s3.ap-south-1.amazonaws.com/crdhs/private/2024/10/7/recording14464928202114098859.mp3,31WJdkg6KtblsonKC03YFw
https://crworkspace.s3.ap-south-1.amazonaws.com/crdhs/private/2024/11/26/recording.mp3,-8AhiNg6tiGz8N7jiEqUFA
https://crworkspace.s3.ap-south-1.amazonaws.com/crdhs/private/2024/11/6/recording.mp3,--HarojsWojLTjUTow1RHA
https://crworkspace.s3.ap-south-1.amazonaws.com/crdhs/private/2024/9/23/recording6713035127928528140.mp3,nMQi39WjgchFtOpHCiS1uw
https://crworkspace.s3.ap-south-1.amazonaws.com/crdhs/private/2024/11/6/recording.mp3,--HarojsWojLTjUTow1RHA
https://crworkspace.s3.ap-south-1.amazonaws.com/crdhs/private/2024/9/26/recording15679641045251329191.mp3,ZYmQzYm4pfXWPrFobGU7jg
https://crworkspace.s3.ap-south-1.amazonaws.com/crdhs/private/2024/9/25/recording9579744531768432646.mp3,2ax3Kw28FAIbQN4ej-cA9w
https://crworkspace.s3.ap-south-1.amazonaws.com/crdhs/private/2024/10/6/recording15913243527535851653.mp3,swaso3636JetwqIt0ilhuw
https://crworkspace.s3.ap-south-1.amazonaws.com/crdhs/private/2024/11/6/recording.mp3,--HarojsWojLTjUTow1RHA
https://crworkspace.s3.ap-south-1.amazonaws.com/crdhs/private/2024/11/21/recording.mp3,--CsMlwV1w_m0om101_Z1w
https://crworkspace.s3.ap-south-1.amazonaws.com/crdhs/private/2024/9/27/recording558235740194887616.mp3,uA95W1sgNLV_MDV12wkvhQ
https://crworkspace.s3.ap-south-1.amazonaws.com/crdhs/private/2024/9/24/recording1058330464229287543.mp3,FWhvrtMRynZ4268upyQA3Q
https://crworkspace.s3.ap-south-1.amazonaws.com/crdhs/private/2024/9/27/recording5220407244060712270.mp3,yAzvDKCPpy7s84MaW9YDlA
https://crworkspace.s3.ap-south-1.amazonaws.com/crdhs/private/2024/9/23/recording4035728662780786291.mp3,Rwu99J0C4SrwVuYk6evk5A
https://crworkspace.s3.ap-south-1.amazonaws.com/crdhs/private/2024/9/25/recording9789974999844484810.mp3,f1b9eqgYpOmFs8_GBy8H9g
https://crworkspace.s3.ap-south-1.amazonaws.com/crdhs/private/2024/10/6/recording15075060792128040303.mp3,zDR8lykPLGq4avIqETR7Pg
https://crworkspace.s3.ap-south-1.amazonaws.com/crdhs/private/2024/10/7/recording13829113479456109063.mp3,rlIWkMeW3aG9eVXEZO9bcQ
https://crworkspace.s3.ap-south-1.amazonaws.com/crdhs/private/2024/9/24/recording6273278495437480122.mp3,Mdg8kU9My-WBewYnbQ77MQ
https://crworkspace.s3.ap-south-1.amazonaws.com/crdhs/private/2024/9/23/recording16606965488211229384.mp3,II_WUwfMoKy1X2mP27kLgg
https://crworkspace.s3.ap-south-1.amazonaws.com/crdhs/private/2024/9/23/recording17124990295802672781.mp3,9iaLkLW1PDeTwL3jZX5xOA
https://crworkspace.s3.ap-south-1.amazonaws.com/crdhs/private/2024/11/6/recording.mp3,--HarojsWojLTjUTow1RHA
https://crworkspace.s3.ap-south-1.amazonaws.com/crdhs/private/2024/10/6/recording5857205861880279311.mp3,Xzz1hWgeBJ8FIlcqICYXkA
https://crworkspace.s3.ap-south-1.amazonaws.com/crdhs/private/2024/10/7/recording3292145098919881590.mp3,_k2-FghH_I1ADMpTX-Qbvg
https://crworkspace.s3.ap-south-1.amazonaws.com/crdhs/private/2024/9/21/recording17757946848864579618.mp3,uWaVtf23sbKchwHIrP-fvg
https://crworkspace.s3.ap-south-1.amazonaws.com/crdhs/private/2024/9/20/recording9801548954133809606.mp3,Ib0Pv01-BRIfO4nQkn0uYQ
https://crworkspace.s3.ap-south-1.amazonaws.com/crdhs/private/2024/11/6/recording.mp3,--HarojsWojLTjUTow1RHA
https://crworkspace.s3.ap-south-1.amazonaws.com/crdhs/private/2024/11/6/recording.mp3,--HarojsWojLTjUTow1RHA
https://crworkspace.s3.ap-south-1.amazonaws.com/crdhs/private/2024/10/7/recording1523922044051041204.mp3,fiekhPllhPMQhbtEJ7Wzfw
https://crworkspace.s3.ap-south-1.amazonaws.com/crdhs/private/2024/9/21/recording11210995758808448219.mp3,5Sa4v92uZlP4ZM0h1ztd5g
https://crworkspace.s3.ap-south-1.amazonaws.com/crdhs/private/2024/9/20/recording15798099569301453221.mp3,7cGCWDB5Q6svoFrA5ZyVjg
https://crworkspace.s3.ap-south-1.amazonaws.com/crdhs/private/2024/9/20/recording2267006638005622224.mp3,KNWTQtXw18c0MQ-qcv7EBw
https://crworkspace.s3.ap-south-1.amazonaws.com/crdhs/private/2024/9/23/recording11226254234202336318.mp3,dHNZU0_WP4PpuiQ4eFKhQQ
https://crworkspace.s3.ap-south-1.amazonaws.com/crdhs/private/2024/9/26/recording4257250448205297650.mp3,FNlEt2MiomcZZ4e0ZyQYtQ
https://crworkspace.s3.ap-south-1.amazonaws.com/crdhs/private/2024/9/24/recording8844634445446803934.mp3,_9728tS5IkTtYJx7y_mA-Q
https://crworkspace.s3.ap-south-1.amazonaws.com/crdhs/private/2024/9/23/recording7234669366251589041.mp3,KsxPauZ0bSBVXYhMrP6FSQ
https://crworkspace.s3.ap-south-1.amazonaws.com/crdhs/private/2024/9/21/recording9671732676549715834.mp3,LeskZvKnd8d_F5Joc1ScxQ
https://crworkspace.s3.ap-south-1.amazonaws.com/crdhs/private/2024/9/23/recording4093726072060986775.mp3,4rBuopRWMeT_F368DcGM9w
https://crworkspace.s3.ap-south-1.amazonaws.com/crdhs/private/2024/9/24/recording12806927971457859704.mp3,8UuCr95STK6ilS7spVIidw
https://crworkspace.s3.ap-south-1.amazonaws.com/crdhs/private/2024/9/23/recording1766116768111671392.mp3,ZfSUZrktbZ0FZH9qf6ReWQ
https://crworkspace.s3.ap-south-1.amazonaws.com/crdhs/private/2024/9/24/recording9809378769700298431.mp3,mGgVBLdWzTid_13o_y6z5A
https://crworkspace.s3.ap-south-1.amazonaws.com/crdhs/private/2024/9/23/recording10185533392261124283.mp3,M077aJ_FwFn6u7GHpzcsOw
https://crworkspace.s3.ap-south-1.amazonaws.com/crdhs/private/2024/9/25/recording481576425876009755.mp3,RNqu1_JRXIKHDwcs8ateiw
https://crworkspace.s3.ap-south-1.amazonaws.com/crdhs/private/2024/9/23/recording8590871663793460170.mp3,v7bxKNVwb2zJpogd-TnDEw
https://crworkspace.s3.ap-south-1.amazonaws.com/crdhs/private/2024/9/24/recording11161503273189847055.mp3,1-jUvndLGxIeQip1NDedNA
https://crworkspace.s3.ap-south-1.amazonaws.com/crdhs/private/2024/9/21/recording13191952035802837682.mp3,YNQuKKPm-i9LdW5lJ6RNkg
https://crworkspace.s3.ap-south-1.amazonaws.com/crdhs/private/2024/9/20/recording13964373660756000707.mp3,gyBILCFadk7xVXqyVC9kbA
https://crworkspace.s3.ap-south-1.amazonaws.com/crdhs/private/2024/11/26/recording.mp3,-8AhiNg6tiGz8N7jiEqUFA
https://crworkspace.s3.ap-south-1.amazonaws.com/crdhs/private/2024/11/21/recording.mp3,--CsMlwV1w_m0om101_Z1w
https://crworkspace.s3.ap-south-1.amazonaws.com/crdhs/private/2024/9/27/recording18000210754877808039.mp3,GFDjMSzmIG4wuf4Aec30gg
https://crworkspace.s3.ap-south-1.amazonaws.com/crdhs/private/2024/9/23/recording6682968616325194028.mp3,b5ptdJ1XfTc48vPjuvIfxg
https://crworkspace.s3.ap-south-1.amazonaws.com/crdhs/private/2024/9/21/recording17083871907546964529.mp3,wie_N7o2dYwD4O1bVY52yw
https://crworkspace.s3.ap-south-1.amazonaws.com/crdhs/private/2024/9/23/recording11509646144871287555.mp3,-zJ0nI-4KmIo-_22iHQO-Q
https://crworkspace.s3.ap-south-1.amazonaws.com/crdhs/private/2024/9/23/recording1028147930819300334.mp3,j_eYUEdzAoV9l2EhH2ty4g
https://crworkspace.s3.ap-south-1.amazonaws.com/crdhs/private/2024/9/23/recording17742883144577300426.mp3,c9P1gwUKhfYot5H-5Am3DQ
https://crworkspace.s3.ap-south-1.amazonaws.com/crdhs/private/2024/9/24/recording8093856231681467219.mp3,Y95PxD61JJJMJ5v-lg8vLg
https://crworkspace.s3.ap-south-1.amazonaws.com/crdhs/private/2024/9/24/recording17008078387808594930.mp3,GqoqCXMLHW5wNGaQ-Ig7fA
https://crworkspace.s3.ap-south-1.amazonaws.com/crdhs/private/2024/9/25/recording1987432089139979806.mp3,RZx0mNVpYogRhoK-9fWlAg
https://crworkspace.s3.ap-south-1.amazonaws.com/crdhs/private/2024/10/6/recording8026534046070901906.mp3,FSy8G2R6GnLVvoHMoF5Fsg
https://crworkspace.s3.ap-south-1.amazonaws.com/crdhs/private/2024/9/23/recording6949078931694843571.mp3,oiT6MbnJF3NLu5pzVJJTHQ
https://crworkspace.s3.ap-south-1.amazonaws.com/crdhs/private/2024/9/20/recording4199298777435826053.mp3,QBlndNMf8_xRU9Ke9gG7gA
https://crworkspace.s3.ap-south-1.amazonaws.com/crdhs/private/2024/9/25/recording2811570388265301285.mp3,dnxJw_NGQds9XuXAdAsudA
https://crworkspace.s3.ap-south-1.amazonaws.com/crdhs/private/2024/9/20/recording7823776990701036033.mp3,4nw3S3ybxj_V4gaA7bmtHA
https://crworkspace.s3.ap-south-1.amazonaws.com/crdhs/private/2024/11/26/recording.mp3,-8AhiNg6tiGz8N7jiEqUFA
https://crworkspace.s3.ap-south-1.amazonaws.com/crdhs/private/2024/9/24/recording5751024629214483414.mp3,fPVcVwVn725klhcbEIOa8w
https://crworkspace.s3.ap-south-1.amazonaws.com/crdhs/private/2024/9/21/recording4830381664272371126.mp3,KtNIjkDxPprJVziNhXknHA
https://crworkspace.s3.ap-south-1.amazonaws.com/crdhs/private/2024/9/20/recording1073472998344559839.mp3,zIOT6egmSXBBDd4_Dcz0Zg
https://crworkspace.s3.ap-south-1.amazonaws.com/crdhs/private/2024/9/27/recording14758788539526074409.mp3,-0l-oTOL95wu28eKFqQsIg
https://crworkspace.s3.ap-south-1.amazonaws.com/crdhs/private/2024/11/6/recording.mp3,--HarojsWojLTjUTow1RHA
https://crworkspace.s3.ap-south-1.amazonaws.com/crdhs/private/2024/10/7/recording1767573607689386524.mp3,qTaK0jJokRutJF4t2MqNFA
https://crworkspace.s3.ap-south-1.amazonaws.com/crdhs/private/2024/9/21/recording3031541163289592621.mp3,hRqKe5vkJbTLlY__IhgGwA
https://crworkspace.s3.ap-south-1.amazonaws.com/crdhs/private/2024/11/6/recording.mp3,--HarojsWojLTjUTow1RHA
https://crworkspace.s3.ap-south-1.amazonaws.com/crdhs/private/2024/9/20/recording3143582768911512229.mp3,8SvBjeYqFipcYqTjPZttjw
https://crworkspace.s3.ap-south-1.amazonaws.com/crdhs/private/2024/9/21/recording8573336900273965442.mp3,BTMbba6lOGKugahEgcLxJQ
https://crworkspace.s3.ap-south-1.amazonaws.com/crdhs/private/2024/9/21/recording9254465957105288272.mp3,8Q1gSpJ9SoTj4ANOMGdmUw
https://crworkspace.s3.ap-south-1.amazonaws.com/crdhs/private/2024/9/20/recording10189276694844333006.mp3,4xccw4rGvSKFWb7VE8eRQA
https://crworkspace.s3.ap-south-1.amazonaws.com/crdhs/private/2024/9/24/recording5629514687802527023.mp3,gKhYUFvjJCTY4Dw7Nz2doQ
https://crworkspace.s3.ap-south-1.amazonaws.com/crdhs/private/2024/9/20/recording3170690137282093955.mp3,oC43JW4vwnC1r3VSf2tHLg
https://crworkspace.s3.ap-south-1.amazonaws.com/crdhs/private/2024/9/20/recording795971845184070381.mp3,ojNVvoF_AJ1WouoeF-hgkA
https://crworkspace.s3.ap-south-1.amazonaws.com/crdhs/private/2024/9/23/recording2809974563013798908.mp3,8nHw9upc4_b3UJseIvh9sQ
https://crworkspace.s3.ap-south-1.amazonaws.com/crdhs/private/2024/9/21/recording17881450963346221068.mp3,5NZct2anQGQJeKnDfDiKzw
https://crworkspace.s3.ap-south-1.amazonaws.com/crdhs/private/2024/9/23/recording1974664336128749924.mp3,BWndWVZZod3syaInw8_ueA
https://crworkspace.s3.ap-south-1.amazonaws.com/crdhs/private/2024/9/21/recording10055953905994188320.mp3,uSa1UE13SjpWk_zhk7cirQ
https://crworkspace.s3.ap-south-1.amazonaws.com/crdhs/private/2024/11/6/recording.mp3,--HarojsWojLTjUTow1RHA
https://crworkspace.s3.ap-south-1.amazonaws.com/crdhs/private/2024/11/6/recording.mp3,--HarojsWojLTjUTow1RHA
https://crworkspace.s3.ap-south-1.amazonaws.com/crdhs/private/2024/9/20/recording2591948665422102456.mp3,2VU0uglyhVVVX1Fauv9s1Q
https://crworkspace.s3.ap-south-1.amazonaws.com/crdhs/private/2024/9/21/recording4400824959695996152.mp3,69Q2bkXpbSXJEsahPZol8w
https://crworkspace.s3.ap-south-1.amazonaws.com/crdhs/private/2024/9/20/recording15347539227033913111.mp3,by_VmM-ybbaIjiT2eAeiWw
https://crworkspace.s3.ap-south-1.amazonaws.com/crdhs/private/2024/9/20/recording8355339061779406663.mp3,zp4pWFz8pm_detHJKu-A-Q
https://crworkspace.s3.ap-south-1.amazonaws.com/crdhs/private/2024/9/21/recording9239798904237538873.mp3,RFl-8Qnp5eF61qfvhNbMvg
https://crworkspace.s3.ap-south-1.amazonaws.com/crdhs/private/2024/10/6/recording10356657847440238023.mp3,ogpk0dh7sBAAO08tAneirg
https://crworkspace.s3.ap-south-1.amazonaws.com/crdhs/private/2024/9/24/recording14299050057937804984.mp3,hN5DVvo_bcX85kRmAQzrjw
https://crworkspace.s3.ap-south-1.amazonaws.com/crdhs/private/2024/10/6/recording16695292610340567504.mp3,pW8BclXEyyVuclL2oZ15bg
https://crworkspace.s3.ap-south-1.amazonaws.com/crdhs/private/2024/9/25/recording16820953910417107038.mp3,KaIj9qf7p_GMz1PdFq2ICQ
https://crworkspace.s3.ap-south-1.amazonaws.com/crdhs/private/2024/9/23/recording10091711556858002147.mp3,vg8HVR8gT6TzHZXrL3qQ5w
https://crworkspace.s3.ap-south-1.amazonaws.com/crdhs/private/2024/9/23/recording11780027628056227044.mp3,zoUToBPKk_hoRuxwXnDuLg
https://crworkspace.s3.ap-south-1.amazonaws.com/crdhs/private/2024/9/21/recording7670333360589470001.mp3,ApiIDwe8ccUemPQnygI_Sg
https://crworkspace.s3.ap-south-1.amazonaws.com/crdhs/private/2024/11/6/recording.mp3,--HarojsWojLTjUTow1RHA
https://crworkspace.s3.ap-south-1.amazonaws.com/crdhs/private/2024/9/24/recording526392166475200385.mp3,8YKCPFWVZ_I9uGifIKnTJg
https://crworkspace.s3.ap-south-1.amazonaws.com/crdhs/private/2024/11/6/recording.mp3,--HarojsWojLTjUTow1RHA
https://crworkspace.s3.ap-south-1.amazonaws.com/crdhs/private/2024/9/21/recording1811155541404487171.mp3,n9CIjoBL7WdE5oHjJ7moPQ
https://crworkspace.s3.ap-south-1.amazonaws.com/crdhs/private/2024/9/23/recording15437382962937823198.mp3,sCsv5mk1XUwE8UdGpRVrTQ
https://crworkspace.s3.ap-south-1.amazonaws.com/crdhs/private/2024/11/21/recording.mp3,--CsMlwV1w_m0om101_Z1w
https://crworkspace.s3.ap-south-1.amazonaws.com/crdhs/private/2024/11/6/recording.mp3,--HarojsWojLTjUTow1RHA
https://crworkspace.s3.ap-south-1.amazonaws.com/crdhs/private/2024/11/21/recording.mp3,--CsMlwV1w_m0om101_Z1w
https://crworkspace.s3.ap-south-1.amazonaws.com/crdhs/private/2024/9/21/recording14152535137061492418.mp3,P_BQmCRp6Zq-AQFHttUDRg
https://crworkspace.s3.ap-south-1.amazonaws.com/crdhs/private/2024/9/23/recording3229317214989809988.mp3,Qrrd8wzbcM5GPdNYAYm6Nw
https://crworkspace.s3.ap-south-1.amazonaws.com/crdhs/private/2024/9/21/recording14962901617037949997.mp3,BpFPlJzlkZEcHbu5i48rgQ
https://crworkspace.s3.ap-south-1.amazonaws.com/crdhs/private/2024/9/20/recording13851411450204598201.mp3,btkELvW0WEsgN4etjHuaVw
https://crworkspace.s3.ap-south-1.amazonaws.com/crdhs/private/2024/9/25/recording18335413616373725865.mp3,ZlXNYviO71AT22xDga4VjA
https://crworkspace.s3.ap-south-1.amazonaws.com/crdhs/private/2024/11/6/recording.mp3,--HarojsWojLTjUTow1RHA
https://crworkspace.s3.ap-south-1.amazonaws.com/crdhs/private/2024/9/20/recording11836705171585623580.mp3,ZgS1ZRk8U9S4R-wLW-lTRw
https://crworkspace.s3.ap-south-1.amazonaws.com/crdhs/private/2024/9/20/recording9826217234829263604.mp3,KHhmHrdnRlRTRghuzn0CBg
https://crworkspace.s3.ap-south-1.amazonaws.com/crdhs/private/2024/9/25/recording11785167796921568640.mp3,Lf0KJB9QIKqmYeombOxjcA
https://crworkspace.s3.ap-south-1.amazonaws.com/crdhs/private/2024/9/20/recording6700782404969827543.mp3,hmALFR1OZbviVdgABsURxA
https://crworkspace.s3.ap-south-1.amazonaws.com/crdhs/private/2024/9/23/recording16965105611773076060.mp3,wS-fWbfE2FaXH4TyXGMv4A
https://crworkspace.s3.ap-south-1.amazonaws.com/crdhs/private/2024/11/26/recording.mp3,-8AhiNg6tiGz8N7jiEqUFA
https://crworkspace.s3.ap-south-1.amazonaws.com/crdhs/private/2024/11/26/recording.mp3,-8AhiNg6tiGz8N7jiEqUFA
https://crworkspace.s3.ap-south-1.amazonaws.com/crdhs/private/2024/9/23/recording7398590531938595782.mp3,Qfdgd0isUPm1FDKsdHJXQQ
https://crworkspace.s3.ap-south-1.amazonaws.com/crdhs/private/2024/9/27/recording8023162830342236988.mp3,yCE7TA1ji3AWJEaqWHw6RQ
https://crworkspace.s3.ap-south-1.amazonaws.com/crdhs/private/2024/9/24/recording1416063529487529215.mp3,Ld_nUOIh9fj_C5-L1uO2Yg
https://crworkspace.s3.ap-south-1.amazonaws.com/crdhs/private/2024/9/24/recording18368298874239014350.mp3,WFer7WogqpkJ4aKN1_gXWw
https://crworkspace.s3.ap-south-1.amazonaws.com/crdhs/private/2024/9/24/recording3396651797899018910.mp3,p_sAWw6m4fF8lYJLa8pY0A
https://crworkspace.s3.ap-south-1.amazonaws.com/crdhs/private/2024/9/24/recording14423478201229800561.mp3,jPPuP8lO3sLHWGa3eNKqgg
https://crworkspace.s3.ap-south-1.amazonaws.com/crdhs/private/2024/9/23/recording1369967492062700617.mp3,lOX9CEBYapN3dJF_YRHmQQ
https://crworkspace.s3.ap-south-1.amazonaws.com/crdhs/private/2024/9/23/recording11720858987284239139.mp3,MLXaaICYWqe4fzxDWL4Llw
https://crworkspace.s3.ap-south-1.amazonaws.com/crdhs/private/2024/10/6/recording17350501360326232461.mp3,80ESDI4b-OuCLHlXmUDeLA
https://crworkspace.s3.ap-south-1.amazonaws.com/crdhs/private/2024/11/26/recording.mp3,-8AhiNg6tiGz8N7jiEqUFA
https://crworkspace.s3.ap-south-1.amazonaws.com/crdhs/private/2024/9/24/recording6183842637783766511.mp3,Tc14ni2R0Mk-VZTC9wClTg
https://crworkspace.s3.ap-south-1.amazonaws.com/crdhs/private/2024/11/6/recording.mp3,--HarojsWojLTjUTow1RHA
https://crworkspace.s3.ap-south-1.amazonaws.com/crdhs/private/2024/9/21/recording17307088090352348368.mp3,PpLuELdPw1T5ww5Q8s-gFA
https://crworkspace.s3.ap-south-1.amazonaws.com/crdhs/private/2024/11/6/recording.mp3,--HarojsWojLTjUTow1RHA
https://crworkspace.s3.ap-south-1.amazonaws.com/crdhs/private/2024/9/21/recording2185736387137494168.mp3,L1Km33ct-iLn7IL_bnYE-w
https://crworkspace.s3.ap-south-1.amazonaws.com/crdhs/private/2024/11/6/recording.mp3,--HarojsWojLTjUTow1RHA
https://crworkspace.s3.ap-south-1.amazonaws.com/crdhs/private/2024/11/6/recording.mp3,--HarojsWojLTjUTow1RHA
https://crworkspace.s3.ap-south-1.amazonaws.com/crdhs/private/2024/9/23/recording5157312073441915335.mp3,ybbqu9JCJVpuWs0Hostifg
https://crworkspace.s3.ap-south-1.amazonaws.com/crdhs/private/2024/11/21/recording.mp3,--CsMlwV1w_m0om101_Z1w
https://crworkspace.s3.ap-south-1.amazonaws.com/crdhs/private/2024/9/25/recording12908195381738905377.mp3,MOsF1AzsZY7RTnMqXMUKug
https://crworkspace.s3.ap-south-1.amazonaws.com/crdhs/private/2024/11/21/recording.mp3,--CsMlwV1w_m0om101_Z1w
https://crworkspace.s3.ap-south-1.amazonaws.com/crdhs/private/2024/9/21/recording8194180173511573783.mp3,QI10X8UPiiyl29W1V2s_nA
https://crworkspace.s3.ap-south-1.amazonaws.com/crdhs/private/2024/9/23/recording5458492271219040524.mp3,mhyxs64Yk1dwVKp4pXFpVQ
https://crworkspace.s3.ap-south-1.amazonaws.com/crdhs/private/2024/9/24/recording16135414132030423834.mp3,-LpsRriVtKZLrFK5wDVq7A
https://crworkspace.s3.ap-south-1.amazonaws.com/crdhs/private/2024/9/21/recording9505527182535927780.mp3,D-aKww-TY6S39s14-2dKcg
https://crworkspace.s3.ap-south-1.amazonaws.com/crdhs/private/2024/11/6/recording.mp3,--HarojsWojLTjUTow1RHA
https://crworkspace.s3.ap-south-1.amazonaws.com/crdhs/private/2024/9/23/recording17129520892170703035.mp3,kJjsiMaKC6lMLpnUbpyMxg
https://crworkspace.s3.ap-south-1.amazonaws.com/crdhs/private/2024/9/25/recording3629329539584180757.mp3,r-nsyA4NpK23NqAmmJ00yA
https://crworkspace.s3.ap-south-1.amazonaws.com/crdhs/private/2024/11/6/recording.mp3,--HarojsWojLTjUTow1RHA
https://crworkspace.s3.ap-south-1.amazonaws.com/crdhs/private/2024/9/21/recording8896087417313836343.mp3,Mdi0fvG1N68vc3Bss1e0sQ
https://crworkspace.s3.ap-south-1.amazonaws.com/crdhs/private/2024/11/21/recording.mp3,--CsMlwV1w_m0om101_Z1w
https://crworkspace.s3.ap-south-1.amazonaws.com/crdhs/private/2024/11/21/recording.mp3,--CsMlwV1w_m0om101_Z1w
https://crworkspace.s3.ap-south-1.amazonaws.com/crdhs/private/2024/9/26/recording4519155256491688311.mp3,mp7O_GoYRFj6fEkcVNyeJg
https://crworkspace.s3.ap-south-1.amazonaws.com/crdhs/private/2024/10/7/recording4363371972942936805.mp3,7HvGpeYE3N-ck2ZymPJvtw
https://crworkspace.s3.ap-south-1.amazonaws.com/crdhs/private/2024/10/6/recording13053554910629059988.mp3,2ejr2snDnhPt7cvkWEiE9g
https://crworkspace.s3.ap-south-1.amazonaws.com/crdhs/private/2024/11/6/recording.mp3,--HarojsWojLTjUTow1RHA
https://crworkspace.s3.ap-south-1.amazonaws.com/crdhs/private/2024/9/21/recording17235886842812493353.mp3,W_Sf6aA78JsaAAYNoG0Zmg
https://crworkspace.s3.ap-south-1.amazonaws.com/crdhs/private/2024/9/23/recording9579562374946760874.mp3,K1vAL5VRDS2FSBgIqjCcJw
https://crworkspace.s3.ap-south-1.amazonaws.com/crdhs/private/2024/9/23/recording5917424794046830302.mp3,G7ofarH_q6pVcY_EEdiRYQ
https://crworkspace.s3.ap-south-1.amazonaws.com/crdhs/private/2024/9/20/recording760201701653646466.mp3,0BR33KVbD7kkOsJu9xQJvA
https://crworkspace.s3.ap-south-1.amazonaws.com/crdhs/private/2024/9/23/recording16622966168445541565.mp3,Itw5QQmcaqAXCU5dI6OdOg
https://crworkspace.s3.ap-south-1.amazonaws.com/crdhs/private/2024/11/6/recording.mp3,--HarojsWojLTjUTow1RHA
https://crworkspace.s3.ap-south-1.amazonaws.com/crdhs/private/2024/11/6/recording.mp3,--HarojsWojLTjUTow1RHA
https://crworkspace.s3.ap-south-1.amazonaws.com/crdhs/private/2024/9/24/recording7524514174020536698.mp3,0KFrEfhNd6wvGQutaWswVQ
https://crworkspace.s3.ap-south-1.amazonaws.com/crdhs/private/2024/9/23/recording1342838068701714767.mp3,5iha3c7msbA2w6ZUGBolbA
https://crworkspace.s3.ap-south-1.amazonaws.com/crdhs/private/2024/9/24/recording4250567418824925471.mp3,edco1W9vt19sJNkB4eWFZQ
https://crworkspace.s3.ap-south-1.amazonaws.com/crdhs/private/2024/9/20/recording10480287552444127041.mp3,UAZfAs2MdLqOS8n2Nr90yw
https://crworkspace.s3.ap-south-1.amazonaws.com/crdhs/private/2024/9/21/recording5632118541608883204.mp3,SmWtNZYPa0H56E6jOeyI7g
https://crworkspace.s3.ap-south-1.amazonaws.com/crdhs/private/2024/9/21/recording11513638618998991320.mp3,iIqM8t8MYvuoVlQVuax4Ww
https://crworkspace.s3.ap-south-1.amazonaws.com/crdhs/private/2024/11/6/recording.mp3,--HarojsWojLTjUTow1RHA
https://crworkspace.s3.ap-south-1.amazonaws.com/crdhs/private/2024/11/21/recording.mp3,--CsMlwV1w_m0om101_Z1w
https://crworkspace.s3.ap-south-1.amazonaws.com/crdhs/private/2024/10/6/recording13781843197796899081.mp3,HvG-RgbZgwSFA_uyRMKoyA
https://crworkspace.s3.ap-south-1.amazonaws.com/crdhs/private/2024/9/24/recording3759438676523462468.mp3,pNBYr7Nb_cAiRFiCfS20nw
https://crworkspace.s3.ap-south-1.amazonaws.com/crdhs/private/2024/9/23/recording4423227786789746627.mp3,hbuDtxxStJdtw2wrgZTAJg
https://crworkspace.s3.ap-south-1.amazonaws.com/crdhs/private/2024/11/6/recording.mp3,--HarojsWojLTjUTow1RHA
https://crworkspace.s3.ap-south-1.amazonaws.com/crdhs/private/2024/9/23/recording14335299330154168962.mp3,0dLhfcULdO9vOcjmr8Gw5Q
https://crworkspace.s3.ap-south-1.amazonaws.com/crdhs/private/2024/11/6/recording.mp3,--HarojsWojLTjUTow1RHA
https://crworkspace.s3.ap-south-1.amazonaws.com/crdhs/private/2024/9/21/recording9603049019002154765.mp3,kUNRKegP8RNeoFIMjWz0wA
https://crworkspace.s3.ap-south-1.amazonaws.com/crdhs/private/2024/11/21/recording.mp3,--CsMlwV1w_m0om101_Z1w
https://crworkspace.s3.ap-south-1.amazonaws.com/crdhs/private/2024/9/23/recording12494345655075784847.mp3,v-q2cTfpGBRxYoDXkz0oCQ
https://crworkspace.s3.ap-south-1.amazonaws.com/crdhs/private/2024/9/21/recording17345253473182921068.mp3,ZJ4WbDasPjCOkGYRhZ_qfA
https://crworkspace.s3.ap-south-1.amazonaws.com/crdhs/private/2024/9/23/recording6068468916197518232.mp3,HAOjqC7CVLAYcOG3_h0N7w
https://crworkspace.s3.ap-south-1.amazonaws.com/crdhs/private/2024/9/23/recording8626977031064711572.mp3,RXsQlfqrMuPuiMXk8j1jqA
https://crworkspace.s3.ap-south-1.amazonaws.com/crdhs/private/2024/9/20/recording4399063850972408017.mp3,gBjWamuep1O_g2G2vCiomQ
https://crworkspace.s3.ap-south-1.amazonaws.com/crdhs/private/2024/11/26/recording.mp3,-8AhiNg6tiGz8N7jiEqUFA
https://crworkspace.s3.ap-south-1.amazonaws.com/crdhs/private/2024/9/23/recording10693682586435308863.mp3,RVLdr9bujiXOgfM6_TfN-A
https://crworkspace.s3.ap-south-1.amazonaws.com/crdhs/private/2024/11/21/recording.mp3,--CsMlwV1w_m0om101_Z1w
https://crworkspace.s3.ap-south-1.amazonaws.com/crdhs/private/2024/9/24/recording6094521570804803982.mp3,CY4o4CSzUDNW4j0-riFKVg
https://crworkspace.s3.ap-south-1.amazonaws.com/crdhs/private/2024/9/24/recording16161831188516885399.mp3,RSH_PPT7je67ic3uQWyoIw
https://crworkspace.s3.ap-south-1.amazonaws.com/crdhs/private/2024/11/6/recording.mp3,--HarojsWojLTjUTow1RHA
https://crworkspace.s3.ap-south-1.amazonaws.com/crdhs/private/2024/9/23/recording7168448814482753181.mp3,jTj221zhdZTS_m8HdDa4CQ
https://crworkspace.s3.ap-south-1.amazonaws.com/crdhs/private/2024/11/26/recording.mp3,-8AhiNg6tiGz8N7jiEqUFA
https://crworkspace.s3.ap-south-1.amazonaws.com/crdhs/private/2024/11/21/recording.mp3,--CsMlwV1w_m0om101_Z1w
https://crworkspace.s3.ap-south-1.amazonaws.com/crdhs/private/2024/9/20/recording2390707077121712680.mp3,z8ClxuXvMgK5fopUI6oCeQ
https://crworkspace.s3.ap-south-1.amazonaws.com/crdhs/private/2024/9/26/recording1485748119622587273.mp3,FzV-f6Eqvlj01-47UdzsZA
https://crworkspace.s3.ap-south-1.amazonaws.com/crdhs/private/2024/9/24/recording9806043849959256799.mp3,82EnvAEQc4264lrdFiqs0w
https://crworkspace.s3.ap-south-1.amazonaws.com/crdhs/private/2024/9/21/recording14144535614275547087.mp3,nayJV4uRLOckzm552Uw5Ng
https://crworkspace.s3.ap-south-1.amazonaws.com/crdhs/private/2024/9/23/recording3872395583417550520.mp3,x_6uIsa1GGbBowDlu2dAjA
https://crworkspace.s3.ap-south-1.amazonaws.com/crdhs/private/2024/9/26/recording9391405615591625542.mp3,qWb6SK2YAcMmsAgIPFnO7A
https://crworkspace.s3.ap-south-1.amazonaws.com/crdhs/private/2024/9/24/recording14948973273230706921.mp3,RsMUEMo4tok1Xfc1ibUMYQ
https://crworkspace.s3.ap-south-1.amazonaws.com/crdhs/private/2024/11/6/recording.mp3,--HarojsWojLTjUTow1RHA
https://crworkspace.s3.ap-south-1.amazonaws.com/crdhs/private/2024/10/7/recording7866238423087200052.mp3,rr-ALC0xMXn456eAwT-cPg
https://crworkspace.s3.ap-south-1.amazonaws.com/crdhs/private/2024/9/23/recording1589443945976956829.mp3,70s96Ma53eR9RACHvfXwuw
https://crworkspace.s3.ap-south-1.amazonaws.com/crdhs/private/2024/11/6/recording.mp3,--HarojsWojLTjUTow1RHA
https://crworkspace.s3.ap-south-1.amazonaws.com/crdhs/private/2024/11/26/recording.mp3,-8AhiNg6tiGz8N7jiEqUFA
https://crworkspace.s3.ap-south-1.amazonaws.com/crdhs/private/2024/9/23/recording11560899109649039778.mp3,XzjcgNLJfneY1bPoxp0tmw
https://crworkspace.s3.ap-south-1.amazonaws.com/crdhs/private/2024/9/24/recording6198484854168585109.mp3,4Hi8tjbBcP7W4U4NLD8jdg
https://crworkspace.s3.ap-south-1.amazonaws.com/crdhs/private/2024/9/23/recording7431288735002679684.mp3,cQcHP3OEAwmxJ1jV4xlw5g
https://crworkspace.s3.ap-south-1.amazonaws.com/crdhs/private/2024/11/26/recording.mp3,-8AhiNg6tiGz8N7jiEqUFA
https://crworkspace.s3.ap-south-1.amazonaws.com/crdhs/private/2024/9/23/recording8964747254876375868.mp3,-ql4lNNCEXTfgZo_JwwcVQ
https://crworkspace.s3.ap-south-1.amazonaws.com/crdhs/private/2024/9/26/recording10777095531447601215.mp3,8il9jP--2zhI2aoKqhL6CA
https://crworkspace.s3.ap-south-1.amazonaws.com/crdhs/private/2024/9/20/recording12416595440199315637.mp3,bz5wch-_a0iIZvehgOKnyQ
https://crworkspace.s3.ap-south-1.amazonaws.com/crdhs/private/2024/9/20/recording10014125345479246807.mp3,it_LPi_k0royK2hvfNdnbA
https://crworkspace.s3.ap-south-1.amazonaws.com/crdhs/private/2024/9/21/recording5997234497016218214.mp3,P3NRVmAxdEm03T1c88scPA
https://crworkspace.s3.ap-south-1.amazonaws.com/crdhs/private/2024/11/21/recording.mp3,--CsMlwV1w_m0om101_Z1w
https://crworkspace.s3.ap-south-1.amazonaws.com/crdhs/private/2024/11/6/recording.mp3,--HarojsWojLTjUTow1RHA
https://crworkspace.s3.ap-south-1.amazonaws.com/crdhs/private/2024/9/24/recording15260303049544467090.mp3,u-rD6kFM30tuEErDv6kq_A
https://crworkspace.s3.ap-south-1.amazonaws.com/crdhs/private/2024/9/23/recording13259965048776857967.mp3,Cm87ZsQ7k3AwCbjdmTF7Lw
https://crworkspace.s3.ap-south-1.amazonaws.com/crdhs/private/2024/9/23/recording17370082944174633048.mp3,EXn0jk8ADpgRD6JhQKdDOg
https://crworkspace.s3.ap-south-1.amazonaws.com/crdhs/private/2024/9/24/recording17931983414551246796.mp3,rZRxBaJJ4UVuNH33q-XBuw
https://crworkspace.s3.ap-south-1.amazonaws.com/crdhs/private/2024/9/26/recording9623632620899706557.mp3,RXczekwkYdNdXymEGyWyog
https://crworkspace.s3.ap-south-1.amazonaws.com/crdhs/private/2024/11/21/recording.mp3,--CsMlwV1w_m0om101_Z1w
https://crworkspace.s3.ap-south-1.amazonaws.com/crdhs/private/2024/10/3/recording12591839629908130265.mp3,ehf1F-DbKctKawGSzFCfMQ
https://crworkspace.s3.ap-south-1.amazonaws.com/crdhs/private/2024/12/8/recording.mp3,-1XRc32W8XtdNezq7w2NZg
https://crworkspace.s3.ap-south-1.amazonaws.com/crdhs/private/2024/11/21/recording.mp3,--CsMlwV1w_m0om101_Z1w
https://crworkspace.s3.ap-south-1.amazonaws.com/crdhs/private/2024/11/21/recording.mp3,--CsMlwV1w_m0om101_Z1w
https://crworkspace.s3.ap-south-1.amazonaws.com/crdhs/private/2024/9/20/recording7403140034056152849.mp3,nqTSCpmwViyO3fVC2W7qxA
https://crworkspace.s3.ap-south-1.amazonaws.com/crdhs/private/2024/9/23/recording7685199365485878466.mp3,U7ckBm-F-Ce-tvtZX-2HNA
https://crworkspace.s3.ap-south-1.amazonaws.com/crdhs/private/2024/9/23/recording4713457283493802447.mp3,aKm8cr4_4MeAnOzFRpZgXQ
https://crworkspace.s3.ap-south-1.amazonaws.com/crdhs/private/2024/9/21/recording15576493605783665718.mp3,6A4h4Ev4eDoQFgOCGRZmoQ
https://crworkspace.s3.ap-south-1.amazonaws.com/crdhs/private/2024/11/21/recording.mp3,--CsMlwV1w_m0om101_Z1w
https://crworkspace.s3.ap-south-1.amazonaws.com/crdhs/private/2024/11/6/recording.mp3,--HarojsWojLTjUTow1RHA
https://crworkspace.s3.ap-south-1.amazonaws.com/crdhs/private/2024/9/24/recording5871341464699969637.mp3,ex8QUc8EdObXdM-P6uKY3A
https://crworkspace.s3.ap-south-1.amazonaws.com/crdhs/private/2024/11/6/recording.mp3,--HarojsWojLTjUTow1RHA
https://crworkspace.s3.ap-south-1.amazonaws.com/crdhs/private/2024/10/6/recording1775125380866262426.mp3,rleiOejL2sUpxWcYWSodIw
https://crworkspace.s3.ap-south-1.amazonaws.com/crdhs/private/2024/9/24/recording12830480806464171302.mp3,T9hXSXzOup9WjWFSikZE2A
https://crworkspace.s3.ap-south-1.amazonaws.com/crdhs/private/2024/11/6/recording.mp3,--HarojsWojLTjUTow1RHA
https://crworkspace.s3.ap-south-1.amazonaws.com/crdhs/private/2024/10/7/recording4063071196752005974.mp3,z6L4cwVZWoGfrU36IVsfRw
https://crworkspace.s3.ap-south-1.amazonaws.com/crdhs/private/2024/11/26/recording.mp3,-8AhiNg6tiGz8N7jiEqUFA
https://crworkspace.s3.ap-south-1.amazonaws.com/crdhs/private/2024/9/20/recording13845974072688148829.mp3,RDLYHRrK0bL4ZFCUVJc98w
https://crworkspace.s3.ap-south-1.amazonaws.com/crdhs/private/2024/9/27/recording17081483877548812310.mp3,JbQIJ7SUWhrh9HYF7E56Yw
https://crworkspace.s3.ap-south-1.amazonaws.com/crdhs/private/2024/9/20/recording13404016845275662636.mp3,QwUhHfQoXKiYitoT2F3zXA
https://crworkspace.s3.ap-south-1.amazonaws.com/crdhs/private/2024/9/21/recording17836584835354207599.mp3,dQrXjJqA4aeNJgMytAgpHQ
https://crworkspace.s3.ap-south-1.amazonaws.com/crdhs/private/2024/9/23/recording11112545685384406490.mp3,7z5PAOw2PQI9IqY7AktAHg
https://crworkspace.s3.ap-south-1.amazonaws.com/crdhs/private/2024/9/25/recording3421596881807671702.mp3,t6K6hHnqDaQU-dfmh7W5RQ
https://crworkspace.s3.ap-south-1.amazonaws.com/crdhs/private/2024/10/7/recording16270059693068149654.mp3,lswNeLSj3FtDuaoZXb27iw
https://crworkspace.s3.ap-south-1.amazonaws.com/crdhs/private/2024/11/6/recording.mp3,--HarojsWojLTjUTow1RHA
https://crworkspace.s3.ap-south-1.amazonaws.com/crdhs/private/2024/11/6/recording.mp3,--HarojsWojLTjUTow1RHA
https://crworkspace.s3.ap-south-1.amazonaws.com/crdhs/private/2024/9/21/recording1776835976032016057.mp3,nIP-LLtRaZL5fGkG4qMuwA
https://crworkspace.s3.ap-south-1.amazonaws.com/crdhs/private/2024/9/21/recording16122872262850754679.mp3,YlO-iIaH9bPW5f-PfbxEoQ
https://crworkspace.s3.ap-south-1.amazonaws.com/crdhs/private/2024/9/24/recording172761680395942544.mp3,vWZ8wu_d4iiLUMDhNHqXrA
https://crworkspace.s3.ap-south-1.amazonaws.com/crdhs/private/2024/9/24/recording1270919144157938552.mp3,TxQWgmrqCXP9Pv2gcuDvuQ
https://crworkspace.s3.ap-south-1.amazonaws.com/crdhs/private/2024/10/6/recording7650731336058928683.mp3,izDVeiUt9-ABbDVXSZAmCA
https://crworkspace.s3.ap-south-1.amazonaws.com/crdhs/private/2024/11/6/recording.mp3,--HarojsWojLTjUTow1RHA
https://crworkspace.s3.ap-south-1.amazonaws.com/crdhs/private/2024/11/26/recording.mp3,-8AhiNg6tiGz8N7jiEqUFA
https://crworkspace.s3.ap-south-1.amazonaws.com/crdhs/private/2024/11/6/recording.mp3,--HarojsWojLTjUTow1RHA
https://crworkspace.s3.ap-south-1.amazonaws.com/crdhs/private/2024/11/21/recording.mp3,--CsMlwV1w_m0om101_Z1w
https://crworkspace.s3.ap-south-1.amazonaws.com/crdhs/private/2024/11/6/recording.mp3,--HarojsWojLTjUTow1RHA
https://crworkspace.s3.ap-south-1.amazonaws.com/crdhs/private/2024/11/6/recording.mp3,--HarojsWojLTjUTow1RHA
https://crworkspace.s3.ap-south-1.amazonaws.com/crdhs/private/2024/9/24/recording174670213008148252.mp3,OzoquUDLAIevDTbj5cacSA
https://crworkspace.s3.ap-south-1.amazonaws.com/crdhs/private/2024/10/6/recording16346190700946438753.mp3,lzbD8I3Jd9cuXbzG6lDv9g
https://crworkspace.s3.ap-south-1.amazonaws.com/crdhs/private/2024/10/7/recording1935753910194676624.mp3,DkieCoc-QwbF6iZCwy6Agw
https://crworkspace.s3.ap-south-1.amazonaws.com/crdhs/private/2024/11/21/recording.mp3,--CsMlwV1w_m0om101_Z1w
https://crworkspace.s3.ap-south-1.amazonaws.com/crdhs/private/2024/10/6/recording18250809126073295334.mp3,1rkniq_VvbCBQurEqk5TgQ
https://crworkspace.s3.ap-south-1.amazonaws.com/crdhs/private/2024/11/21/recording.mp3,--CsMlwV1w_m0om101_Z1w
https://crworkspace.s3.ap-south-1.amazonaws.com/crdhs/private/2024/9/24/recording6398436848750735240.mp3,TQvCpXQq5WB4Aths3eKKmg
https://crworkspace.s3.ap-south-1.amazonaws.com/crdhs/private/2024/9/27/recording11025312219405786597.mp3,13ExxKIXppwVFX5WcWPFww
https://crworkspace.s3.ap-south-1.amazonaws.com/crdhs/private/2024/11/6/recording.mp3,--HarojsWojLTjUTow1RHA
https://crworkspace.s3.ap-south-1.amazonaws.com/crdhs/private/2024/10/6/recording5542407252359076185.mp3,4zLOxXFfJTB8S-t0Zo0rpA
https://crworkspace.s3.ap-south-1.amazonaws.com/crdhs/private/2024/10/6/recording15590446752312458293.mp3,jZZSlVOA6Y9i7lHjQVAdEg
https://crworkspace.s3.ap-south-1.amazonaws.com/crdhs/private/2024/9/24/recording15461067809154796930.mp3,YbSNwKSvvhC67Gsb7f7zdQ
https://crworkspace.s3.ap-south-1.amazonaws.com/crdhs/private/2024/11/21/recording.mp3,--CsMlwV1w_m0om101_Z1w
https://crworkspace.s3.ap-south-1.amazonaws.com/crdhs/private/2024/10/6/recording17646457810774827087.mp3,wEh0sddBuvxRdicab1sE8w
https://crworkspace.s3.ap-south-1.amazonaws.com/crdhs/private/2024/9/24/recording17702018552502277357.mp3,4i7arxWyoUer2orYTBtXOg
https://crworkspace.s3.ap-south-1.amazonaws.com/crdhs/private/2024/11/6/recording.mp3,--HarojsWojLTjUTow1RHA
https://crworkspace.s3.ap-south-1.amazonaws.com/crdhs/private/2024/11/6/recording.mp3,--HarojsWojLTjUTow1RHA
https://crworkspace.s3.ap-south-1.amazonaws.com/crdhs/private/2024/11/6/recording.mp3,--HarojsWojLTjUTow1RHA
https://crworkspace.s3.ap-south-1.amazonaws.com/crdhs/private/2024/10/6/recording10309504719338983056.mp3,NnSLo4_EMT9dTZeQN-_BZQ
https://crworkspace.s3.ap-south-1.amazonaws.com/crdhs/private/2024/9/24/recording17009701301690417752.mp3,q9b_klDsSu5GqlBbhebeCg
https://crworkspace.s3.ap-south-1.amazonaws.com/crdhs/private/2024/11/21/recording.mp3,--CsMlwV1w_m0om101_Z1w
https://crworkspace.s3.ap-south-1.amazonaws.com/crdhs/private/2024/11/6/recording.mp3,--HarojsWojLTjUTow1RHA
https://crworkspace.s3.ap-south-1.amazonaws.com/crdhs/private/2024/10/6/recording7810950832847845848.mp3,x50oeUFVQrLhga9k2M9nNg
https://crworkspace.s3.ap-south-1.amazonaws.com/crdhs/private/2024/11/26/recording.mp3,-8AhiNg6tiGz8N7jiEqUFA
https://crworkspace.s3.ap-south-1.amazonaws.com/crdhs/private/2024/9/27/recording8143432450514878901.mp3,7xJXE8C_CNe1pjOHVTSF_A
https://crworkspace.s3.ap-south-1.amazonaws.com/crdhs/private/2024/11/6/recording.mp3,--HarojsWojLTjUTow1RHA
https://crworkspace.s3.ap-south-1.amazonaws.com/crdhs/private/2024/9/21/recording9713749697955350146.mp3,5KKIpyrKddIlDxGjt8qx5A
https://crworkspace.s3.ap-south-1.amazonaws.com/crdhs/private/2024/10/7/recording13818497541376514415.mp3,mk_MmTmU7ar3JkkhGd5mXQ
https://crworkspace.s3.ap-south-1.amazonaws.com/crdhs/private/2024/11/6/recording.mp3,--HarojsWojLTjUTow1RHA
https://crworkspace.s3.ap-south-1.amazonaws.com/crdhs/private/2024/11/21/recording.mp3,--CsMlwV1w_m0om101_Z1w
https://crworkspace.s3.ap-south-1.amazonaws.com/crdhs/private/2024/9/20/recording4245434484582095821.mp3,hGhjV4s8AUDGzyFHQM0wSQ
https://crworkspace.s3.ap-south-1.amazonaws.com/crdhs/private/2024/10/6/recording15669441272571671541.mp3,FVb_CJl2-gOEw8hforNv5A
https://crworkspace.s3.ap-south-1.amazonaws.com/crdhs/private/2024/11/6/recording.mp3,--HarojsWojLTjUTow1RHA
https://crworkspace.s3.ap-south-1.amazonaws.com/crdhs/private/2024/9/21/recording7733985003993814561.mp3,P6RhQgMbJSs6lW-KnIsqsg
https://crworkspace.s3.ap-south-1.amazonaws.com/crdhs/private/2024/9/21/recording11353093084426702669.mp3,dnvIG7TLLqdDHWZ1zIqR7w
https://crworkspace.s3.ap-south-1.amazonaws.com/crdhs/private/2024/9/23/recording16892175621777047506.mp3,q2LVmgjdY06yusZbBm_Twg
https://crworkspace.s3.ap-south-1.amazonaws.com/crdhs/private/2024/10/7/recording7513961302675899732.mp3,U6gFOXGfCwQdCAOtv0rTeQ
https://crworkspace.s3.ap-south-1.amazonaws.com/crdhs/private/2024/11/6/recording.mp3,--HarojsWojLTjUTow1RHA
https://crworkspace.s3.ap-south-1.amazonaws.com/crdhs/private/2024/11/26/recording.mp3,-8AhiNg6tiGz8N7jiEqUFA
https://crworkspace.s3.ap-south-1.amazonaws.com/crdhs/private/2024/11/26/recording.mp3,-8AhiNg6tiGz8N7jiEqUFA
https://crworkspace.s3.ap-south-1.amazonaws.com/crdhs/private/2024/11/21/recording.mp3,--CsMlwV1w_m0om101_Z1w
https://crworkspace.s3.ap-south-1.amazonaws.com/crdhs/private/2024/11/6/recording.mp3,--HarojsWojLTjUTow1RHA
https://crworkspace.s3.ap-south-1.amazonaws.com/crdhs/private/2024/9/24/recording11400645645577775098.mp3,W_QSp6ejFSfLLQXKI6azgg
https://crworkspace.s3.ap-south-1.amazonaws.com/crdhs/private/2024/11/6/recording.mp3,--HarojsWojLTjUTow1RHA
https://crworkspace.s3.ap-south-1.amazonaws.com/crdhs/private/2024/9/24/recording11075217915493396268.mp3,HRxzx_8_XTPOqjdie-rCzg
https://crworkspace.s3.ap-south-1.amazonaws.com/crdhs/private/2024/11/26/recording.mp3,-8AhiNg6tiGz8N7jiEqUFA
https://crworkspace.s3.ap-south-1.amazonaws.com/crdhs/private/2024/11/26/recording.mp3,-8AhiNg6tiGz8N7jiEqUFA
https://crworkspace.s3.ap-south-1.amazonaws.com/crdhs/private/2024/9/23/recording10627025693648409284.mp3,gFnOktVFHVLdFrAca5oQEQ
https://crworkspace.s3.ap-south-1.amazonaws.com/crdhs/private/2024/11/6/recording.mp3,--HarojsWojLTjUTow1RHA
https://crworkspace.s3.ap-south-1.amazonaws.com/crdhs/private/2024/11/26/recording.mp3,-8AhiNg6tiGz8N7jiEqUFA
https://crworkspace.s3.ap-south-1.amazonaws.com/crdhs/private/2024/9/24/recording11433468675979338280.mp3,H7ioqP81tEtETu4q-Q3dcA
https://crworkspace.s3.ap-south-1.amazonaws.com/crdhs/private/2024/11/26/recording.mp3,-8AhiNg6tiGz8N7jiEqUFA
https://crworkspace.s3.ap-south-1.amazonaws.com/crdhs/private/2024/9/26/recording15712690797768072332.mp3,_megsRlAHmOhR7U7WzlojQ
https://crworkspace.s3.ap-south-1.amazonaws.com/crdhs/private/2024/10/6/recording17193743422238396519.mp3,APlGKZfKElRYUtFz4Oldig
https://crworkspace.s3.ap-south-1.amazonaws.com/crdhs/private/2024/10/7/recording6016934769576465728.mp3,XIM3g75F-wWClAmDPphCIw
https://crworkspace.s3.ap-south-1.amazonaws.com/crdhs/private/2024/9/24/recording14530680224315702857.mp3,fXkKE1dW8ZUEk8mZoqF6aQ
https://crworkspace.s3.ap-south-1.amazonaws.com/crdhs/private/2024/9/21/recording11821378824290485458.mp3,89_BA_jI9dGB9W5B33SlJA
https://crworkspace.s3.ap-south-1.amazonaws.com/crdhs/private/2024/11/6/recording.mp3,--HarojsWojLTjUTow1RHA
https://crworkspace.s3.ap-south-1.amazonaws.com/crdhs/private/2024/11/21/recording.mp3,--CsMlwV1w_m0om101_Z1w
https://crworkspace.s3.ap-south-1.amazonaws.com/crdhs/private/2024/11/21/recording.mp3,--CsMlwV1w_m0om101_Z1w
https://crworkspace.s3.ap-south-1.amazonaws.com/crdhs/private/2024/9/23/recording18034254772402484834.mp3,FGA1A4pruscurWvTHMe25w
https://crworkspace.s3.ap-south-1.amazonaws.com/crdhs/private/2024/9/21/recording6087192360204325697.mp3,BzSJp88r0V4m6QAbPY494Q
https://crworkspace.s3.ap-south-1.amazonaws.com/crdhs/private/2024/9/21/recording7406021766336869319.mp3,MQLIkC0lS818tpeXddrQzA
https://crworkspace.s3.ap-south-1.amazonaws.com/crdhs/private/2024/9/24/recording15290126698173381976.mp3,ZyR_jxrUkIUffftho4rn-A
https://crworkspace.s3.ap-south-1.amazonaws.com/crdhs/private/2024/9/24/recording6819017129996956272.mp3,R1T8U3GCmVbrLCEymsYctg
https://crworkspace.s3.ap-south-1.amazonaws.com/crdhs/private/2024/9/23/recording7808317423485353021.mp3,G7_1jeKPNHycy2N2WvL0_g
https://crworkspace.s3.ap-south-1.amazonaws.com/crdhs/private/2024/9/24/recording2981336670283865567.mp3,D2hEtUDQLGX22Sa-6Iqvwg
https://crworkspace.s3.ap-south-1.amazonaws.com/crdhs/private/2024/9/20/recording3538940934429815158.mp3,AwPitK9cNESB_yYtBODNtQ
https://crworkspace.s3.ap-south-1.amazonaws.com/crdhs/private/2024/9/25/recording2132116984887109.mp3,zZ6Q3TfbGEbJyLYipHvmyA
https://crworkspace.s3.ap-south-1.amazonaws.com/crdhs/private/2024/9/25/recording9004328473602364398.mp3,XoF7rY3cidwoZO9m-uyrjg
https://crworkspace.s3.ap-south-1.amazonaws.com/crdhs/private/2024/11/21/recording.mp3,--CsMlwV1w_m0om101_Z1w
https://crworkspace.s3.ap-south-1.amazonaws.com/crdhs/private/2024/9/21/recording6426741626560874087.mp3,L_sKOhi4YUBLholec3K_WA
https://crworkspace.s3.ap-south-1.amazonaws.com/crdhs/private/2024/9/21/recording3307717638530400256.mp3,PeL2T2z0qIBuMQYKG2UeAw
https://crworkspace.s3.ap-south-1.amazonaws.com/crdhs/private/2024/11/6/recording.mp3,--HarojsWojLTjUTow1RHA
https://crworkspace.s3.ap-south-1.amazonaws.com/crdhs/private/2024/9/25/recording15231936810560095963.mp3,1-whGYv2_Kda20PUkJG1DQ
https://crworkspace.s3.ap-south-1.amazonaws.com/crdhs/private/2024/9/24/recording15779257832985528446.mp3,oEe63UhfMF_wgFsZNHc0uw
https://crworkspace.s3.ap-south-1.amazonaws.com/crdhs/private/2024/10/6/recording15654387936001929991.mp3,JvPg9mrHlKuTQPJg_O76vw
https://crworkspace.s3.ap-south-1.amazonaws.com/crdhs/private/2024/9/21/recording14475532962162430674.mp3,tFbk4a61nwewPE89KXqjoA
https://crworkspace.s3.ap-south-1.amazonaws.com/crdhs/private/2024/9/21/recording12911150399455719877.mp3,BO87CbcHqCJQ81TzYt-dDA
https://crworkspace.s3.ap-south-1.amazonaws.com/crdhs/private/2024/11/6/recording.mp3,--HarojsWojLTjUTow1RHA
https://crworkspace.s3.ap-south-1.amazonaws.com/crdhs/private/2024/9/23/recording6258216548025088652.mp3,HtkjTOkoxVgWeZJO958pUQ
https://crworkspace.s3.ap-south-1.amazonaws.com/crdhs/private/2024/11/6/recording.mp3,--HarojsWojLTjUTow1RHA
https://crworkspace.s3.ap-south-1.amazonaws.com/crdhs/private/2024/11/6/recording.mp3,--HarojsWojLTjUTow1RHA
https://crworkspace.s3.ap-south-1.amazonaws.com/crdhs/private/2024/9/24/recording992839574160663413.mp3,FffgUMfZ_XYWP9KmIvbdBg
https://crworkspace.s3.ap-south-1.amazonaws.com/crdhs/private/2024/10/7/recording7212319130873647029.mp3,ome8uX-T0izoh11riwlS_A
https://crworkspace.s3.ap-south-1.amazonaws.com/crdhs/private/2024/11/21/recording.mp3,--CsMlwV1w_m0om101_Z1w
https://crworkspace.s3.ap-south-1.amazonaws.com/crdhs/private/2024/11/21/recording.mp3,--CsMlwV1w_m0om101_Z1w
https://crworkspace.s3.ap-south-1.amazonaws.com/crdhs/private/2024/11/26/recording.mp3,-8AhiNg6tiGz8N7jiEqUFA
https://crworkspace.s3.ap-south-1.amazonaws.com/crdhs/private/2024/11/21/recording.mp3,--CsMlwV1w_m0om101_Z1w
https://crworkspace.s3.ap-south-1.amazonaws.com/crdhs/private/2024/11/21/recording.mp3,--CsMlwV1w_m0om101_Z1w
https://crworkspace.s3.ap-south-1.amazonaws.com/crdhs/private/2024/9/24/recording10218763038568612065.mp3,EAgrnnQLiWLQ8-CZJ7gDcw
https://crworkspace.s3.ap-south-1.amazonaws.com/crdhs/private/2024/10/3/recording8737202175845919029.mp3,ILLiXsgH8zFuezkHs4bsaQ
https://crworkspace.s3.ap-south-1.amazonaws.com/crdhs/private/2024/11/21/recording.mp3,--CsMlwV1w_m0om101_Z1w
https://crworkspace.s3.ap-south-1.amazonaws.com/crdhs/private/2024/10/6/recording8607995765468113142.mp3,CW84PIz3nLW-mHbPPFXhlw
https://crworkspace.s3.ap-south-1.amazonaws.com/crdhs/private/2024/10/6/recording3928987042795837395.mp3,AJKcIaFTyle2nnvObYN-cQ
https://crworkspace.s3.ap-south-1.amazonaws.com/crdhs/private/2024/10/6/recording1839930554481325104.mp3,JybSxOGUe3aYQwUTxeBfbA
https://crworkspace.s3.ap-south-1.amazonaws.com/crdhs/private/2024/11/26/recording.mp3,-8AhiNg6tiGz8N7jiEqUFA
https://crworkspace.s3.ap-south-1.amazonaws.com/crdhs/private/2024/11/26/recording.mp3,-8AhiNg6tiGz8N7jiEqUFA
https://crworkspace.s3.ap-south-1.amazonaws.com/crdhs/private/2024/11/6/recording.mp3,--HarojsWojLTjUTow1RHA
https://crworkspace.s3.ap-south-1.amazonaws.com/crdhs/private/2024/11/6/recording.mp3,--HarojsWojLTjUTow1RHA
https://crworkspace.s3.ap-south-1.amazonaws.com/crdhs/private/2024/11/6/recording.mp3,--HarojsWojLTjUTow1RHA
https://crworkspace.s3.ap-south-1.amazonaws.com/crdhs/private/2024/9/26/recording3563438035499099420.mp3,JmZRNXwdSjTytQI9iealCA
https://crworkspace.s3.ap-south-1.amazonaws.com/crdhs/private/2024/11/26/recording.mp3,-8AhiNg6tiGz8N7jiEqUFA
https://crworkspace.s3.ap-south-1.amazonaws.com/crdhs/private/2024/9/27/recording13386334679058839778.mp3,xMH7_B5iZXZToaIPPmkAHA
https://crworkspace.s3.ap-south-1.amazonaws.com/crdhs/private/2024/11/26/recording.mp3,-8AhiNg6tiGz8N7jiEqUFA
https://crworkspace.s3.ap-south-1.amazonaws.com/crdhs/private/2024/11/26/recording.mp3,-8AhiNg6tiGz8N7jiEqUFA
https://crworkspace.s3.ap-south-1.amazonaws.com/crdhs/private/2024/9/24/recording16600905847006430272.mp3,ua6cFaZwESTZxFANrGA_OA
https://crworkspace.s3.ap-south-1.amazonaws.com/crdhs/private/2024/11/26/recording.mp3,-8AhiNg6tiGz8N7jiEqUFA
https://crworkspace.s3.ap-south-1.amazonaws.com/crdhs/private/2024/9/27/recording14354276178883557305.mp3,_VvP0klhzg6NNeDAKNM1Uw
https://crworkspace.s3.ap-south-1.amazonaws.com/crdhs/private/2024/11/26/recording.mp3,-8AhiNg6tiGz8N7jiEqUFA
https://crworkspace.s3.ap-south-1.amazonaws.com/crdhs/private/2024/11/26/recording.mp3,-8AhiNg6tiGz8N7jiEqUFA
https://crworkspace.s3.ap-south-1.amazonaws.com/crdhs/private/2024/11/26/recording.mp3,-8AhiNg6tiGz8N7jiEqUFA
https://crworkspace.s3.ap-south-1.amazonaws.com/crdhs/private/2024/11/26/recording.mp3,-8AhiNg6tiGz8N7jiEqUFA
https://crworkspace.s3.ap-south-1.amazonaws.com/crdhs/private/2024/11/21/recording.mp3,--CsMlwV1w_m0om101_Z1w
https://crworkspace.s3.ap-south-1.amazonaws.com/crdhs/private/2024/11/26/recording.mp3,-8AhiNg6tiGz8N7jiEqUFA
https://crworkspace.s3.ap-south-1.amazonaws.com/crdhs/private/2024/10/6/recording17268394758261332477.mp3,X5airJFzPKr18YqWXvTtuA
https://crworkspace.s3.ap-south-1.amazonaws.com/crdhs/private/2024/11/26/recording.mp3,-8AhiNg6tiGz8N7jiEqUFA
https://crworkspace.s3.ap-south-1.amazonaws.com/crdhs/private/2024/11/21/recording.mp3,--CsMlwV1w_m0om101_Z1w
https://crworkspace.s3.ap-south-1.amazonaws.com/crdhs/private/2024/9/21/recording1271014155541907577.mp3,PXaGRCEPYk39yjKOYZ5p_A
https://crworkspace.s3.ap-south-1.amazonaws.com/crdhs/private/2024/11/26/recording.mp3,-8AhiNg6tiGz8N7jiEqUFA
https://crworkspace.s3.ap-south-1.amazonaws.com/crdhs/private/2024/11/21/recording.mp3,--CsMlwV1w_m0om101_Z1w
https://crworkspace.s3.ap-south-1.amazonaws.com/crdhs/private/2024/11/26/recording.mp3,-8AhiNg6tiGz8N7jiEqUFA
https://crworkspace.s3.ap-south-1.amazonaws.com/crdhs/private/2024/11/26/recording.mp3,-8AhiNg6tiGz8N7jiEqUFA
https://crworkspace.s3.ap-south-1.amazonaws.com/crdhs/private/2024/11/21/recording.mp3,--CsMlwV1w_m0om101_Z1w
https://crworkspace.s3.ap-south-1.amazonaws.com/crdhs/private/2024/11/26/recording.mp3,-8AhiNg6tiGz8N7jiEqUFA
https://crworkspace.s3.ap-south-1.amazonaws.com/crdhs/private/2024/11/26/recording.mp3,-8AhiNg6tiGz8N7jiEqUFA
https://crworkspace.s3.ap-south-1.amazonaws.com/crdhs/private/2024/11/21/recording.mp3,--CsMlwV1w_m0om101_Z1w
https://crworkspace.s3.ap-south-1.amazonaws.com/crdhs/private/2024/11/21/recording.mp3,--CsMlwV1w_m0om101_Z1w
https://crworkspace.s3.ap-south-1.amazonaws.com/crdhs/private/2024/11/26/recording.mp3,-8AhiNg6tiGz8N7jiEqUFA
https://crworkspace.s3.ap-south-1.amazonaws.com/crdhs/private/2024/11/26/recording.mp3,-8AhiNg6tiGz8N7jiEqUFA
https://crworkspace.s3.ap-south-1.amazonaws.com/crdhs/private/2024/11/21/recording.mp3,--CsMlwV1w_m0om101_Z1w
https://crworkspace.s3.ap-south-1.amazonaws.com/crdhs/private/2024/11/26/recording.mp3,-8AhiNg6tiGz8N7jiEqUFA
https://crworkspace.s3.ap-south-1.amazonaws.com/crdhs/private/2024/11/26/recording.mp3,-8AhiNg6tiGz8N7jiEqUFA
https://crworkspace.s3.ap-south-1.amazonaws.com/crdhs/private/2024/11/26/recording.mp3,-8AhiNg6tiGz8N7jiEqUFA
https://crworkspace.s3.ap-south-1.amazonaws.com/crdhs/private/2024/11/26/recording.mp3,-8AhiNg6tiGz8N7jiEqUFA
https://crworkspace.s3.ap-south-1.amazonaws.com/crdhs/private/2024/12/26/recording.mp3,-6BgZm0BN_-bD11uZkFMRA
https://crworkspace.s3.ap-south-1.amazonaws.com/crdhs/private/2024/11/21/recording.mp3,--CsMlwV1w_m0om101_Z1w
https://crworkspace.s3.ap-south-1.amazonaws.com/crdhs/private/2024/9/21/recording370878111332799186.mp3,e-pJX54k3ZNx6GhWjCfasQ
https://crworkspace.s3.ap-south-1.amazonaws.com/crdhs/private/2024/9/21/recording16404522183570634636.mp3,QtrI8OHKLJb7pHyfX59aTw
https://crworkspace.s3.ap-south-1.amazonaws.com/crdhs/private/2024/11/21/recording.mp3,--CsMlwV1w_m0om101_Z1w
https://crworkspace.s3.ap-south-1.amazonaws.com/crdhs/private/2024/11/26/recording.mp3,-8AhiNg6tiGz8N7jiEqUFA
https://crworkspace.s3.ap-south-1.amazonaws.com/crdhs/private/2024/11/21/recording.mp3,--CsMlwV1w_m0om101_Z1w
https://crworkspace.s3.ap-south-1.amazonaws.com/crdhs/private/2024/11/26/recording.mp3,-8AhiNg6tiGz8N7jiEqUFA
https://crworkspace.s3.ap-south-1.amazonaws.com/crdhs/private/2024/10/2/recording3813975254839009225.mp3,YLFB0WT97f-ZhT6mCqFepQ
https://crworkspace.s3.ap-south-1.amazonaws.com/crdhs/private/2024/11/21/recording.mp3,--CsMlwV1w_m0om101_Z1w
https://crworkspace.s3.ap-south-1.amazonaws.com/crdhs/private/2024/11/26/recording.mp3,-8AhiNg6tiGz8N7jiEqUFA
https://crworkspace.s3.ap-south-1.amazonaws.com/crdhs/private/2024/11/26/recording.mp3,-8AhiNg6tiGz8N7jiEqUFA
https://crworkspace.s3.ap-south-1.amazonaws.com/crdhs/private/2024/11/26/recording.mp3,-8AhiNg6tiGz8N7jiEqUFA
https://crworkspace.s3.ap-south-1.amazonaws.com/crdhs/private/2024/11/26/recording.mp3,-8AhiNg6tiGz8N7jiEqUFA
https://crworkspace.s3.ap-south-1.amazonaws.com/crdhs/private/2024/11/26/recording.mp3,-8AhiNg6tiGz8N7jiEqUFA
https://crworkspace.s3.ap-south-1.amazonaws.com/crdhs/private/2024/11/26/recording.mp3,-8AhiNg6tiGz8N7jiEqUFA
https://crworkspace.s3.ap-south-1.amazonaws.com/crdhs/private/2024/11/26/recording.mp3,-8AhiNg6tiGz8N7jiEqUFA
https://crworkspace.s3.ap-south-1.amazonaws.com/crdhs/private/2024/11/26/recording.mp3,-8AhiNg6tiGz8N7jiEqUFA
https://crworkspace.s3.ap-south-1.amazonaws.com/crdhs/private/2024/11/26/recording.mp3,-8AhiNg6tiGz8N7jiEqUFA
https://crworkspace.s3.ap-south-1.amazonaws.com/crdhs/private/2024/11/26/recording.mp3,-8AhiNg6tiGz8N7jiEqUFA
https://crworkspace.s3.ap-south-1.amazonaws.com/crdhs/private/2024/11/26/recording.mp3,-8AhiNg6tiGz8N7jiEqUFA
https://crworkspace.s3.ap-south-1.amazonaws.com/crdhs/private/2024/11/26/recording.mp3,-8AhiNg6tiGz8N7jiEqUFA
https://crworkspace.s3.ap-south-1.amazonaws.com/crdhs/private/2024/11/26/recording.mp3,-8AhiNg6tiGz8N7jiEqUFA
https://crworkspace.s3.ap-south-1.amazonaws.com/crdhs/private/2024/11/26/recording.mp3,-8AhiNg6tiGz8N7jiEqUFA
https://crworkspace.s3.ap-south-1.amazonaws.com/crdhs/private/2024/11/26/recording.mp3,-8AhiNg6tiGz8N7jiEqUFA
https://crworkspace.s3.ap-south-1.amazonaws.com/crdhs/private/2024/11/26/recording.mp3,-8AhiNg6tiGz8N7jiEqUFA
https://crworkspace.s3.ap-south-1.amazonaws.com/crdhs/private/2024/11/21/recording.mp3,--CsMlwV1w_m0om101_Z1w
https://crworkspace.s3.ap-south-1.amazonaws.com/crdhs/private/2024/11/26/recording.mp3,-8AhiNg6tiGz8N7jiEqUFA
https://crworkspace.s3.ap-south-1.amazonaws.com/crdhs/private/2024/11/26/recording.mp3,-8AhiNg6tiGz8N7jiEqUFA
https://crworkspace.s3.ap-south-1.amazonaws.com/crdhs/private/2024/11/26/recording.mp3,-8AhiNg6tiGz8N7jiEqUFA
https://crworkspace.s3.ap-south-1.amazonaws.com/crdhs/private/2024/11/26/recording.mp3,-8AhiNg6tiGz8N7jiEqUFA
https://crworkspace.s3.ap-south-1.amazonaws.com/crdhs/private/2024/11/21/recording.mp3,--CsMlwV1w_m0om101_Z1w
https://crworkspace.s3.ap-south-1.amazonaws.com/crdhs/private/2024/11/26/recording.mp3,-8AhiNg6tiGz8N7jiEqUFA
https://crworkspace.s3.ap-south-1.amazonaws.com/crdhs/private/2024/9/21/recording12691654558319752365.mp3,7K1YMziUTsC7H2L_k7U2Eg
https://crworkspace.s3.ap-south-1.amazonaws.com/crdhs/private/2024/9/21/recording10508172161114024126.mp3,Ms12btwvrpyx5WbU0M5f-w
https://crworkspace.s3.ap-south-1.amazonaws.com/crdhs/private/2024/9/24/recording14643295709193070169.mp3,icxZ4euA0-7UY24k3OQsMA
https://crworkspace.s3.ap-south-1.amazonaws.com/crdhs/private/2024/9/20/recording16999847720341674996.mp3,164grtSSlXMR3Szl34F5LQ
https://crworkspace.s3.ap-south-1.amazonaws.com/crdhs/private/2024/9/25/recording13545635887227151784.mp3,G2ClMNGH3k0Rysrye3OfPQ
https://crworkspace.s3.ap-south-1.amazonaws.com/crdhs/private/2024/9/23/recording10290933876595259984.mp3,xNjsVHT-S2o2I1iN-iW72A
https://crworkspace.s3.ap-south-1.amazonaws.com/crdhs/private/2024/9/23/recording9372754653846243432.mp3,kDWZoc6W_BbRTWGjJ03BkA
https://crworkspace.s3.ap-south-1.amazonaws.com/crdhs/private/2024/9/21/recording12365712341458171644.mp3,ZuCKim6y9H_sEAFS5o__aQ
https://crworkspace.s3.ap-south-1.amazonaws.com/crdhs/private/2024/9/23/recording13937009076715275469.mp3,LsbdJLPYb50sItscYXhhxw
https://crworkspace.s3.ap-south-1.amazonaws.com/crdhs/private/2024/9/23/recording16257138388549234107.mp3,fkOvWkoT47neCo60qNHvfA
https://crworkspace.s3.ap-south-1.amazonaws.com/crdhs/private/2024/9/25/recording3315778809311015646.mp3,k5WKe8AAIJZyoF285Z-kjw
https://crworkspace.s3.ap-south-1.amazonaws.com/crdhs/private/2024/9/20/recording14889710293656782335.mp3,Flxixch9UBFVN07mxqpDPw
https://crworkspace.s3.ap-south-1.amazonaws.com/crdhs/private/2024/9/26/recording1925042812975133488.mp3,T2PInG1KlBLX5BUDfQVz-A
https://crworkspace.s3.ap-south-1.amazonaws.com/crdhs/private/2024/9/25/recording2978917095493852221.mp3,smimv4zJEazjUfAf1CPykg
https://crworkspace.s3.ap-south-1.amazonaws.com/crdhs/private/2024/9/21/recording4886416147183680114.mp3,zJEHD7_cMYZfY9CYnvUVbg
https://crworkspace.s3.ap-south-1.amazonaws.com/crdhs/private/2024/9/23/recording18153953208639092053.mp3,4uq2JytSWLPAeQ2DA8fXiQ
https://crworkspace.s3.ap-south-1.amazonaws.com/crdhs/private/2024/9/25/recording17749940114565462687.mp3,NoRIzEvDotMuUUAIE78xMg
https://crworkspace.s3.ap-south-1.amazonaws.com/crdhs/private/2024/9/25/recording9572849329792517550.mp3,9n67OAYVJRC1gyMA4TVbJA
https://crworkspace.s3.ap-south-1.amazonaws.com/crdhs/private/2024/9/23/recording4745608438963607028.mp3,XAzsgOC9AYlo1LmQS3EB_A
https://crworkspace.s3.ap-south-1.amazonaws.com/crdhs/private/2024/9/23/recording2509178707396121488.mp3,-myvtLEv6z0EvaFw1LANCQ
https://crworkspace.s3.ap-south-1.amazonaws.com/crdhs/private/2024/9/21/recording6555799013457145905.mp3,XXd-Lsr9mIiUX9D41Nbi0w
https://crworkspace.s3.ap-south-1.amazonaws.com/crdhs/private/2024/9/25/recording11640492717547070836.mp3,QGHZ_adxKuMnkiiRjlQ3Aw
https://crworkspace.s3.ap-south-1.amazonaws.com/crdhs/private/2024/9/26/recording18373782739605794492.mp3,vT-t0jn5HBFYApBFHp9C3Q
https://crworkspace.s3.ap-south-1.amazonaws.com/crdhs/private/2024/9/20/recording13509243437784646352.mp3,bRpSBDvN7Q_orAUdfDdW2Q
https://crworkspace.s3.ap-south-1.amazonaws.com/crdhs/private/2024/9/21/recording16960060363996205491.mp3,EWVMxGkHZ-N5jPvKlhCMAg
https://crworkspace.s3.ap-south-1.amazonaws.com/crdhs/private/2024/9/21/recording3015886694096300423.mp3,pFB9pfzTacZPwkYxA-RvvA
https://crworkspace.s3.ap-south-1.amazonaws.com/crdhs/private/2024/9/21/recording8958526045057348144.mp3,1vjrY6IUZXDcdT7jEm3SeQ
https://crworkspace.s3.ap-south-1.amazonaws.com/crdhs/private/2024/9/25/recording16104365033093216352.mp3,yEtxOWS8KznFPIPXekEE8A
https://crworkspace.s3.ap-south-1.amazonaws.com/crdhs/private/2024/9/26/recording8607244119705523092.mp3,I-CJzxTG6Lo2BuYDVctqWg
https://crworkspace.s3.ap-south-1.amazonaws.com/crdhs/private/2024/9/23/recording17760241756285026666.mp3,OzEmD0mjnmnmvYvpw_7VOw
https://crworkspace.s3.ap-south-1.amazonaws.com/crdhs/private/2024/9/25/recording2863960514329368860.mp3,43iJ9LsFp5KlAKMc8iMwpg
https://crworkspace.s3.ap-south-1.amazonaws.com/crdhs/private/2024/9/25/recording13154582148658820452.mp3,DrW5kQVAvIaOtKrUGfC2tQ
https://crworkspace.s3.ap-south-1.amazonaws.com/crdhs/private/2024/9/20/recording12244189459330095885.mp3,vVagym-PB3QdtsGV_EKWHA
https://crworkspace.s3.ap-south-1.amazonaws.com/crdhs/private/2024/9/26/recording12762814041038047908.mp3,Va5RfFUSSD_c0c9zlwFDjQ
https://crworkspace.s3.ap-south-1.amazonaws.com/crdhs/private/2024/9/20/recording8171168881675225070.mp3,pj8nKoFjXXkQUfSOe72B2Q
https://crworkspace.s3.ap-south-1.amazonaws.com/crdhs/private/2024/9/23/recording12726831776863065273.mp3,iTyKxdF3G3ma6WgD3cVVCQ
https://crworkspace.s3.ap-south-1.amazonaws.com/crdhs/private/2024/9/23/recording166127098431378519.mp3,TbICfqU2VjaruoeDIfxjRQ
https://crworkspace.s3.ap-south-1.amazonaws.com/crdhs/private/2024/9/21/recording12928704997277877580.mp3,3M7Wqq3Q2hlSQ6uWo5kiOQ
https://crworkspace.s3.ap-south-1.amazonaws.com/crdhs/private/2024/9/20/recording13053047270968368032.mp3,w0D6Z6ub69rzWyw7w_vrcA
https://crworkspace.s3.ap-south-1.amazonaws.com/crdhs/private/2024/9/21/recording8815949349556185022.mp3,lnYmWOyYloE5EFQx58w0Gw
https://crworkspace.s3.ap-south-1.amazonaws.com/crdhs/private/2024/9/23/recording14534568829879447549.mp3,VD9dlLRclnEDuJ9-1_8GpA
https://crworkspace.s3.ap-south-1.amazonaws.com/crdhs/private/2024/9/25/recording10603404005482474813.mp3,JomnxrB8iqBJfUnjGm5aNA
https://crworkspace.s3.ap-south-1.amazonaws.com/crdhs/private/2024/9/23/recording6934728069102534243.mp3,SYap58vJKaiMQYSaAyEs8A
https://crworkspace.s3.ap-south-1.amazonaws.com/crdhs/private/2024/9/23/recording15028066106833900214.mp3,nOs1iwRd6Dzapu1tatc22g
https://crworkspace.s3.ap-south-1.amazonaws.com/crdhs/private/2024/9/26/recording18183006020806779676.mp3,D341MGAVOlDDIpeDGNy8xw
https://crworkspace.s3.ap-south-1.amazonaws.com/crdhs/private/2024/9/20/recording9836538473043253262.mp3,naJksUIy0rK4Zl66GHw-Gg
https://crworkspace.s3.ap-south-1.amazonaws.com/crdhs/private/2024/9/21/recording3796509895718781338.mp3,ZQkysXircH0dI7y77qAwdg
https://crworkspace.s3.ap-south-1.amazonaws.com/crdhs/private/2024/9/21/recording15496322963231189180.mp3,BTxAT632_wXS1yZKgNB7mQ
https://crworkspace.s3.ap-south-1.amazonaws.com/crdhs/private/2024/9/23/recording15944811192273484990.mp3,rncl86Kn-YoFvKR_bqOcZg
https://crworkspace.s3.ap-south-1.amazonaws.com/crdhs/private/2024/9/23/recording12922143934117484635.mp3,0XD5T9ICn_CsRhku0q72kA
https://crworkspace.s3.ap-south-1.amazonaws.com/crdhs/private/2024/9/20/recording13749955599766008431.mp3,0KLbaPCaAX7rsjYWVS5baw
https://crworkspace.s3.ap-south-1.amazonaws.com/crdhs/private/2024/9/20/recording12247067926806640526.mp3,J5CjAp4yRhw7-21Ik7L9tQ
https://crworkspace.s3.ap-south-1.amazonaws.com/crdhs/private/2024/9/20/recording14743564421697673759.mp3,axP0q_LL6kSfAn8WZZYlVg
https://crworkspace.s3.ap-south-1.amazonaws.com/crdhs/private/2024/9/26/recording9505729208096905434.mp3,0iohz2kJOtbDgTcKhgbsTg
https://crworkspace.s3.ap-south-1.amazonaws.com/crdhs/private/2024/9/21/recording7292398439238820073.mp3,xS74rji2r0cVgvoCqn_VQQ
https://crworkspace.s3.ap-south-1.amazonaws.com/crdhs/private/2024/9/20/recording14760350768092506323.mp3,j5rUfutwoy7CGsceVpDyPg
https://crworkspace.s3.ap-south-1.amazonaws.com/crdhs/private/2024/9/21/recording17963082139795024217.mp3,x8dwDOqlZjQEcgXFp-9U9Q
https://crworkspace.s3.ap-south-1.amazonaws.com/crdhs/private/2024/9/21/recording15778775059761273919.mp3,N_Cy8b1HUDRq_MaloRb0zA
https://crworkspace.s3.ap-south-1.amazonaws.com/crdhs/private/2024/9/20/recording4833102181058473464.mp3,3lR1QRtlPqaqVd80Fq1JuA
https://crworkspace.s3.ap-south-1.amazonaws.com/crdhs/private/2024/9/20/recording1102435540262412744.mp3,L3P3O9_VaSCQgiGarjcj4g
https://crworkspace.s3.ap-south-1.amazonaws.com/crdhs/private/2024/9/26/recording6586025031415128942.mp3,96gWr94-Q8jhfhg16c4dnQ
https://crworkspace.s3.ap-south-1.amazonaws.com/crdhs/private/2024/9/20/recording36090167940403966.mp3,xodNyhYr0u-dMLOPw4629w
https://crworkspace.s3.ap-south-1.amazonaws.com/crdhs/private/2024/9/20/recording6250752351849916864.mp3,cA-omp38_kKxp838EhTZ5g
https://crworkspace.s3.ap-south-1.amazonaws.com/crdhs/private/2024/9/21/recording3225172708559738071.mp3,hInwzXKc-H74noqhMvTlxg
https://crworkspace.s3.ap-south-1.amazonaws.com/crdhs/private/2024/9/20/recording1956865312057830016.mp3,Gnws0ygRZgwLU7TBsOSHPA
https://crworkspace.s3.ap-south-1.amazonaws.com/crdhs/private/2024/9/26/recording3242526783638142502.mp3,Jj-Vv39l2Q2N0ztz5wAgaw
https://crworkspace.s3.ap-south-1.amazonaws.com/crdhs/private/2024/9/20/recording2007663264550794783.mp3,7KhxWgK84w-kVv6EQLB-PQ
https://crworkspace.s3.ap-south-1.amazonaws.com/crdhs/private/2024/9/26/recording1388800314686994960.mp3,jPMyflXv89qkQzmxDnOb5g
https://crworkspace.s3.ap-south-1.amazonaws.com/crdhs/private/2024/9/21/recording7799895191972672954.mp3,qLklh8mVwzPdz6KswbP8Fg
https://crworkspace.s3.ap-south-1.amazonaws.com/crdhs/private/2024/9/20/recording11235797017896956106.mp3,CvkLjMSxcxd_JAFFjEgYzQ
https://crworkspace.s3.ap-south-1.amazonaws.com/crdhs/private/2024/9/26/recording17384797880990843619.mp3,VnREs1I0YOFGogQSYycXFA
https://crworkspace.s3.ap-south-1.amazonaws.com/crdhs/private/2024/9/20/recording2877132061769464647.mp3,knvtSOXvIwWUvKa7nUrhxQ
https://crworkspace.s3.ap-south-1.amazonaws.com/crdhs/private/2024/9/20/recording12586011127752493080.mp3,62lmPDRKTy1T_jPCtbpg6w
https://crworkspace.s3.ap-south-1.amazonaws.com/crdhs/private/2024/9/20/recording11253557237140642564.mp3,Opgqi5QZQxZXwnEG6I-B0w
https://crworkspace.s3.ap-south-1.amazonaws.com/crdhs/private/2024/9/25/recording11161070191837405881.mp3,10F7SOTs-Ug7ihnDd5U3Rw
https://crworkspace.s3.ap-south-1.amazonaws.com/crdhs/private/2024/9/24/recording9764194779100950614.mp3,3_hZMl10vpCj3d-tr2lY0w
https://crworkspace.s3.ap-south-1.amazonaws.com/crdhs/private/2024/9/20/recording14587326194526867720.mp3,FvcElmNuPn7nyeCaMh14yg
https://crworkspace.s3.ap-south-1.amazonaws.com/crdhs/private/2024/9/26/recording1654433941643148604.mp3,ac5xzwh1bkWZ950fdB2ZGA
https://crworkspace.s3.ap-south-1.amazonaws.com/crdhs/private/2024/9/21/recording17165249948813668034.mp3,qYMKQ5LuQyikMVuiI2RbeA
https://crworkspace.s3.ap-south-1.amazonaws.com/crdhs/private/2024/9/20/recording15350161043954502663.mp3,yMdynes6kbAVN02mDZRk-w
https://crworkspace.s3.ap-south-1.amazonaws.com/crdhs/private/2024/9/20/recording10922086158462513107.mp3,pqxtre06flaJ8lneK8A9JA
https://crworkspace.s3.ap-south-1.amazonaws.com/crdhs/private/2024/9/20/recording6763001482767722912.mp3,e031D3N9NvLqvgMQ27Rg1g
https://crworkspace.s3.ap-south-1.amazonaws.com/crdhs/private/2024/9/23/recording5841096629397645200.mp3,-E8GHvg8PEpC1USLwZsGZA
https://crworkspace.s3.ap-south-1.amazonaws.com/crdhs/private/2024/9/25/recording18198720453047201024.mp3,nLcgE1_zo2wfs0G5GqfFeQ
https://crworkspace.s3.ap-south-1.amazonaws.com/crdhs/private/2024/9/21/recording17538958181256570279.mp3,Puoxr9_plrs6lS1m1Az-iA
https://crworkspace.s3.ap-south-1.amazonaws.com/crdhs/private/2024/9/23/recording15351317627611529607.mp3,y8xavb5vTgeFw8UihTulTg
https://crworkspace.s3.ap-south-1.amazonaws.com/crdhs/private/2024/9/23/recording11552715968215237312.mp3,JRXKvvNHlyySGKX0jqcXTg
https://crworkspace.s3.ap-south-1.amazonaws.com/crdhs/private/2024/9/20/recording12612228221118006284.mp3,58ewYVKAumdoShb4xDaiVg
https://crworkspace.s3.ap-south-1.amazonaws.com/crdhs/private/2024/9/21/recording16525539218109969978.mp3,sgBbELH7Z6IpxC4xHyvo9A
https://crworkspace.s3.ap-south-1.amazonaws.com/crdhs/private/2024/9/21/recording5041822236845907804.mp3,Hi4V9t3CsjdhU012IrxOxw
https://crworkspace.s3.ap-south-1.amazonaws.com/crdhs/private/2024/9/25/recording12708480889417165635.mp3,HBl7q4McrZxG8xK5S14gDg
https://crworkspace.s3.ap-south-1.amazonaws.com/crdhs/private/2024/9/25/recording6670843522981389864.mp3,7vW32-AcHxXJjalpU6e-xA
https://crworkspace.s3.ap-south-1.amazonaws.com/crdhs/private/2024/9/20/recording16167689014907573222.mp3,5iZsNLNBcJ8a26XuFjLXQA
https://crworkspace.s3.ap-south-1.amazonaws.com/crdhs/private/2024/9/23/recording3442724674388437324.mp3,cDJxyi8dFGFg2pEJ3QQU5Q
https://crworkspace.s3.ap-south-1.amazonaws.com/crdhs/private/2024/9/25/recording10979361516000598335.mp3,BgEmUdRSa48KTrk4MtL2zA
https://crworkspace.s3.ap-south-1.amazonaws.com/crdhs/private/2024/9/20/recording6535168277689114300.mp3,ODiAa37PxEAFsQKeRyoCTw
https://crworkspace.s3.ap-south-1.amazonaws.com/crdhs/private/2024/9/20/recording8660716352293104956.mp3,qqXfnQHjgHtVDs3mmhDLMA
https://crworkspace.s3.ap-south-1.amazonaws.com/crdhs/private/2024/9/23/recording14282985656424243169.mp3,sYGOz13TSYH6y4YIAwwwEQ
https://crworkspace.s3.ap-south-1.amazonaws.com/crdhs/private/2024/9/23/recording14015357416712029349.mp3,zRTJbP5vS0EG8UusKKpO5g
https://crworkspace.s3.ap-south-1.amazonaws.com/crdhs/private/2024/9/21/recording8839906960891456001.mp3,yLTAIu0xlirPaKk7huVS_w
https://crworkspace.s3.ap-south-1.amazonaws.com/crdhs/private/2024/9/20/recording6776047985165868700.mp3,G6Fza6Q0oV7zJfDhiqMAqA
https://crworkspace.s3.ap-south-1.amazonaws.com/crdhs/private/2024/9/25/recording13584611917846962067.mp3,2FcytM33GLyGZAvJypLIRg
https://crworkspace.s3.ap-south-1.amazonaws.com/crdhs/private/2024/9/20/recording1162289178981566185.mp3,uJgGTPIslGaR52j2A1_H-Q
https://crworkspace.s3.ap-south-1.amazonaws.com/crdhs/private/2024/9/20/recording868359503272218376.mp3,YIID3KmgZP9SSkrkM4xDGA
https://crworkspace.s3.ap-south-1.amazonaws.com/crdhs/private/2024/9/25/recording13134002557065014423.mp3,zii5S35xHloVJ69_sK4dFg
https://crworkspace.s3.ap-south-1.amazonaws.com/crdhs/private/2024/9/21/recording774116123452776801.mp3,Dy4MdVCpzend1Gd7L4RArw
https://crworkspace.s3.ap-south-1.amazonaws.com/crdhs/private/2024/9/26/recording6709475350973196034.mp3,WqXvZy8YOQojP43aaCswxQ
https://crworkspace.s3.ap-south-1.amazonaws.com/crdhs/private/2024/9/25/recording12149776565589390598.mp3,PlxTy63huTgBcDUQodvYfQ
https://crworkspace.s3.ap-south-1.amazonaws.com/crdhs/private/2024/9/23/recording5267653847193169491.mp3,MTP-awy7W0sDnG0lT-9M-Q
https://crworkspace.s3.ap-south-1.amazonaws.com/crdhs/private/2024/9/25/recording4995784323385792211.mp3,4f-ZrU-GRatyeFPF8Gu9iA
https://crworkspace.s3.ap-south-1.amazonaws.com/crdhs/private/2024/9/21/recording7425315663205530905.mp3,oFSiwXxu82fT7fXsoDPeug
https://crworkspace.s3.ap-south-1.amazonaws.com/crdhs/private/2024/9/20/recording9890941070070200651.mp3,ftqef_A6NH8nI7zAssP33Q
https://crworkspace.s3.ap-south-1.amazonaws.com/crdhs/private/2024/9/20/recording1404208073718068412.mp3,m8q2TGb5FxfQw92HJvNERw
https://crworkspace.s3.ap-south-1.amazonaws.com/crdhs/private/2024/10/3/recording134614712801302675.mp3,9swjqs6M8FWMNjgAU2rTYw
https://crworkspace.s3.ap-south-1.amazonaws.com/crdhs/private/2024/10/2/recording12147968652254334073.mp3,uEhl7DXfJGHQP0RX0KefbA
https://crworkspace.s3.ap-south-1.amazonaws.com/crdhs/private/2024/10/3/recording2912516759843223658.mp3,pwOAGHrpQfdj_6vKpG29vg
https://crworkspace.s3.ap-south-1.amazonaws.com/crdhs/private/2024/9/20/recording6466384979350368018.mp3,igMJ09WPaq-yW-MrXrYXVw
https://crworkspace.s3.ap-south-1.amazonaws.com/crdhs/private/2024/9/23/recording14573341466234790001.mp3,hZiVr9jdoIBt_4GPQ-tMMA
https://crworkspace.s3.ap-south-1.amazonaws.com/crdhs/private/2024/9/25/recording4295088350833702095.mp3,jboSjbC_DntPvdHZGKmmsw
https://crworkspace.s3.ap-south-1.amazonaws.com/crdhs/private/2024/9/23/recording17286407821494337007.mp3,M9LFrjjVbHTjMN-1o8DuBg
https://crworkspace.s3.ap-south-1.amazonaws.com/crdhs/private/2024/9/23/recording16752996036137387689.mp3,-kukquwTpikVpzDEYABjIg
https://crworkspace.s3.ap-south-1.amazonaws.com/crdhs/private/2024/9/20/recording2458600279793645599.mp3,26YFN0pZUQ5F6wYeyaqDhg
https://crworkspace.s3.ap-south-1.amazonaws.com/crdhs/private/2024/9/25/recording13562782588717703282.mp3,IC3LmGl0EvG3ACQNYDDL-w
https://crworkspace.s3.ap-south-1.amazonaws.com/crdhs/private/2024/9/20/recording13838188936526490118.mp3,HdZRRpKbL10dTjqy9s7h2Q
https://crworkspace.s3.ap-south-1.amazonaws.com/crdhs/private/2024/9/20/recording17310778236337504928.mp3,EVa1EiMEPjhIcyJZybMrvA
https://crworkspace.s3.ap-south-1.amazonaws.com/crdhs/private/2024/9/20/recording1080213649172186596.mp3,gEZ2-scf4c0RIe6P4Io0Ew
https://crworkspace.s3.ap-south-1.amazonaws.com/crdhs/private/2024/9/20/recording9550529567543413474.mp3,Vhto7NMGxjU2nToMtBhjPQ
https://crworkspace.s3.ap-south-1.amazonaws.com/crdhs/private/2024/9/20/recording1917990951633256285.mp3,hSyCDLcC1uOwpYZlRGI0cw
https://crworkspace.s3.ap-south-1.amazonaws.com/crdhs/private/2024/9/20/recording12866119825042991225.mp3,2_k4C822wODoiNVdIUfFrA
https://crworkspace.s3.ap-south-1.amazonaws.com/crdhs/private/2024/9/23/recording3335208647393427443.mp3,NICs-fph_1MyQQscUJc5_g
https://crworkspace.s3.ap-south-1.amazonaws.com/crdhs/private/2024/9/21/recording11438871101317430346.mp3,4wMrwUyYcIGt1DEZaD0xAQ
https://crworkspace.s3.ap-south-1.amazonaws.com/crdhs/private/2024/9/21/recording7537378761175958955.mp3,J8EepbXOFF_M9lO2iqqJeA
https://crworkspace.s3.ap-south-1.amazonaws.com/crdhs/private/2024/9/25/recording1268503355057889186.mp3,u25CbGSlaWEhqh8L-qNLrQ
https://crworkspace.s3.ap-south-1.amazonaws.com/crdhs/private/2024/9/21/recording9699399766731581286.mp3,77z-hGHwJ2ut29h1D2CgjA
https://crworkspace.s3.ap-south-1.amazonaws.com/crdhs/private/2024/9/23/recording14406940679437757445.mp3,SzGGNIjIw1WDnbHnK7mgXw
https://crworkspace.s3.ap-south-1.amazonaws.com/crdhs/private/2024/9/26/recording9507888682807754404.mp3,NbxDWPWYG2ci8hmb2BCQ1w
https://crworkspace.s3.ap-south-1.amazonaws.com/crdhs/private/2024/9/26/recording13388214580469665374.mp3,vGGIuWomC8AnifVvYwQdJg
https://crworkspace.s3.ap-south-1.amazonaws.com/crdhs/private/2024/9/21/recording12999074936533171167.mp3,Kpjd0LvMG83jHUlo1NQUNA
https://crworkspace.s3.ap-south-1.amazonaws.com/crdhs/private/2024/9/26/recording15926811994408758249.mp3,NTseRHolrd8aX-2q6na-dw
https://crworkspace.s3.ap-south-1.amazonaws.com/crdhs/private/2024/9/21/recording10620584270283347765.mp3,0zVAMAy4o2l9oyzhjDiSuw
https://crworkspace.s3.ap-south-1.amazonaws.com/crdhs/private/2024/9/20/recording4976636367213846976.mp3,rDn_oTo9codmzDpXIosiXg
https://crworkspace.s3.ap-south-1.amazonaws.com/crdhs/private/2024/9/21/recording10882303763276691876.mp3,wA7oh0-ocKmUeKxUGOu7Rg
https://crworkspace.s3.ap-south-1.amazonaws.com/crdhs/private/2024/9/23/recording11250022303902446460.mp3,qS_j9PTewST3nWySZwwnxg
https://crworkspace.s3.ap-south-1.amazonaws.com/crdhs/private/2024/9/25/recording14158719811916866178.mp3,7DNLc7OnA99Jg6NsE6g5bg
https://crworkspace.s3.ap-south-1.amazonaws.com/crdhs/private/2024/9/20/recording8928717213547716049.mp3,gdPv2fpf1Mixr96AVKAXkw
https://crworkspace.s3.ap-south-1.amazonaws.com/crdhs/private/2024/9/21/recording15744612664781345981.mp3,AuJHMctkx8GX0bsFGI7XsA
https://crworkspace.s3.ap-south-1.amazonaws.com/crdhs/private/2024/9/20/recording14653153735043525654.mp3,JjEWrkJaYB9Hs35VMel7kw
https://crworkspace.s3.ap-south-1.amazonaws.com/crdhs/private/2024/9/21/recording15824387928549150584.mp3,XyrSfD_8OBkN3tkjNBe7Ww
https://crworkspace.s3.ap-south-1.amazonaws.com/crdhs/private/2024/9/25/recording15556417287645003055.mp3,D5T1RIC6R6gWDHbc2OG1IQ
https://crworkspace.s3.ap-south-1.amazonaws.com/crdhs/private/2024/9/21/recording5995589622133198512.mp3,a4RqLq8NPzWJaAilzGgBLw
https://crworkspace.s3.ap-south-1.amazonaws.com/crdhs/private/2024/9/26/recording610146845195708738.mp3,-vPe3DIjbUUMVPPL4lgTng
https://crworkspace.s3.ap-south-1.amazonaws.com/crdhs/private/2024/9/25/recording14869315466752088660.mp3,V-83mYePL6DzlRSNx5cPUA
https://crworkspace.s3.ap-south-1.amazonaws.com/crdhs/private/2024/9/21/recording13698521269651420536.mp3,gixmJcDMWxzfZMEnqy-V2Q
https://crworkspace.s3.ap-south-1.amazonaws.com/crdhs/private/2024/9/23/recording8950524050528127169.mp3,o5uFXkbFvJ1yzB_xAtz8_g
https://crworkspace.s3.ap-south-1.amazonaws.com/crdhs/private/2024/9/20/recording8166163552422735174.mp3,HctG_OtgkqB0e2HQ8XtyAw
https://crworkspace.s3.ap-south-1.amazonaws.com/crdhs/private/2024/9/20/recording5788661296546823588.mp3,b85-uVlj3fRgDzB7ZkG4rw
https://crworkspace.s3.ap-south-1.amazonaws.com/crdhs/private/2024/9/20/recording11199379180976537913.mp3,5TUuM-8DsnOAPWczKe7ITQ
https://crworkspace.s3.ap-south-1.amazonaws.com/crdhs/private/2024/9/26/recording16868681940663805586.mp3,0Hxo7cNoTVZBi2q1o7VJXw
https://crworkspace.s3.ap-south-1.amazonaws.com/crdhs/private/2024/9/23/recording6382239651533890891.mp3,cFYzY7RTEnNs-yBMSsUNTw
https://crworkspace.s3.ap-south-1.amazonaws.com/crdhs/private/2024/9/26/recording3602224696992900976.mp3,-oTREvLMjtcsC-Yj6coSmw
https://crworkspace.s3.ap-south-1.amazonaws.com/crdhs/private/2024/9/26/recording1245172153026718343.mp3,C0_WvZCeaZpX48TeGL0gLg
https://crworkspace.s3.ap-south-1.amazonaws.com/crdhs/private/2024/9/21/recording15312942273562273306.mp3,mtswprObA2KrPleW-kuTHw
https://crworkspace.s3.ap-south-1.amazonaws.com/crdhs/private/2024/9/23/recording13330640955523109083.mp3,qE-4pG-BOtZhNEmz9iQf1g
https://crworkspace.s3.ap-south-1.amazonaws.com/crdhs/private/2024/9/21/recording7883756649269359019.mp3,-3zp1dRc0GRp_EPDAazNlQ
https://crworkspace.s3.ap-south-1.amazonaws.com/crdhs/private/2024/9/25/recording10075673167473560818.mp3,wwEpY5VGKrHdu5iBuutaIw
https://crworkspace.s3.ap-south-1.amazonaws.com/crdhs/private/2024/9/26/recording2536984901007501905.mp3,aewH8LpnCdQPw2QgNKUgbw
https://crworkspace.s3.ap-south-1.amazonaws.com/crdhs/private/2024/9/23/recording7283491184794468101.mp3,RebyxOLcopJYCGRXvwlPNA
https://crworkspace.s3.ap-south-1.amazonaws.com/crdhs/private/2024/9/20/recording6780930405625391464.mp3,Y-NNP0L--P7YkfPaqUIoCA
https://crworkspace.s3.ap-south-1.amazonaws.com/crdhs/private/2024/9/20/recording11366739257646573526.mp3,jv0ea3YDDw5vk5mEGrP8Ag
https://crworkspace.s3.ap-south-1.amazonaws.com/crdhs/private/2024/9/20/recording15946391016868971052.mp3,_0xjuw36HoBBd2x7_UqriQ
https://crworkspace.s3.ap-south-1.amazonaws.com/crdhs/private/2024/9/23/recording7144401520805375299.mp3,OQUI57Kamh7wAGsbejFxrw
https://crworkspace.s3.ap-south-1.amazonaws.com/crdhs/private/2024/9/26/recording6764103774288367030.mp3,lFrJ1IBYXjDWkqk6GtTfvw
https://crworkspace.s3.ap-south-1.amazonaws.com/crdhs/private/2024/9/23/recording17229901405819397179.mp3,Nxam-0wpab1kKSp7jsZ7DQ
https://crworkspace.s3.ap-south-1.amazonaws.com/crdhs/private/2024/9/26/recording10393816518701786559.mp3,IRAInchLwmZLHFWy8SabBQ
https://crworkspace.s3.ap-south-1.amazonaws.com/crdhs/private/2024/9/25/recording6965500969927220136.mp3,Nc0LP79-9loey664PgiY-g
https://crworkspace.s3.ap-south-1.amazonaws.com/crdhs/private/2024/9/25/recording5544853048084815282.mp3,NUHkAMnjpk0WgdFn83KapQ
https://crworkspace.s3.ap-south-1.amazonaws.com/crdhs/private/2024/9/25/recording4629052757495272538.mp3,YYz2oLPkLnO1DMHi_ezCJg
https://crworkspace.s3.ap-south-1.amazonaws.com/crdhs/private/2024/9/26/recording18113189804280336092.mp3,csjc2fMaoL3wXqvGJyMdsQ
https://crworkspace.s3.ap-south-1.amazonaws.com/crdhs/private/2024/9/20/recording4425214977391867363.mp3,SrE-GxZVkOTwCNnc4jIEiQ
https://crworkspace.s3.ap-south-1.amazonaws.com/crdhs/private/2024/9/21/recording3922908175187857615.mp3,nZFhCHn0KWvWzVVzBaeqOQ
https://crworkspace.s3.ap-south-1.amazonaws.com/crdhs/private/2024/9/23/recording11045371203244468045.mp3,Hl-2hDeXzFUyMWPA_Esp5A
https://crworkspace.s3.ap-south-1.amazonaws.com/crdhs/private/2024/9/20/recording9303354571497176790.mp3,Sad2kU9JHGgaA0fbZFXTuA
https://crworkspace.s3.ap-south-1.amazonaws.com/crdhs/private/2024/10/3/recording13661697077857390535.mp3,qjqB2ApNDKAOltVmUkFDiw
https://crworkspace.s3.ap-south-1.amazonaws.com/crdhs/private/2024/9/20/recording8616832323232923715.mp3,KyavLcVZ27Aym3W4SZFMwA
https://crworkspace.s3.ap-south-1.amazonaws.com/crdhs/private/2024/9/23/recording7166653784381901395.mp3,ndFLEJycqD0E25clMjq7pQ
https://crworkspace.s3.ap-south-1.amazonaws.com/crdhs/private/2024/9/25/recording4498629582130473297.mp3,GYGPnXvhPlT9qumGRq7XeQ
https://crworkspace.s3.ap-south-1.amazonaws.com/crdhs/private/2024/9/26/recording8825562490126226737.mp3,6gKciv9T0zVEs7N0HUgnxw
https://crworkspace.s3.ap-south-1.amazonaws.com/crdhs/private/2024/9/21/recording7702817077194654195.mp3,IgS4dT0atvrqqSqJ3IsTsQ
https://crworkspace.s3.ap-south-1.amazonaws.com/crdhs/private/2024/9/23/recording3375438089015708153.mp3,sQZiREp4yb_W7QahIyB-2g
https://crworkspace.s3.ap-south-1.amazonaws.com/crdhs/private/2024/9/23/recording7150293223879111652.mp3,ZsqlpncVlPPo0xcsI-h20w
https://crworkspace.s3.ap-south-1.amazonaws.com/crdhs/private/2024/9/20/recording2636436405733278129.mp3,4CdRuwlhndjXZTwsAcYbjQ
https://crworkspace.s3.ap-south-1.amazonaws.com/crdhs/private/2024/9/25/recording17146475167095145142.mp3,HOs4d1ZuMKoBq-06jitkhw
https://crworkspace.s3.ap-south-1.amazonaws.com/crdhs/private/2024/9/21/recording14675292989619318381.mp3,6jgYuXLAdewyAkWm7UJKIg
https://crworkspace.s3.ap-south-1.amazonaws.com/crdhs/private/2024/9/25/recording18432899430920734579.mp3,Eh_jIHfA_uE6nHSJWdVg2Q
https://crworkspace.s3.ap-south-1.amazonaws.com/crdhs/private/2024/9/25/recording13451337544463547480.mp3,9Jwd-DuDU-fqt7OYoe8oow
https://crworkspace.s3.ap-south-1.amazonaws.com/crdhs/private/2024/9/25/recording2611708026221967640.mp3,-TKnIdybfFSoJc9MKEK0oQ
https://crworkspace.s3.ap-south-1.amazonaws.com/crdhs/private/2024/9/20/recording3278981505637558875.mp3,XxYxkz0z8K2UsIVPopLkeQ
https://crworkspace.s3.ap-south-1.amazonaws.com/crdhs/private/2024/9/26/recording15995936561375798938.mp3,H2yVtM-faMLqxjEJHxSF1w
https://crworkspace.s3.ap-south-1.amazonaws.com/crdhs/private/2024/9/26/recording738359790397529037.mp3,XjfuwQSDOoLZ42NkzzuMcQ
https://crworkspace.s3.ap-south-1.amazonaws.com/crdhs/private/2024/9/25/recording13885413553739223508.mp3,kbOfLzBkiEv38JGEfJNwcg
https://crworkspace.s3.ap-south-1.amazonaws.com/crdhs/private/2024/9/23/recording16171551569113048672.mp3,IgFf_DXAmj3OhyW7RFmzkg
https://crworkspace.s3.ap-south-1.amazonaws.com/crdhs/private/2024/9/25/recording14312479019336808627.mp3,DwRKXXLSJaqqTdYeWxzkcw
https://crworkspace.s3.ap-south-1.amazonaws.com/crdhs/private/2024/9/25/recording7549201931822822136.mp3,1fFDwqEa6IUxIFrCjHloow
https://crworkspace.s3.ap-south-1.amazonaws.com/crdhs/private/2024/9/21/recording5021031432025039136.mp3,i9FzSs3BCXWmjxeb-PqqHA
https://crworkspace.s3.ap-south-1.amazonaws.com/crdhs/private/2024/9/20/recording14889861927163369164.mp3,_vv0cZrzrRD41AuqK6Z6Og
https://crworkspace.s3.ap-south-1.amazonaws.com/crdhs/private/2024/9/23/recording2157268104825922627.mp3,Z-4dL_qK7mNqkkTwSbfHwg
https://crworkspace.s3.ap-south-1.amazonaws.com/crdhs/private/2024/9/23/recording15455644359445779848.mp3,LWfoxZUAnp3451lPX1A3LA
https://crworkspace.s3.ap-south-1.amazonaws.com/crdhs/private/2024/9/21/recording14940571552435866183.mp3,OMwiDtBg6nArCHjStAxaPQ
https://crworkspace.s3.ap-south-1.amazonaws.com/crdhs/private/2024/9/23/recording2433113892133531886.mp3,4CC3zWoERwWChDWM12BoYA
https://crworkspace.s3.ap-south-1.amazonaws.com/crdhs/private/2024/9/26/recording8714687344902076160.mp3,S2-nvXuV7pHdRQp5H6Rh4Q
https://crworkspace.s3.ap-south-1.amazonaws.com/crdhs/private/2024/9/23/recording12384492227341162536.mp3,-AfEWkl0oTcHtEAlpt6g3w
https://crworkspace.s3.ap-south-1.amazonaws.com/crdhs/private/2024/9/23/recording5014783501728558345.mp3,-MQXQKTNOCflMBQGub2MEw
https://crworkspace.s3.ap-south-1.amazonaws.com/crdhs/private/2024/9/23/recording42289470395542006.mp3,5P8T_vZ2YNZIsEf3pI5GIg
https://crworkspace.s3.ap-south-1.amazonaws.com/crdhs/private/2024/9/20/recording827712330508370509.mp3,LgAFUixISx8xMNpKCd87qA
https://crworkspace.s3.ap-south-1.amazonaws.com/crdhs/private/2024/10/6/recording13781962941968056079.mp3,YoeN1RloD5jl5Sc9tTJnsw
https://crworkspace.s3.ap-south-1.amazonaws.com/crdhs/private/2024/10/6/recording3704872328661119209.mp3,Wv6p7q0BZP8UU06Dj5Cs-A
https://crworkspace.s3.ap-south-1.amazonaws.com/crdhs/private/2024/10/6/recording6601783442118099642.mp3,qP5eSzOshVxDhgevg_4WQA
https://crworkspace.s3.ap-south-1.amazonaws.com/crdhs/private/2024/9/27/recording663774951038016398.mp3,yAvMLYphT_j_8UScXfBx9A
https://crworkspace.s3.ap-south-1.amazonaws.com/crdhs/private/2024/9/24/recording11075577104421101291.mp3,UiznLEiCBpesTaxEek2jmg
https://crworkspace.s3.ap-south-1.amazonaws.com/crdhs/private/2024/9/25/recording3789921030354428295.mp3,eRqQk0R8O7e2ZChqoytE8Q
https://crworkspace.s3.ap-south-1.amazonaws.com/crdhs/private/2024/9/24/recording16078716523498250745.mp3,yhi_IG-VQeVsetFcYOMg7Q
https://crworkspace.s3.ap-south-1.amazonaws.com/crdhs/private/2024/11/6/recording.mp3,--HarojsWojLTjUTow1RHA
https://crworkspace.s3.ap-south-1.amazonaws.com/crdhs/private/2024/11/21/recording.mp3,--CsMlwV1w_m0om101_Z1w
https://crworkspace.s3.ap-south-1.amazonaws.com/crdhs/private/2024/9/28/recording13441848562420917911.mp3,jaV7tVHpOCI9o9vrzHuBOA
https://crworkspace.s3.ap-south-1.amazonaws.com/crdhs/private/2024/11/6/recording.mp3,--HarojsWojLTjUTow1RHA
https://crworkspace.s3.ap-south-1.amazonaws.com/crdhs/private/2024/9/24/recording5222183801970686985.mp3,-ZbYfJWW6YxR7vrSrk0aIg
https://crworkspace.s3.ap-south-1.amazonaws.com/crdhs/private/2024/9/24/recording550773140505354763.mp3,VywGw0KZvolyAvqf1JvJqw
https://crworkspace.s3.ap-south-1.amazonaws.com/crdhs/private/2024/9/25/recording1331961378030747168.mp3,1dTCmlu86twhOh0zeeH9nA
https://crworkspace.s3.ap-south-1.amazonaws.com/crdhs/private/2024/11/6/recording.mp3,--HarojsWojLTjUTow1RHA
https://crworkspace.s3.ap-south-1.amazonaws.com/crdhs/private/2024/11/6/recording.mp3,--HarojsWojLTjUTow1RHA
https://crworkspace.s3.ap-south-1.amazonaws.com/crdhs/private/2024/11/21/recording.mp3,--CsMlwV1w_m0om101_Z1w
https://crworkspace.s3.ap-south-1.amazonaws.com/crdhs/private/2024/9/27/recording7104661922460497734.mp3,oHlbGFw4KUQ-Kf6bHaLjrQ
https://crworkspace.s3.ap-south-1.amazonaws.com/crdhs/private/2024/9/24/recording11637255037735126783.mp3,72fpxsgCG0lQDgKJoxfJ7A
https://crworkspace.s3.ap-south-1.amazonaws.com/crdhs/private/2024/11/6/recording.mp3,--HarojsWojLTjUTow1RHA
https://crworkspace.s3.ap-south-1.amazonaws.com/crdhs/private/2024/11/6/recording.mp3,--HarojsWojLTjUTow1RHA
https://crworkspace.s3.ap-south-1.amazonaws.com/crdhs/private/2024/11/26/recording.mp3,-8AhiNg6tiGz8N7jiEqUFA
https://crworkspace.s3.ap-south-1.amazonaws.com/crdhs/private/2024/11/21/recording.mp3,--CsMlwV1w_m0om101_Z1w
https://crworkspace.s3.ap-south-1.amazonaws.com/crdhs/private/2024/11/26/recording.mp3,-8AhiNg6tiGz8N7jiEqUFA
https://crworkspace.s3.ap-south-1.amazonaws.com/crdhs/private/2024/9/27/recording8397532288893845187.mp3,AJQfVGa-FhLTUCc2SMDQAA
https://crworkspace.s3.ap-south-1.amazonaws.com/crdhs/private/2024/9/21/recording17865003365121864168.mp3,kkJlYM8fvhBjimdKTuRbdQ
https://crworkspace.s3.ap-south-1.amazonaws.com/crdhs/private/2024/11/6/recording.mp3,--HarojsWojLTjUTow1RHA
https://crworkspace.s3.ap-south-1.amazonaws.com/crdhs/private/2024/11/6/recording.mp3,--HarojsWojLTjUTow1RHA
https://crworkspace.s3.ap-south-1.amazonaws.com/crdhs/private/2024/11/21/recording.mp3,--CsMlwV1w_m0om101_Z1w
https://crworkspace.s3.ap-south-1.amazonaws.com/crdhs/private/2024/11/26/recording.mp3,-8AhiNg6tiGz8N7jiEqUFA
https://crworkspace.s3.ap-south-1.amazonaws.com/crdhs/private/2024/10/6/recording17413098812029105817.mp3,2GnhGF6po0GM_WffvK6o4Q
https://crworkspace.s3.ap-south-1.amazonaws.com/crdhs/private/2024/9/21/recording3880423588702589231.mp3,7tmlybZk_9oL7NWHUJQ3KA
https://crworkspace.s3.ap-south-1.amazonaws.com/crdhs/private/2024/9/20/recording8747901490146006199.mp3,ZoQisuvdUU72gqHv9bEb1A
https://crworkspace.s3.ap-south-1.amazonaws.com/crdhs/private/2024/11/21/recording.mp3,--CsMlwV1w_m0om101_Z1w
https://crworkspace.s3.ap-south-1.amazonaws.com/crdhs/private/2024/11/6/recording.mp3,--HarojsWojLTjUTow1RHA
https://crworkspace.s3.ap-south-1.amazonaws.com/crdhs/private/2024/9/27/recording8045173770377612502.mp3,Hyqe4TKlHpzkZrIxXQWzuQ
https://crworkspace.s3.ap-south-1.amazonaws.com/crdhs/private/2024/9/25/recording8068892896484913653.mp3,6Au644C7nJRboT8FOb-lMA
https://crworkspace.s3.ap-south-1.amazonaws.com/crdhs/private/2024/11/6/recording.mp3,--HarojsWojLTjUTow1RHA
https://crworkspace.s3.ap-south-1.amazonaws.com/crdhs/private/2024/11/6/recording.mp3,--HarojsWojLTjUTow1RHA
https://crworkspace.s3.ap-south-1.amazonaws.com/crdhs/private/2024/11/26/recording.mp3,-8AhiNg6tiGz8N7jiEqUFA
https://crworkspace.s3.ap-south-1.amazonaws.com/crdhs/private/2024/11/21/recording.mp3,--CsMlwV1w_m0om101_Z1w
https://crworkspace.s3.ap-south-1.amazonaws.com/crdhs/private/2024/9/27/recording18295181576771314592.mp3,9L25h0oUzKJloBnvaeRzSw
https://crworkspace.s3.ap-south-1.amazonaws.com/crdhs/private/2024/9/24/recording11601785612950710952.mp3,Uw_CsRe9KYrdDK57wgyA1g
https://crworkspace.s3.ap-south-1.amazonaws.com/crdhs/private/2024/9/23/recording11474984544113551829.mp3,Vz3kQOr6mMFTLOVmNtqUgA
https://crworkspace.s3.ap-south-1.amazonaws.com/crdhs/private/2024/9/21/recording7977315405054083633.mp3,BxtPazX3kBQxC9kZr5pKxg
https://crworkspace.s3.ap-south-1.amazonaws.com/crdhs/private/2024/11/21/recording.mp3,--CsMlwV1w_m0om101_Z1w
https://crworkspace.s3.ap-south-1.amazonaws.com/crdhs/private/2024/9/24/recording13200128883330033022.mp3,J7z2DS7pYBnwO7dspOXJBA
https://crworkspace.s3.ap-south-1.amazonaws.com/crdhs/private/2024/11/21/recording.mp3,--CsMlwV1w_m0om101_Z1w
https://crworkspace.s3.ap-south-1.amazonaws.com/crdhs/private/2024/11/26/recording.mp3,-8AhiNg6tiGz8N7jiEqUFA
https://crworkspace.s3.ap-south-1.amazonaws.com/crdhs/private/2024/11/6/recording.mp3,--HarojsWojLTjUTow1RHA
https://crworkspace.s3.ap-south-1.amazonaws.com/crdhs/private/2024/11/6/recording.mp3,--HarojsWojLTjUTow1RHA
https://crworkspace.s3.ap-south-1.amazonaws.com/crdhs/private/2024/9/24/recording978465632007826693.mp3,1qCOg-XwJBFJHHta1yaOZA
https://crworkspace.s3.ap-south-1.amazonaws.com/crdhs/private/2024/10/6/recording2443097641953011831.mp3,L8cjWYG-5JRDcP2hqPeRvw
https://crworkspace.s3.ap-south-1.amazonaws.com/crdhs/private/2024/9/25/recording9090503792489385702.mp3,ES7d1jY27zfYuoDmRuae_A
https://crworkspace.s3.ap-south-1.amazonaws.com/crdhs/private/2024/9/23/recording9513973253019320116.mp3,FJTWgf6ppE3FGRQ238ncyQ
https://crworkspace.s3.ap-south-1.amazonaws.com/crdhs/private/2024/9/27/recording9206221470514872537.mp3,1j0V2G6JuF43WtIwbo_BBQ
https://crworkspace.s3.ap-south-1.amazonaws.com/crdhs/private/2024/9/21/recording16009612516452712163.mp3,8AccSMnYrmi_F1YigWyaQA
https://crworkspace.s3.ap-south-1.amazonaws.com/crdhs/private/2024/11/6/recording.mp3,--HarojsWojLTjUTow1RHA
https://crworkspace.s3.ap-south-1.amazonaws.com/crdhs/private/2024/9/24/recording13275099957391499586.mp3,wxhHOjyphozrVQbR_6knjg
https://crworkspace.s3.ap-south-1.amazonaws.com/crdhs/private/2024/11/21/recording.mp3,--CsMlwV1w_m0om101_Z1w
https://crworkspace.s3.ap-south-1.amazonaws.com/crdhs/private/2024/9/23/recording10122274454889124708.mp3,cstjAxfBhSJmzdpBO8Wkdw
https://crworkspace.s3.ap-south-1.amazonaws.com/crdhs/private/2024/9/27/recording4269616467410267838.mp3,uhf1asC_uWK0yG-zQynxjA
https://crworkspace.s3.ap-south-1.amazonaws.com/crdhs/private/2024/11/6/recording.mp3,--HarojsWojLTjUTow1RHA
https://crworkspace.s3.ap-south-1.amazonaws.com/crdhs/private/2024/11/21/recording.mp3,--CsMlwV1w_m0om101_Z1w
https://crworkspace.s3.ap-south-1.amazonaws.com/crdhs/private/2024/10/6/recording17094226018381290848.mp3,EPBMvUMw88hnUkZTEAX6UQ
https://crworkspace.s3.ap-south-1.amazonaws.com/crdhs/private/2024/11/26/recording.mp3,-8AhiNg6tiGz8N7jiEqUFA
https://crworkspace.s3.ap-south-1.amazonaws.com/crdhs/private/2024/9/25/recording1507848347509707981.mp3,M_P60DEmVufDpCT79St2nQ
https://crworkspace.s3.ap-south-1.amazonaws.com/crdhs/private/2024/9/20/recording16186318287833635916.mp3,jOl3weVerUOnPdmZ5vl5Rw
https://crworkspace.s3.ap-south-1.amazonaws.com/crdhs/private/2024/9/21/recording7227090564508477067.mp3,l1QnPpNMq7AY8O5gqc1WYg
https://crworkspace.s3.ap-south-1.amazonaws.com/crdhs/private/2024/9/20/recording4014120465183089646.mp3,OPbfz2qKf2VVW-J_psU3yw
https://crworkspace.s3.ap-south-1.amazonaws.com/crdhs/private/2024/9/21/recording1275511892301814740.mp3,8M__K11BGeOA0XDUTvyYzw
https://crworkspace.s3.ap-south-1.amazonaws.com/crdhs/private/2024/9/21/recording17319402651611743337.mp3,W0tcin_TmBauQaWRRhpMKw
https://crworkspace.s3.ap-south-1.amazonaws.com/crdhs/private/2024/11/26/recording.mp3,-8AhiNg6tiGz8N7jiEqUFA
https://crworkspace.s3.ap-south-1.amazonaws.com/crdhs/private/2024/9/23/recording10494777804127986046.mp3,TWI7wtJQyUHhVFMNJoUCgQ
https://crworkspace.s3.ap-south-1.amazonaws.com/crdhs/private/2024/11/21/recording.mp3,--CsMlwV1w_m0om101_Z1w
https://crworkspace.s3.ap-south-1.amazonaws.com/crdhs/private/2024/9/20/recording9774493764199442286.mp3,rdV6DsSjPbfE9oa95kUVSQ
https://crworkspace.s3.ap-south-1.amazonaws.com/crdhs/private/2024/9/21/recording3470102467449205835.mp3,ktEVsp8vWYcbeXZD4QpNgw
https://crworkspace.s3.ap-south-1.amazonaws.com/crdhs/private/2024/10/7/recording557468698635035030.mp3,bzVwVzqc33VG2ooZMleRMA
https://crworkspace.s3.ap-south-1.amazonaws.com/crdhs/private/2024/9/24/recording7591686075879744263.mp3,yy6eoHz7puAT-S_mO7lBKQ
https://crworkspace.s3.ap-south-1.amazonaws.com/crdhs/private/2024/9/21/recording2763166241625644333.mp3,tfkyN4dVwa9oBTqm53lOwA
https://crworkspace.s3.ap-south-1.amazonaws.com/crdhs/private/2024/9/26/recording14571301622246435624.mp3,FCz03fvdBs_y2O5VloGPlQ
https://crworkspace.s3.ap-south-1.amazonaws.com/crdhs/private/2024/11/6/recording.mp3,--HarojsWojLTjUTow1RHA
https://crworkspace.s3.ap-south-1.amazonaws.com/crdhs/private/2024/11/21/recording.mp3,--CsMlwV1w_m0om101_Z1w
https://crworkspace.s3.ap-south-1.amazonaws.com/crdhs/private/2024/10/6/recording4183853148803309703.mp3,nCjI6eYAL-KfOWtkSxncvQ
https://crworkspace.s3.ap-south-1.amazonaws.com/crdhs/private/2024/9/23/recording3421759180035156848.mp3,0dpfp9wEq67F19eM_n7eWg
https://crworkspace.s3.ap-south-1.amazonaws.com/crdhs/private/2024/9/20/recording835429087956157371.mp3,TA4XQ-OZh4CjWHhROc8eFA
https://crworkspace.s3.ap-south-1.amazonaws.com/crdhs/private/2024/10/7/recording15007007047711945747.mp3,dLshURpnptP3eT08reVFow
https://crworkspace.s3.ap-south-1.amazonaws.com/crdhs/private/2024/9/20/recording18093391464541754055.mp3,eQk_cGddxuKFZOiZdSkh9w
https://crworkspace.s3.ap-south-1.amazonaws.com/crdhs/private/2024/11/26/recording.mp3,-8AhiNg6tiGz8N7jiEqUFA
https://crworkspace.s3.ap-south-1.amazonaws.com/crdhs/private/2024/9/20/recording412641491601477701.mp3,Ec8EaU7PgvhaoQ2ydST7fg
https://crworkspace.s3.ap-south-1.amazonaws.com/crdhs/private/2024/11/6/recording.mp3,--HarojsWojLTjUTow1RHA
https://crworkspace.s3.ap-south-1.amazonaws.com/crdhs/private/2024/11/26/recording.mp3,-8AhiNg6tiGz8N7jiEqUFA
https://crworkspace.s3.ap-south-1.amazonaws.com/crdhs/private/2024/11/21/recording.mp3,--CsMlwV1w_m0om101_Z1w
https://crworkspace.s3.ap-south-1.amazonaws.com/crdhs/private/2024/11/6/recording.mp3,--HarojsWojLTjUTow1RHA
https://crworkspace.s3.ap-south-1.amazonaws.com/crdhs/private/2024/9/25/recording13451967657256446392.mp3,oFpkNHbEP_T2CGWV7DmOAw
https://crworkspace.s3.ap-south-1.amazonaws.com/crdhs/private/2024/11/26/recording.mp3,-8AhiNg6tiGz8N7jiEqUFA
https://crworkspace.s3.ap-south-1.amazonaws.com/crdhs/private/2024/11/21/recording.mp3,--CsMlwV1w_m0om101_Z1w
https://crworkspace.s3.ap-south-1.amazonaws.com/crdhs/private/2024/10/6/recording7396404182118682718.mp3,xubfIxe0BoVxUCDcHbYd2Q
https://crworkspace.s3.ap-south-1.amazonaws.com/crdhs/private/2024/9/23/recording8893333847125802030.mp3,FtvpOyQ6mUVsUyuni8pCag
https://crworkspace.s3.ap-south-1.amazonaws.com/crdhs/private/2024/9/27/recording983440389645513298.mp3,-J2n8NdjIkRzI7ReAla9Zw
https://crworkspace.s3.ap-south-1.amazonaws.com/crdhs/private/2024/11/21/recording.mp3,--CsMlwV1w_m0om101_Z1w
https://crworkspace.s3.ap-south-1.amazonaws.com/crdhs/private/2024/10/6/recording3946845532626071566.mp3,ymdnfYHzj9h8UiBdyu-IYA
https://crworkspace.s3.ap-south-1.amazonaws.com/crdhs/private/2024/11/26/recording.mp3,-8AhiNg6tiGz8N7jiEqUFA
https://crworkspace.s3.ap-south-1.amazonaws.com/crdhs/private/2024/9/24/recording15541384114713064156.mp3,-vk-gpBveg8jjgpcR1OBzg
https://crworkspace.s3.ap-south-1.amazonaws.com/crdhs/private/2024/9/24/recording10469445360494974378.mp3,O55baVASfuZ5VefleSaz7Q
https://crworkspace.s3.ap-south-1.amazonaws.com/crdhs/private/2024/10/7/recording10825099785103834201.mp3,FgkYnwXCRIsg5_VwXA8jvw
https://crworkspace.s3.ap-south-1.amazonaws.com/crdhs/private/2024/11/6/recording.mp3,--HarojsWojLTjUTow1RHA
https://crworkspace.s3.ap-south-1.amazonaws.com/crdhs/private/2024/9/24/recording2545205854129314833.mp3,H6xulzp8_1Da2FqLvjLm7Q
https://crworkspace.s3.ap-south-1.amazonaws.com/crdhs/private/2024/9/23/recording8456298274355622203.mp3,zeFFXoGxi1K8GONpbZfPjw
https://crworkspace.s3.ap-south-1.amazonaws.com/crdhs/private/2024/11/26/recording.mp3,-8AhiNg6tiGz8N7jiEqUFA
https://crworkspace.s3.ap-south-1.amazonaws.com/crdhs/private/2024/9/24/recording4706536477097301229.mp3,If1TfPP-X8ssdth5ToN3TA
https://crworkspace.s3.ap-south-1.amazonaws.com/crdhs/private/2024/10/6/recording6417985778983786412.mp3,7Lymv4be8Gt-0u4QAIOnKQ
https://crworkspace.s3.ap-south-1.amazonaws.com/crdhs/private/2024/11/21/recording.mp3,--CsMlwV1w_m0om101_Z1w
https://crworkspace.s3.ap-south-1.amazonaws.com/crdhs/private/2024/11/6/recording.mp3,--HarojsWojLTjUTow1RHA
https://crworkspace.s3.ap-south-1.amazonaws.com/crdhs/private/2024/9/23/recording8439789192412356884.mp3,btt2hBebL0MjmM_LEkx_nA
https://crworkspace.s3.ap-south-1.amazonaws.com/crdhs/private/2024/9/27/recording14747005532172024741.mp3,1PhHGl4V6Hr_qokeH2ia2A
https://crworkspace.s3.ap-south-1.amazonaws.com/crdhs/private/2024/9/21/recording4617403410988306120.mp3,2-eVGpfky2O2WF4qVWcjlw
https://crworkspace.s3.ap-south-1.amazonaws.com/crdhs/private/2024/9/20/recording1856881088119719473.mp3,J8LJSwfBk_gxm1tcBodGYg
https://crworkspace.s3.ap-south-1.amazonaws.com/crdhs/private/2024/10/3/recording7792425255450499526.mp3,oM2twy9Fqdrj0vTkgZl4sA
https://crworkspace.s3.ap-south-1.amazonaws.com/crdhs/private/2024/10/3/recording15237904255625563376.mp3,qVGwA1d-B57GhFQs6WzOpw
https://crworkspace.s3.ap-south-1.amazonaws.com/crdhs/private/2024/9/25/recording9885544419924318252.mp3,-HC1EqG5-i16QPHjNcOcxw
https://crworkspace.s3.ap-south-1.amazonaws.com/crdhs/private/2024/11/6/recording.mp3,--HarojsWojLTjUTow1RHA
https://crworkspace.s3.ap-south-1.amazonaws.com/crdhs/private/2024/9/23/recording930574773682495802.mp3,ldShJ1LzDLBBgPNwvYOwFw
https://crworkspace.s3.ap-south-1.amazonaws.com/crdhs/private/2024/11/6/recording.mp3,--HarojsWojLTjUTow1RHA
https://crworkspace.s3.ap-south-1.amazonaws.com/crdhs/private/2024/11/6/recording.mp3,--HarojsWojLTjUTow1RHA
https://crworkspace.s3.ap-south-1.amazonaws.com/crdhs/private/2024/11/21/recording.mp3,--CsMlwV1w_m0om101_Z1w
https://crworkspace.s3.ap-south-1.amazonaws.com/crdhs/private/2024/11/6/recording.mp3,--HarojsWojLTjUTow1RHA
https://crworkspace.s3.ap-south-1.amazonaws.com/crdhs/private/2024/11/26/recording.mp3,-8AhiNg6tiGz8N7jiEqUFA
https://crworkspace.s3.ap-south-1.amazonaws.com/crdhs/private/2024/9/25/recording2842367905914920999.mp3,J9C0KHuxJsNFg54hPK7JiQ
https://crworkspace.s3.ap-south-1.amazonaws.com/crdhs/private/2024/11/26/recording.mp3,-8AhiNg6tiGz8N7jiEqUFA
https://crworkspace.s3.ap-south-1.amazonaws.com/crdhs/private/2024/10/7/recording8553369516836855761.mp3,R_jvrXqkCm-utBzZqZcfSw
https://crworkspace.s3.ap-south-1.amazonaws.com/crdhs/private/2024/11/6/recording.mp3,--HarojsWojLTjUTow1RHA
https://crworkspace.s3.ap-south-1.amazonaws.com/crdhs/private/2024/11/21/recording.mp3,--CsMlwV1w_m0om101_Z1w
https://crworkspace.s3.ap-south-1.amazonaws.com/crdhs/private/2024/11/6/recording.mp3,--HarojsWojLTjUTow1RHA
https://crworkspace.s3.ap-south-1.amazonaws.com/crdhs/private/2024/11/26/recording.mp3,-8AhiNg6tiGz8N7jiEqUFA
https://crworkspace.s3.ap-south-1.amazonaws.com/crdhs/private/2024/9/27/recording5673488388365181320.mp3,98kuuUScFwEVgijtFtEKpw
https://crworkspace.s3.ap-south-1.amazonaws.com/crdhs/private/2024/9/25/recording18258520414081621746.mp3,HS5_xAaQicTaRnl14eBybg
https://crworkspace.s3.ap-south-1.amazonaws.com/crdhs/private/2024/11/6/recording.mp3,--HarojsWojLTjUTow1RHA
https://crworkspace.s3.ap-south-1.amazonaws.com/crdhs/private/2024/9/23/recording10788967094755208925.mp3,SU4sh1sf1Al0hGmFNlap8w
https://crworkspace.s3.ap-south-1.amazonaws.com/crdhs/private/2024/11/6/recording.mp3,--HarojsWojLTjUTow1RHA
https://crworkspace.s3.ap-south-1.amazonaws.com/crdhs/private/2024/11/26/recording.mp3,-8AhiNg6tiGz8N7jiEqUFA
https://crworkspace.s3.ap-south-1.amazonaws.com/crdhs/private/2024/11/21/recording.mp3,--CsMlwV1w_m0om101_Z1w
https://crworkspace.s3.ap-south-1.amazonaws.com/crdhs/private/2024/11/26/recording.mp3,-8AhiNg6tiGz8N7jiEqUFA
https://crworkspace.s3.ap-south-1.amazonaws.com/crdhs/private/2024/11/21/recording.mp3,--CsMlwV1w_m0om101_Z1w
https://crworkspace.s3.ap-south-1.amazonaws.com/crdhs/private/2024/9/24/recording15715222551305987137.mp3,cXQY-aKMzgttpxrMXGnO3Q
https://crworkspace.s3.ap-south-1.amazonaws.com/crdhs/private/2024/9/24/recording3328401868585102847.mp3,YdZrm6q2kREPNxnNz2qk5w
https://crworkspace.s3.ap-south-1.amazonaws.com/crdhs/private/2024/9/26/recording13557458537486111619.mp3,G1STDd3rdF7h3PVnoSQopw
https://crworkspace.s3.ap-south-1.amazonaws.com/crdhs/private/2024/11/26/recording.mp3,-8AhiNg6tiGz8N7jiEqUFA
https://crworkspace.s3.ap-south-1.amazonaws.com/crdhs/private/2024/11/21/recording.mp3,--CsMlwV1w_m0om101_Z1w
https://crworkspace.s3.ap-south-1.amazonaws.com/crdhs/private/2024/9/26/recording14596886330250712152.mp3,DwXPjzFilD1HUUFDTE2gaw
https://crworkspace.s3.ap-south-1.amazonaws.com/crdhs/private/2024/11/26/recording.mp3,-8AhiNg6tiGz8N7jiEqUFA
https://crworkspace.s3.ap-south-1.amazonaws.com/crdhs/private/2024/11/21/recording.mp3,--CsMlwV1w_m0om101_Z1w
https://crworkspace.s3.ap-south-1.amazonaws.com/crdhs/private/2024/9/24/recording18223692205296043273.mp3,FJq6YDE9ld-7UFb9J7FXTQ
https://crworkspace.s3.ap-south-1.amazonaws.com/crdhs/private/2024/9/23/recording2015403459345396864.mp3,EHop98CwjVU9sedquHP1Gw
https://crworkspace.s3.ap-south-1.amazonaws.com/crdhs/private/2024/11/21/recording.mp3,--CsMlwV1w_m0om101_Z1w
https://crworkspace.s3.ap-south-1.amazonaws.com/crdhs/private/2024/9/24/recording7923036370733549043.mp3,4r4iqmFF-oae_ZRdo4Jl_w
https://crworkspace.s3.ap-south-1.amazonaws.com/crdhs/private/2024/11/26/recording.mp3,-8AhiNg6tiGz8N7jiEqUFA
https://crworkspace.s3.ap-south-1.amazonaws.com/crdhs/private/2024/9/25/recording7686128545688401362.mp3,PnBqY8SiVFMcM74Anddivg
https://crworkspace.s3.ap-south-1.amazonaws.com/crdhs/private/2024/10/6/recording16590360950782186812.mp3,T5J-LDlJy2mEJkK1Jbsh1w
https://crworkspace.s3.ap-south-1.amazonaws.com/crdhs/private/2024/10/7/recording4143390818974439434.mp3,RSAHn9mIrTITaUPO2tBo5Q
https://crworkspace.s3.ap-south-1.amazonaws.com/crdhs/private/2024/11/21/recording.mp3,--CsMlwV1w_m0om101_Z1w
https://crworkspace.s3.ap-south-1.amazonaws.com/crdhs/private/2024/9/24/recording13030628793641438296.mp3,AwenwQNH_X6Q700feKG-BQ
https://crworkspace.s3.ap-south-1.amazonaws.com/crdhs/private/2024/9/24/recording7499884496984380307.mp3,zSLH9SfImPGFK4lXGkTmHA
https://crworkspace.s3.ap-south-1.amazonaws.com/crdhs/private/2024/9/20/recording888480463284340792.mp3,-wdOBbeBrMqVRMKqIDRcqQ
https://crworkspace.s3.ap-south-1.amazonaws.com/crdhs/private/2024/9/24/recording16950641268224090857.mp3,p_bo7Bq55UXwwKP2xpUvFw
https://crworkspace.s3.ap-south-1.amazonaws.com/crdhs/private/2024/11/21/recording.mp3,--CsMlwV1w_m0om101_Z1w
https://crworkspace.s3.ap-south-1.amazonaws.com/crdhs/private/2024/11/26/recording.mp3,-8AhiNg6tiGz8N7jiEqUFA
https://crworkspace.s3.ap-south-1.amazonaws.com/crdhs/private/2024/9/24/recording16583731771180064295.mp3,9w9Cio9tmsL8C-uoOWFsDQ
https://crworkspace.s3.ap-south-1.amazonaws.com/crdhs/private/2024/11/21/recording.mp3,--CsMlwV1w_m0om101_Z1w
https://crworkspace.s3.ap-south-1.amazonaws.com/crdhs/private/2024/9/23/recording18233080230656717062.mp3,aceK5c_HsvuzRA57EHe8iA
https://crworkspace.s3.ap-south-1.amazonaws.com/crdhs/private/2024/9/24/recording4013096982840082051.mp3,tN6hA3oE2Jwx_yCCyqAz8w
https://crworkspace.s3.ap-south-1.amazonaws.com/crdhs/private/2024/9/23/recording5246933525429147047.mp3,JMyDAm3HlnEIS_34zeDtrA
https://crworkspace.s3.ap-south-1.amazonaws.com/crdhs/private/2024/9/23/recording8027353572534763637.mp3,5UNo70vKf2oruK-Ym78KgA
https://crworkspace.s3.ap-south-1.amazonaws.com/crdhs/private/2024/11/26/recording.mp3,-8AhiNg6tiGz8N7jiEqUFA
https://crworkspace.s3.ap-south-1.amazonaws.com/crdhs/private/2024/9/21/recording11527319963167203730.mp3,0wITlMt6y6ANyuFPUfpPfw
https://crworkspace.s3.ap-south-1.amazonaws.com/crdhs/private/2024/11/26/recording.mp3,-8AhiNg6tiGz8N7jiEqUFA
https://crworkspace.s3.ap-south-1.amazonaws.com/crdhs/private/2024/9/21/recording915273938997068002.mp3,jO6nyaMHyfp9tlzWX8DoaA
https://crworkspace.s3.ap-south-1.amazonaws.com/crdhs/private/2024/9/25/recording8242283293296280654.mp3,8p77K1DzV7r3CGnCswxVTg
https://crworkspace.s3.ap-south-1.amazonaws.com/crdhs/private/2024/11/6/recording.mp3,--HarojsWojLTjUTow1RHA
https://crworkspace.s3.ap-south-1.amazonaws.com/crdhs/private/2024/9/23/recording3842098155870145244.mp3,mq84KG3o97XUGo-OcRd1fg
https://crworkspace.s3.ap-south-1.amazonaws.com/crdhs/private/2024/9/25/recording8148803217596802238.mp3,q-Gyhvh31koaOqLgUaIhEA
https://crworkspace.s3.ap-south-1.amazonaws.com/crdhs/private/2024/9/25/recording2623729653356218811.mp3,nQYSlXwKNgYOr8wi3g5EYQ
https://crworkspace.s3.ap-south-1.amazonaws.com/crdhs/private/2024/9/24/recording10486430917395010559.mp3,AiiGnTRJITBsrcPBEB-ZdA
https://crworkspace.s3.ap-south-1.amazonaws.com/crdhs/private/2024/11/26/recording.mp3,-8AhiNg6tiGz8N7jiEqUFA
https://crworkspace.s3.ap-south-1.amazonaws.com/crdhs/private/2024/11/26/recording.mp3,-8AhiNg6tiGz8N7jiEqUFA
https://crworkspace.s3.ap-south-1.amazonaws.com/crdhs/private/2024/11/6/recording.mp3,--HarojsWojLTjUTow1RHA
https://crworkspace.s3.ap-south-1.amazonaws.com/crdhs/private/2024/9/25/recording7787477398106842187.mp3,crnpSj_skWLIhS4RjPlMGw
https://crworkspace.s3.ap-south-1.amazonaws.com/crdhs/private/2024/11/26/recording.mp3,-8AhiNg6tiGz8N7jiEqUFA
https://crworkspace.s3.ap-south-1.amazonaws.com/crdhs/private/2024/11/26/recording.mp3,-8AhiNg6tiGz8N7jiEqUFA
https://crworkspace.s3.ap-south-1.amazonaws.com/crdhs/private/2024/11/26/recording.mp3,-8AhiNg6tiGz8N7jiEqUFA
https://crworkspace.s3.ap-south-1.amazonaws.com/crdhs/private/2024/11/26/recording.mp3,-8AhiNg6tiGz8N7jiEqUFA
https://crworkspace.s3.ap-south-1.amazonaws.com/crdhs/private/2024/11/26/recording.mp3,-8AhiNg6tiGz8N7jiEqUFA
https://crworkspace.s3.ap-south-1.amazonaws.com/crdhs/private/2024/9/20/recording17770309442427986940.mp3,m0PKm-3Ua7j62GheJsVo_A
https://crworkspace.s3.ap-south-1.amazonaws.com/crdhs/private/2024/11/26/recording.mp3,-8AhiNg6tiGz8N7jiEqUFA
https://crworkspace.s3.ap-south-1.amazonaws.com/crdhs/private/2024/9/27/recording11521702530996740324.mp3,r92d3Q9XndYKtocjskw6tQ
https://crworkspace.s3.ap-south-1.amazonaws.com/crdhs/private/2024/11/21/recording.mp3,--CsMlwV1w_m0om101_Z1w
https://crworkspace.s3.ap-south-1.amazonaws.com/crdhs/private/2024/9/26/recording10382245038919384864.mp3,brcgN4cKeONkcyz4-av0Pg
https://crworkspace.s3.ap-south-1.amazonaws.com/crdhs/private/2024/11/26/recording.mp3,-8AhiNg6tiGz8N7jiEqUFA
https://crworkspace.s3.ap-south-1.amazonaws.com/crdhs/private/2024/11/26/recording.mp3,-8AhiNg6tiGz8N7jiEqUFA
https://crworkspace.s3.ap-south-1.amazonaws.com/crdhs/private/2024/11/26/recording.mp3,-8AhiNg6tiGz8N7jiEqUFA
https://crworkspace.s3.ap-south-1.amazonaws.com/crdhs/private/2024/11/26/recording.mp3,-8AhiNg6tiGz8N7jiEqUFA
https://crworkspace.s3.ap-south-1.amazonaws.com/crdhs/private/2024/11/26/recording.mp3,-8AhiNg6tiGz8N7jiEqUFA
https://crworkspace.s3.ap-south-1.amazonaws.com/crdhs/private/2024/11/26/recording.mp3,-8AhiNg6tiGz8N7jiEqUFA
https://crworkspace.s3.ap-south-1.amazonaws.com/crdhs/private/2024/11/26/recording.mp3,-8AhiNg6tiGz8N7jiEqUFA
https://crworkspace.s3.ap-south-1.amazonaws.com/crdhs/private/2024/11/26/recording.mp3,-8AhiNg6tiGz8N7jiEqUFA
https://crworkspace.s3.ap-south-1.amazonaws.com/crdhs/private/2024/9/25/recording4885421394386086785.mp3,RFrA5zC-dLe2H8KKBAGXKw
https://crworkspace.s3.ap-south-1.amazonaws.com/crdhs/private/2024/11/26/recording.mp3,-8AhiNg6tiGz8N7jiEqUFA
https://crworkspace.s3.ap-south-1.amazonaws.com/crdhs/private/2024/11/26/recording.mp3,-8AhiNg6tiGz8N7jiEqUFA
https://crworkspace.s3.ap-south-1.amazonaws.com/crdhs/private/2024/11/26/recording.mp3,-8AhiNg6tiGz8N7jiEqUFA
https://crworkspace.s3.ap-south-1.amazonaws.com/crdhs/private/2024/9/25/recording6378346653753095057.mp3,Hi07zm5aU8EH1Lwy_ZeNrQ
https://crworkspace.s3.ap-south-1.amazonaws.com/crdhs/private/2024/9/24/recording15526207336610431961.mp3,M9EWLnq9bz9p30DL2rVX7Q
https://crworkspace.s3.ap-south-1.amazonaws.com/crdhs/private/2024/11/26/recording.mp3,-8AhiNg6tiGz8N7jiEqUFA
https://crworkspace.s3.ap-south-1.amazonaws.com/crdhs/private/2024/9/27/recording1524775603112266569.mp3,YK9fjfFgJf5R3gJAAazAMQ
https://crworkspace.s3.ap-south-1.amazonaws.com/crdhs/private/2024/11/26/recording.mp3,-8AhiNg6tiGz8N7jiEqUFA
https://crworkspace.s3.ap-south-1.amazonaws.com/crdhs/private/2024/11/21/recording.mp3,--CsMlwV1w_m0om101_Z1w
https://crworkspace.s3.ap-south-1.amazonaws.com/crdhs/private/2024/9/25/recording1409280139390045646.mp3,nMF7eZmDiLxlmiLHv5Qe_Q
https://crworkspace.s3.ap-south-1.amazonaws.com/crdhs/private/2024/9/24/recording12892946123452872086.mp3,mawEM4qKaKCuEvNuofQUeQ
https://crworkspace.s3.ap-south-1.amazonaws.com/crdhs/private/2024/9/24/recording13911140573262979823.mp3,ytqCEwjWJyLej_AbtRlgog
https://crworkspace.s3.ap-south-1.amazonaws.com/crdhs/private/2024/11/6/recording.mp3,--HarojsWojLTjUTow1RHA
https://crworkspace.s3.ap-south-1.amazonaws.com/crdhs/private/2024/11/21/recording.mp3,--CsMlwV1w_m0om101_Z1w
https://crworkspace.s3.ap-south-1.amazonaws.com/crdhs/private/2024/11/21/recording.mp3,--CsMlwV1w_m0om101_Z1w
https://crworkspace.s3.ap-south-1.amazonaws.com/crdhs/private/2024/11/6/recording.mp3,--HarojsWojLTjUTow1RHA
https://crworkspace.s3.ap-south-1.amazonaws.com/crdhs/private/2024/11/21/recording.mp3,--CsMlwV1w_m0om101_Z1w
https://crworkspace.s3.ap-south-1.amazonaws.com/crdhs/private/2024/10/7/recording13676443022039049507.mp3,-B_I5jEt4F4hU0LkTEuDeA
https://crworkspace.s3.ap-south-1.amazonaws.com/crdhs/private/2024/11/26/recording.mp3,-8AhiNg6tiGz8N7jiEqUFA
https://crworkspace.s3.ap-south-1.amazonaws.com/crdhs/private/2024/11/6/recording.mp3,--HarojsWojLTjUTow1RHA
https://crworkspace.s3.ap-south-1.amazonaws.com/crdhs/private/2024/11/6/recording.mp3,--HarojsWojLTjUTow1RHA
https://crworkspace.s3.ap-south-1.amazonaws.com/crdhs/private/2024/11/6/recording.mp3,--HarojsWojLTjUTow1RHA
https://crworkspace.s3.ap-south-1.amazonaws.com/crdhs/private/2024/9/20/recording4094876453653416566.mp3,PIRIRmgS-98H4z14p7EwXg
https://crworkspace.s3.ap-south-1.amazonaws.com/crdhs/private/2024/9/23/recording4904041039638660199.mp3,NekaAn1oGjMlhhaJ_RX4Eg
https://crworkspace.s3.ap-south-1.amazonaws.com/crdhs/private/2024/9/25/recording10153260440613127436.mp3,hhseAz12IkptIiO2Kzx_Mw
https://crworkspace.s3.ap-south-1.amazonaws.com/crdhs/private/2024/9/26/recording3801808163037001249.mp3,qxju1mABzS5kcZXUqYzXYw
https://crworkspace.s3.ap-south-1.amazonaws.com/crdhs/private/2024/9/26/recording12048679756394181810.mp3,09VyUFNkK1AR3u8PaGqurg
https://crworkspace.s3.ap-south-1.amazonaws.com/crdhs/private/2024/11/6/recording.mp3,--HarojsWojLTjUTow1RHA
https://crworkspace.s3.ap-south-1.amazonaws.com/crdhs/private/2024/9/23/recording1544943456586706289.mp3,jsUSgLgmmDh1jxwFCC0iWg
https://crworkspace.s3.ap-south-1.amazonaws.com/crdhs/private/2024/11/6/recording.mp3,--HarojsWojLTjUTow1RHA
https://crworkspace.s3.ap-south-1.amazonaws.com/crdhs/private/2024/9/20/recording2246106914744666956.mp3,6FTm464dDaR6SLI3hi9wEA
https://crworkspace.s3.ap-south-1.amazonaws.com/crdhs/private/2024/9/20/recording2303534446582864704.mp3,wi1MEr-GCvzSh96QrD7UkA
https://crworkspace.s3.ap-south-1.amazonaws.com/crdhs/private/2024/11/21/recording.mp3,--CsMlwV1w_m0om101_Z1w
https://crworkspace.s3.ap-south-1.amazonaws.com/crdhs/private/2024/9/24/recording1094684365410820648.mp3,0fxbZBfeYFhIh4q-jkVCYw
https://crworkspace.s3.ap-south-1.amazonaws.com/crdhs/private/2024/9/20/recording13551009150651766444.mp3,5kczpA3VzpEUDk_quo9rgw
https://crworkspace.s3.ap-south-1.amazonaws.com/crdhs/private/2024/10/7/recording8040414685960808788.mp3,FN3NSbyU1wJQ0O_LzfpTXw
https://crworkspace.s3.ap-south-1.amazonaws.com/crdhs/private/2024/11/6/recording.mp3,--HarojsWojLTjUTow1RHA
https://crworkspace.s3.ap-south-1.amazonaws.com/crdhs/private/2024/10/7/recording14373828141605079237.mp3,lhRqOV42rR6QpeYs4J85QQ
https://crworkspace.s3.ap-south-1.amazonaws.com/crdhs/private/2024/11/21/recording.mp3,--CsMlwV1w_m0om101_Z1w
https://crworkspace.s3.ap-south-1.amazonaws.com/crdhs/private/2024/11/6/recording.mp3,--HarojsWojLTjUTow1RHA
https://crworkspace.s3.ap-south-1.amazonaws.com/crdhs/private/2024/9/24/recording14400386103393801525.mp3,KYXdWkH-0Z6zt8rZGElB7w
https://crworkspace.s3.ap-south-1.amazonaws.com/crdhs/private/2024/11/6/recording.mp3,--HarojsWojLTjUTow1RHA
https://crworkspace.s3.ap-south-1.amazonaws.com/crdhs/private/2024/11/6/recording.mp3,--HarojsWojLTjUTow1RHA
https://crworkspace.s3.ap-south-1.amazonaws.com/crdhs/private/2024/11/6/recording.mp3,--HarojsWojLTjUTow1RHA
https://crworkspace.s3.ap-south-1.amazonaws.com/crdhs/private/2024/10/7/recording12965821733210959130.mp3,MKtgdVpSbuyoJ8KZ-JOtpw
https://crworkspace.s3.ap-south-1.amazonaws.com/crdhs/private/2024/11/26/recording.mp3,-8AhiNg6tiGz8N7jiEqUFA
https://crworkspace.s3.ap-south-1.amazonaws.com/crdhs/private/2024/11/26/recording.mp3,-8AhiNg6tiGz8N7jiEqUFA
https://crworkspace.s3.ap-south-1.amazonaws.com/crdhs/private/2024/9/24/recording8574663966498867087.mp3,EADeqeMNAIG3OpzlYuwknw
https://crworkspace.s3.ap-south-1.amazonaws.com/crdhs/private/2024/11/6/recording.mp3,--HarojsWojLTjUTow1RHA
https://crworkspace.s3.ap-south-1.amazonaws.com/crdhs/private/2024/10/6/recording1382343192268322999.mp3,NSY2RSt-pOKvjJo0E2_zEw
https://crworkspace.s3.ap-south-1.amazonaws.com/crdhs/private/2024/9/25/recording16199498643012812289.mp3,ZN6FABbKgIg3SrXLqftYcQ
https://crworkspace.s3.ap-south-1.amazonaws.com/crdhs/private/2024/11/6/recording.mp3,--HarojsWojLTjUTow1RHA
https://crworkspace.s3.ap-south-1.amazonaws.com/crdhs/private/2024/10/7/recording2694988198622963358.mp3,4qhggaCfTDY5pRCKOcJ4fg
https://crworkspace.s3.ap-south-1.amazonaws.com/crdhs/private/2024/9/26/recording1123427543381841885.mp3,qA-0DhBbrKQ1OQh07SLJLQ
https://crworkspace.s3.ap-south-1.amazonaws.com/crdhs/private/2024/9/20/recording10171904315044527031.mp3,eJt1Up1D5Tfb9XBFi6L3_A
https://crworkspace.s3.ap-south-1.amazonaws.com/crdhs/private/2024/11/6/recording.mp3,--HarojsWojLTjUTow1RHA
https://crworkspace.s3.ap-south-1.amazonaws.com/crdhs/private/2024/9/23/recording1966844166032543043.mp3,fh8Yi403W5_ev9LqtrK_nw
https://crworkspace.s3.ap-south-1.amazonaws.com/crdhs/private/2024/10/7/recording11505764370038014296.mp3,fdUsNTmDoAQoLe1k2DGmqw
https://crworkspace.s3.ap-south-1.amazonaws.com/crdhs/private/2024/11/6/recording.mp3,--HarojsWojLTjUTow1RHA
https://crworkspace.s3.ap-south-1.amazonaws.com/crdhs/private/2024/11/6/recording.mp3,--HarojsWojLTjUTow1RHA
https://crworkspace.s3.ap-south-1.amazonaws.com/crdhs/private/2024/10/7/recording5161349590458236156.mp3,jBabBuV-8XAG23flfh8H4Q
https://crworkspace.s3.ap-south-1.amazonaws.com/crdhs/private/2024/10/5/recording9309267437887985000.mp3,hCVcuIU_00kXPDp-qPskcg
https://crworkspace.s3.ap-south-1.amazonaws.com/crdhs/private/2024/11/6/recording.mp3,--HarojsWojLTjUTow1RHA
https://crworkspace.s3.ap-south-1.amazonaws.com/crdhs/private/2024/11/6/recording.mp3,--HarojsWojLTjUTow1RHA
https://crworkspace.s3.ap-south-1.amazonaws.com/crdhs/private/2024/11/6/recording.mp3,--HarojsWojLTjUTow1RHA
https://crworkspace.s3.ap-south-1.amazonaws.com/crdhs/private/2024/9/23/recording673679329374254598.mp3,Z9-j7HwGiJtmT50WUMDCGw
https://crworkspace.s3.ap-south-1.amazonaws.com/crdhs/private/2024/9/25/recording6362775673649588044.mp3,ZRIaTH3dnuf7uXfLHSVd2A
https://crworkspace.s3.ap-south-1.amazonaws.com/crdhs/private/2024/10/7/recording17736141673637120045.mp3,rQxcMiwHQD8lrZh1JhiyxA
https://crworkspace.s3.ap-south-1.amazonaws.com/crdhs/private/2024/9/20/recording9869928973756314740.mp3,7UyZ2d9WK4JZCNc45LhGVw
https://crworkspace.s3.ap-south-1.amazonaws.com/crdhs/private/2024/9/25/recording4455972199486017372.mp3,Sa5U3uVZshl-H9SAZ1-myQ
https://crworkspace.s3.ap-south-1.amazonaws.com/crdhs/private/2024/9/25/recording14396580862438439041.mp3,8lRdgxEmlFEwJ_6ogwcwuw
https://crworkspace.s3.ap-south-1.amazonaws.com/crdhs/private/2024/9/25/recording1327586632487917745.mp3,4YOHBMNAAfP8nhcqNE38lw
https://crworkspace.s3.ap-south-1.amazonaws.com/crdhs/private/2024/9/23/recording1146904080949746562.mp3,FFCWzH2Q77UC8Iy6Xof2rQ
https://crworkspace.s3.ap-south-1.amazonaws.com/crdhs/private/2024/11/6/recording.mp3,--HarojsWojLTjUTow1RHA
https://crworkspace.s3.ap-south-1.amazonaws.com/crdhs/private/2024/9/23/recording2647234438012338187.mp3,Cy_GGzlvdZoDQFah5mb91A
https://crworkspace.s3.ap-south-1.amazonaws.com/crdhs/private/2024/9/25/recording6743016066784556307.mp3,cJ83GjVdsBoSpJcYb3QL_A
https://crworkspace.s3.ap-south-1.amazonaws.com/crdhs/private/2024/9/23/recording4872435086272826586.mp3,dPCxq4Vi_rU12XAR735nKw
https://crworkspace.s3.ap-south-1.amazonaws.com/crdhs/private/2024/9/20/recording17853364077110982207.mp3,vRKYeqXKVz4wh4s4ur6SQQ
https://crworkspace.s3.ap-south-1.amazonaws.com/crdhs/private/2024/11/6/recording.mp3,--HarojsWojLTjUTow1RHA
https://crworkspace.s3.ap-south-1.amazonaws.com/crdhs/private/2024/9/23/recording9120857728535223368.mp3,4X3zJX6TDm5PVdhSGviIKQ
https://crworkspace.s3.ap-south-1.amazonaws.com/crdhs/private/2024/9/25/recording2506427606249107760.mp3,kUJvouYc4IkiPrOqfVFY8w
https://crworkspace.s3.ap-south-1.amazonaws.com/crdhs/private/2024/10/6/recording17407001757573974005.mp3,X-fEkBo6218mLz7HvL5VTw
https://crworkspace.s3.ap-south-1.amazonaws.com/crdhs/private/2024/9/23/recording5341754499794745478.mp3,q_8ifkM-hD5980SjcbUZ3w
https://crworkspace.s3.ap-south-1.amazonaws.com/crdhs/private/2024/9/21/recording4030338125857566186.mp3,uDPzHYaqmQQ_jFqi7Zd_2w
https://crworkspace.s3.ap-south-1.amazonaws.com/crdhs/private/2024/9/23/recording13476966054970758876.mp3,SHi4t8XFnLfmy6Fbmx57Bg
https://crworkspace.s3.ap-south-1.amazonaws.com/crdhs/private/2024/11/26/recording.mp3,-8AhiNg6tiGz8N7jiEqUFA
https://crworkspace.s3.ap-south-1.amazonaws.com/crdhs/private/2024/11/26/recording.mp3,-8AhiNg6tiGz8N7jiEqUFA
https://crworkspace.s3.ap-south-1.amazonaws.com/crdhs/private/2024/10/6/recording2253598505534797372.mp3,ma_Yz3tGK6StNbs3gJcd2w
https://crworkspace.s3.ap-south-1.amazonaws.com/crdhs/private/2024/9/24/recording5987942797229106094.mp3,JNcfahyefp-cKRiySYWmTw
https://crworkspace.s3.ap-south-1.amazonaws.com/crdhs/private/2024/11/21/recording.mp3,--CsMlwV1w_m0om101_Z1w
https://crworkspace.s3.ap-south-1.amazonaws.com/crdhs/private/2024/11/26/recording.mp3,-8AhiNg6tiGz8N7jiEqUFA
https://crworkspace.s3.ap-south-1.amazonaws.com/crdhs/private/2024/9/26/recording12740425644485161145.mp3,qsCnJNlgFdNt6ZJebG40-w
https://crworkspace.s3.ap-south-1.amazonaws.com/crdhs/private/2024/11/26/recording.mp3,-8AhiNg6tiGz8N7jiEqUFA
https://crworkspace.s3.ap-south-1.amazonaws.com/crdhs/private/2024/9/24/recording9907188554923802548.mp3,BaOyvA5OSI8ITHnn8Mz81A
https://crworkspace.s3.ap-south-1.amazonaws.com/crdhs/private/2024/9/24/recording6317694843066426596.mp3,0hMXxpxpl_GBTMfB888IEw
https://crworkspace.s3.ap-south-1.amazonaws.com/crdhs/private/2024/11/21/recording.mp3,--CsMlwV1w_m0om101_Z1w
https://crworkspace.s3.ap-south-1.amazonaws.com/crdhs/private/2024/11/26/recording.mp3,-8AhiNg6tiGz8N7jiEqUFA
https://crworkspace.s3.ap-south-1.amazonaws.com/crdhs/private/2024/11/26/recording.mp3,-8AhiNg6tiGz8N7jiEqUFA
https://crworkspace.s3.ap-south-1.amazonaws.com/crdhs/private/2024/9/23/recording2974951839856711271.mp3,s4vInPSYvO58PaAMbqAZHQ
https://crworkspace.s3.ap-south-1.amazonaws.com/crdhs/private/2024/9/20/recording4222665316522537853.mp3,1sC17TpXc-OnadzzoYudOQ
https://crworkspace.s3.ap-south-1.amazonaws.com/crdhs/private/2024/9/24/recording9236678107866492626.mp3,D6CwADcPfc-2W6TwZZ_p5g
https://crworkspace.s3.ap-south-1.amazonaws.com/crdhs/private/2024/11/26/recording.mp3,-8AhiNg6tiGz8N7jiEqUFA
https://crworkspace.s3.ap-south-1.amazonaws.com/crdhs/private/2024/9/25/recording18193971604770044101.mp3,51nIB0rhc34LaJz7sKIltA
https://crworkspace.s3.ap-south-1.amazonaws.com/crdhs/private/2024/9/24/recording7156278215178939837.mp3,Ukt3K7CqiyAWKwJSnE9LWw
https://crworkspace.s3.ap-south-1.amazonaws.com/crdhs/private/2024/10/7/recording6026442153226203900.mp3,88rQ61n5dtp7u_qH8oc2ZQ
https://crworkspace.s3.ap-south-1.amazonaws.com/crdhs/private/2024/11/6/recording.mp3,--HarojsWojLTjUTow1RHA
https://crworkspace.s3.ap-south-1.amazonaws.com/crdhs/private/2024/11/26/recording.mp3,-8AhiNg6tiGz8N7jiEqUFA
https://crworkspace.s3.ap-south-1.amazonaws.com/crdhs/private/2024/9/23/recording16480392314379335272.mp3,Mfg0KnXJLjJx7BKlIQpoCA
https://crworkspace.s3.ap-south-1.amazonaws.com/crdhs/private/2024/9/23/recording2588189495759829894.mp3,7J1LgpqxhRufBAViYqV-6A
https://crworkspace.s3.ap-south-1.amazonaws.com/crdhs/private/2024/11/6/recording.mp3,--HarojsWojLTjUTow1RHA
https://crworkspace.s3.ap-south-1.amazonaws.com/crdhs/private/2024/9/24/recording14934919577908335095.mp3,LV2ItFve-MkGdskcU3c9NQ
https://crworkspace.s3.ap-south-1.amazonaws.com/crdhs/private/2024/9/25/recording9741963201813975339.mp3,pP0YEGtyQZ3oOhVJa8Z_sw
https://crworkspace.s3.ap-south-1.amazonaws.com/crdhs/private/2024/9/23/recording9948761028471557396.mp3,yaNmFWipdVaKKVH5DYoOcg
https://crworkspace.s3.ap-south-1.amazonaws.com/crdhs/private/2024/11/6/recording.mp3,--HarojsWojLTjUTow1RHA
https://crworkspace.s3.ap-south-1.amazonaws.com/crdhs/private/2024/9/23/recording13523872492152341613.mp3,fCjMiKZOjz8tJHLMUM14Zg
https://crworkspace.s3.ap-south-1.amazonaws.com/crdhs/private/2024/9/24/recording2570774051403641340.mp3,GN8sOn_mquMlkdbXSa081w
https://crworkspace.s3.ap-south-1.amazonaws.com/crdhs/private/2024/11/6/recording.mp3,--HarojsWojLTjUTow1RHA
https://crworkspace.s3.ap-south-1.amazonaws.com/crdhs/private/2024/11/6/recording.mp3,--HarojsWojLTjUTow1RHA
https://crworkspace.s3.ap-south-1.amazonaws.com/crdhs/private/2024/11/6/recording.mp3,--HarojsWojLTjUTow1RHA
https://crworkspace.s3.ap-south-1.amazonaws.com/crdhs/private/2024/11/6/recording.mp3,--HarojsWojLTjUTow1RHA
https://crworkspace.s3.ap-south-1.amazonaws.com/crdhs/private/2024/11/6/recording.mp3,--HarojsWojLTjUTow1RHA
https://crworkspace.s3.ap-south-1.amazonaws.com/crdhs/private/2024/11/6/recording.mp3,--HarojsWojLTjUTow1RHA
https://crworkspace.s3.ap-south-1.amazonaws.com/crdhs/private/2024/9/24/recording16986450031416309627.mp3,xVXNnlOK1K-AvsIlbhd50g
https://crworkspace.s3.ap-south-1.amazonaws.com/crdhs/private/2024/9/21/recording17512356493499558853.mp3,OppgiP_TgKUzMjPvD6i83w
https://crworkspace.s3.ap-south-1.amazonaws.com/crdhs/private/2024/9/23/recording745891864135920168.mp3,kJKIGEBGjljeEf8vIhLL9Q
https://crworkspace.s3.ap-south-1.amazonaws.com/crdhs/private/2024/9/23/recording14964812260428091562.mp3,uAid4b3wNhkOOMoKgtVntg
https://crworkspace.s3.ap-south-1.amazonaws.com/crdhs/private/2024/9/24/recording16417884589740888156.mp3,PWiPW1QBmam1IRK2wIioKw
https://crworkspace.s3.ap-south-1.amazonaws.com/crdhs/private/2024/9/23/recording3375391789230317956.mp3,OwNePXjCyLOk4W-JK18xLw
https://crworkspace.s3.ap-south-1.amazonaws.com/crdhs/private/2024/9/23/recording15396819221631135029.mp3,sa2peTeiOWO3jHHRbk-gUA
https://crworkspace.s3.ap-south-1.amazonaws.com/crdhs/private/2024/9/25/recording10309053771326582072.mp3,KH9CnvL7ljuKGLabsKN0vA
https://crworkspace.s3.ap-south-1.amazonaws.com/crdhs/private/2024/11/6/recording.mp3,--HarojsWojLTjUTow1RHA
https://crworkspace.s3.ap-south-1.amazonaws.com/crdhs/private/2024/9/20/recording14247711895014479164.mp3,Rcwe3QdpXEBuVlbS0Uv7aA
https://crworkspace.s3.ap-south-1.amazonaws.com/crdhs/private/2024/9/23/recording8761711526966301896.mp3,H9SomtSdhFHm27yRQQ6-vQ
https://crworkspace.s3.ap-south-1.amazonaws.com/crdhs/private/2024/9/21/recording15886209139674227176.mp3,HRJlD1rdJmuCtqzLth3uew
https://crworkspace.s3.ap-south-1.amazonaws.com/crdhs/private/2024/9/20/recording16701355535376531325.mp3,iWhwByWXAVm2xkS2ohyr4Q
https://crworkspace.s3.ap-south-1.amazonaws.com/crdhs/private/2024/11/21/recording.mp3,--CsMlwV1w_m0om101_Z1w
https://crworkspace.s3.ap-south-1.amazonaws.com/crdhs/private/2024/9/20/recording17662462447878578761.mp3,JqR6LU5UU2y_6Ej_XpZnKA
https://crworkspace.s3.ap-south-1.amazonaws.com/crdhs/private/2024/11/21/recording.mp3,--CsMlwV1w_m0om101_Z1w
https://crworkspace.s3.ap-south-1.amazonaws.com/crdhs/private/2024/9/20/recording1367934649082056580.mp3,yxfkqqStq_sg_TTF7nlyGg
https://crworkspace.s3.ap-south-1.amazonaws.com/crdhs/private/2024/9/23/recording10275849298347392306.mp3,exJ3dsFRgSfD091-WHM2AA
https://crworkspace.s3.ap-south-1.amazonaws.com/crdhs/private/2024/9/23/recording7593085137221657724.mp3,CH42rQbkVtyzvIDq7taJ9A
https://crworkspace.s3.ap-south-1.amazonaws.com/crdhs/private/2024/9/24/recording15473605184567210643.mp3,E-iY4D_6mO7MeMl6z2IM8w
https://crworkspace.s3.ap-south-1.amazonaws.com/crdhs/private/2024/9/23/recording5853682695220291386.mp3,LOsy2bbOx2GR3sXEOJpRxA
https://crworkspace.s3.ap-south-1.amazonaws.com/crdhs/private/2024/9/24/recording9941066767204562222.mp3,Z67QrgBsQ1tUc0lJOwka6g
https://crworkspace.s3.ap-south-1.amazonaws.com/crdhs/private/2024/9/23/recording9168965910725661203.mp3,jjgmKkTUAmji9WnjP_63Jg
https://crworkspace.s3.ap-south-1.amazonaws.com/crdhs/private/2024/9/26/recording5827721433927318440.mp3,qd-GzYjbqD5PBnR1UAa6qA
https://crworkspace.s3.ap-south-1.amazonaws.com/crdhs/private/2024/9/21/recording6784684112509212726.mp3,vsyO_6grBy4ebxZ-COYH_w
https://crworkspace.s3.ap-south-1.amazonaws.com/crdhs/private/2024/11/6/recording.mp3,--HarojsWojLTjUTow1RHA
https://crworkspace.s3.ap-south-1.amazonaws.com/crdhs/private/2024/11/26/recording.mp3,-8AhiNg6tiGz8N7jiEqUFA
https://crworkspace.s3.ap-south-1.amazonaws.com/crdhs/private/2024/9/20/recording9798074991416551981.mp3,jW-r6ZLUoO3kvvjJlouO-g
https://crworkspace.s3.ap-south-1.amazonaws.com/crdhs/private/2024/9/23/recording18144167410038891317.mp3,63HLpv-ar-kpLFJXFWMvBQ
https://crworkspace.s3.ap-south-1.amazonaws.com/crdhs/private/2024/9/23/recording4285793607419729976.mp3,MBIa9pe1Sj-fTgDIQDXynA
https://crworkspace.s3.ap-south-1.amazonaws.com/crdhs/private/2024/9/23/recording10141374297031648235.mp3,PBk-PXPzWSgZh9atuAjcEg
https://crworkspace.s3.ap-south-1.amazonaws.com/crdhs/private/2024/9/21/recording1489109821138431366.mp3,A3rVep4Y4GAZ-cG0heNHQA
https://crworkspace.s3.ap-south-1.amazonaws.com/crdhs/private/2024/9/23/recording17421320666647686278.mp3,Oe6zihhyLSmS-3HkQ4Y1lw
https://crworkspace.s3.ap-south-1.amazonaws.com/crdhs/private/2024/9/24/recording1823532468714340058.mp3,4JrCwezxYK-v7CoFT0NI-w
https://crworkspace.s3.ap-south-1.amazonaws.com/crdhs/private/2024/9/20/recording14787376615433290856.mp3,HDCkIeuP00OfLsdqARGPVQ
https://crworkspace.s3.ap-south-1.amazonaws.com/crdhs/private/2024/9/21/recording13236415663121040502.mp3,L7TMPUwuuYTkM32lNeDraw
https://crworkspace.s3.ap-south-1.amazonaws.com/crdhs/private/2024/9/23/recording778796715562966015.mp3,zgL7_B5FsBoEB4P6ZlMPQw
https://crworkspace.s3.ap-south-1.amazonaws.com/crdhs/private/2024/9/23/recording18340081061822114793.mp3,ylQ-r2Qlv4b7wvZl728IHg
https://crworkspace.s3.ap-south-1.amazonaws.com/crdhs/private/2024/9/24/recording14639256872257159621.mp3,iOorwg7eTK8ggnRT6ajPCg
https://crworkspace.s3.ap-south-1.amazonaws.com/crdhs/private/2024/9/23/recording1013739726463761707.mp3,Gfu7E8en9VT_s3dhKEURmA
https://crworkspace.s3.ap-south-1.amazonaws.com/crdhs/private/2024/9/24/recording13988341414810261992.mp3,YcvJVqCqmy7TM3sBrQCm7A
https://crworkspace.s3.ap-south-1.amazonaws.com/crdhs/private/2024/9/23/recording2510896725247860092.mp3,86wNfcYOfXFYKSTpscZYRg
https://crworkspace.s3.ap-south-1.amazonaws.com/crdhs/private/2024/9/21/recording2166172846841711107.mp3,H2wMBLg4B02zL1l2eUE44A
https://crworkspace.s3.ap-south-1.amazonaws.com/crdhs/private/2024/9/23/recording3608408589509476991.mp3,SP-Bq_VPWiMMvL7dO_0Nsg
https://crworkspace.s3.ap-south-1.amazonaws.com/crdhs/private/2024/9/23/recording14988997705952918078.mp3,3mmkFrUZ3LlX2CV61SJFVg
https://crworkspace.s3.ap-south-1.amazonaws.com/crdhs/private/2024/9/24/recording5839176031132505822.mp3,-AwO_LFjBVglAFycCAG2TQ
https://crworkspace.s3.ap-south-1.amazonaws.com/crdhs/private/2024/9/20/recording3560462817986073647.mp3,q_ZFDXm8ymgJKhSxTQdzSA
https://crworkspace.s3.ap-south-1.amazonaws.com/crdhs/private/2024/9/23/recording17582660500315266227.mp3,N7djhz4z6epvx1Zb-TyIGw
https://crworkspace.s3.ap-south-1.amazonaws.com/crdhs/private/2024/9/21/recording5937418787355210949.mp3,enHMJOA-rTutnZUsiVnwxA
https://crworkspace.s3.ap-south-1.amazonaws.com/crdhs/private/2024/9/23/recording4307511579804751940.mp3,6sUxguU1VO0LuCTPX-QPYQ
https://crworkspace.s3.ap-south-1.amazonaws.com/crdhs/private/2024/9/23/recording7028794682062824625.mp3,5GAMP4l0_t-MnLOewGc4Cg
https://crworkspace.s3.ap-south-1.amazonaws.com/crdhs/private/2024/9/23/recording14525019995951066299.mp3,gaxAFWAJyZFoOfem6eFKPw
https://crworkspace.s3.ap-south-1.amazonaws.com/crdhs/private/2024/11/6/recording.mp3,--HarojsWojLTjUTow1RHA
https://crworkspace.s3.ap-south-1.amazonaws.com/crdhs/private/2024/11/6/recording.mp3,--HarojsWojLTjUTow1RHA
https://crworkspace.s3.ap-south-1.amazonaws.com/crdhs/private/2024/9/25/recording14657601195461396085.mp3,AxQuz_a9OxQHVsLhfLtXJw
https://crworkspace.s3.ap-south-1.amazonaws.com/crdhs/private/2024/9/20/recording4820921714011007016.mp3,6uo22sAhbXMHixPx0HZ9Vg
https://crworkspace.s3.ap-south-1.amazonaws.com/crdhs/private/2024/9/23/recording9684483117097460590.mp3,Cm8dPrdeB4W3UxojSMcAvw
https://crworkspace.s3.ap-south-1.amazonaws.com/crdhs/private/2024/9/23/recording11687771284876853917.mp3,WwBke6CZeM8sQPq8Z1dD0g
https://crworkspace.s3.ap-south-1.amazonaws.com/crdhs/private/2024/9/25/recording12113829564336004457.mp3,k5J4U6SLxgoK0gTRcnGwRw
https://crworkspace.s3.ap-south-1.amazonaws.com/crdhs/private/2024/9/21/recording12883986557345555699.mp3,RS9-aUIOTgRm3StT-BMhGg
https://crworkspace.s3.ap-south-1.amazonaws.com/crdhs/private/2024/9/27/recording13365847936294953225.mp3,6BhLfzLr2XxHPif_RQedJA
https://crworkspace.s3.ap-south-1.amazonaws.com/crdhs/private/2024/9/23/recording607762777476781156.mp3,I14tIxKnUk31YCMlQlD83Q
https://crworkspace.s3.ap-south-1.amazonaws.com/crdhs/private/2024/9/25/recording11364974852127445959.mp3,67TFHZ4BwIcXpXtXBwVD5A
https://crworkspace.s3.ap-south-1.amazonaws.com/crdhs/private/2024/9/23/recording10877328928753139884.mp3,CXuuIglRD254U1caDVpElQ
https://crworkspace.s3.ap-south-1.amazonaws.com/crdhs/private/2024/9/25/recording16694319288947270529.mp3,cwcgcSgsV6hPg0jIskBTEg
https://crworkspace.s3.ap-south-1.amazonaws.com/crdhs/private/2024/9/23/recording15450714168138077144.mp3,PgT7pTeMTinXo2Gyj0NLFg
https://crworkspace.s3.ap-south-1.amazonaws.com/crdhs/private/2024/9/21/recording6926375650339218768.mp3,yJQapVEAIP-c_p10cSQqOg
https://crworkspace.s3.ap-south-1.amazonaws.com/crdhs/private/2024/9/21/recording17940828775274814868.mp3,armspCzAn64_VRLcvn3MlQ
https://crworkspace.s3.ap-south-1.amazonaws.com/crdhs/private/2024/9/25/recording11656267007791964969.mp3,pE8tvJ4H-kkxY0PLLmfR_w
https://crworkspace.s3.ap-south-1.amazonaws.com/crdhs/private/2024/9/26/recording3025919749093523963.mp3,yGJnov2ydi2OWqjuSrRbkw
https://crworkspace.s3.ap-south-1.amazonaws.com/crdhs/private/2024/9/23/recording9586069912762912177.mp3,j9fJhuh_AUYtciff2V03gA
https://crworkspace.s3.ap-south-1.amazonaws.com/crdhs/private/2024/9/21/recording3134410168605855553.mp3,HZF9YUzJelqXesbIw1TU1A
https://crworkspace.s3.ap-south-1.amazonaws.com/crdhs/private/2024/9/21/recording12412253499185458196.mp3,-GvrP1eYddoTUouobCCjyA
https://crworkspace.s3.ap-south-1.amazonaws.com/crdhs/private/2024/9/21/recording11440551371041777711.mp3,1mETPt_NOFtQAiKF4gAgiw
https://crworkspace.s3.ap-south-1.amazonaws.com/crdhs/private/2024/9/24/recording5899584868215420434.mp3,ZDGIhPvaW-g_RZfk-T0aBQ
https://crworkspace.s3.ap-south-1.amazonaws.com/crdhs/private/2024/9/21/recording11101659245562974472.mp3,VZGhtgVzrF_pKZHwqUbpaQ
https://crworkspace.s3.ap-south-1.amazonaws.com/crdhs/private/2024/9/24/recording3960253392181486529.mp3,fgcPsrCckOkBTCyah-dQ8Q
https://crworkspace.s3.ap-south-1.amazonaws.com/crdhs/private/2024/9/21/recording14390038865859938062.mp3,IRCnWuh5MyBZWUvwBPhCvQ
https://crworkspace.s3.ap-south-1.amazonaws.com/crdhs/private/2024/9/25/recording14122774561022338257.mp3,aQjo9cxA3RXbAjKcvT9UrQ
https://crworkspace.s3.ap-south-1.amazonaws.com/crdhs/private/2024/9/21/recording3770292520351489177.mp3,u6ctUXv2EO17lFVoLRIH6g
https://crworkspace.s3.ap-south-1.amazonaws.com/crdhs/private/2024/9/26/recording10332805886087409834.mp3,dmjcFPJ2rvmhQKOXbHo8pw
https://crworkspace.s3.ap-south-1.amazonaws.com/crdhs/private/2024/9/23/recording7886415532856855013.mp3,LanixJIiPvYX0Jz-IENblQ
https://crworkspace.s3.ap-south-1.amazonaws.com/crdhs/private/2024/9/20/recording10470821677616176295.mp3,Zg0yP-YdqicBSYRVA99xiw
https://crworkspace.s3.ap-south-1.amazonaws.com/crdhs/private/2024/11/21/recording.mp3,--CsMlwV1w_m0om101_Z1w
https://crworkspace.s3.ap-south-1.amazonaws.com/crdhs/private/2024/11/6/recording.mp3,--HarojsWojLTjUTow1RHA
https://crworkspace.s3.ap-south-1.amazonaws.com/crdhs/private/2024/11/21/recording.mp3,--CsMlwV1w_m0om101_Z1w
https://crworkspace.s3.ap-south-1.amazonaws.com/crdhs/private/2024/11/6/recording.mp3,--HarojsWojLTjUTow1RHA
https://crworkspace.s3.ap-south-1.amazonaws.com/crdhs/private/2024/10/6/recording411909269923186017.mp3,pvkf0mCuhg7jPAjmUSM12w
https://crworkspace.s3.ap-south-1.amazonaws.com/crdhs/private/2024/11/21/recording.mp3,--CsMlwV1w_m0om101_Z1w
https://crworkspace.s3.ap-south-1.amazonaws.com/crdhs/private/2024/11/21/recording.mp3,--CsMlwV1w_m0om101_Z1w
https://crworkspace.s3.ap-south-1.amazonaws.com/crdhs/private/2024/11/21/recording.mp3,--CsMlwV1w_m0om101_Z1w
https://crworkspace.s3.ap-south-1.amazonaws.com/crdhs/private/2024/9/23/recording8134966869324980373.mp3,DYE5O16YUmy54EuLDPOCnQ
https://crworkspace.s3.ap-south-1.amazonaws.com/crdhs/private/2024/9/20/recording8744746520939872188.mp3,vO45fy-uLzEnEzwbf9l9nA
https://crworkspace.s3.ap-south-1.amazonaws.com/crdhs/private/2024/9/23/recording10190894346448485699.mp3,_CRzG4Hog18wenIdSNbEMg
https://crworkspace.s3.ap-south-1.amazonaws.com/crdhs/private/2024/9/23/recording14753002587526245472.mp3,V0142KYZg6tpD16DP52_0g
https://crworkspace.s3.ap-south-1.amazonaws.com/crdhs/private/2024/9/20/recording1525396614074105907.mp3,4UCFZacMOH2PtVK5yF3iAQ
https://crworkspace.s3.ap-south-1.amazonaws.com/crdhs/private/2024/9/23/recording4801644840194790396.mp3,0_zHv2lkNI11e7n5J_Dsdg
https://crworkspace.s3.ap-south-1.amazonaws.com/crdhs/private/2024/9/23/recording2262153971529825570.mp3,sXkl3wEhEFeV_j8fD7XCLg
https://crworkspace.s3.ap-south-1.amazonaws.com/crdhs/private/2024/9/24/recording11398823713645541262.mp3,SYu2l1dP1CpYqUj7Fhhhlw
https://crworkspace.s3.ap-south-1.amazonaws.com/crdhs/private/2024/9/21/recording13253373792502203510.mp3,NOVOofoiYSl0c1CYHLWS2w
https://crworkspace.s3.ap-south-1.amazonaws.com/crdhs/private/2024/11/26/recording.mp3,-8AhiNg6tiGz8N7jiEqUFA
https://crworkspace.s3.ap-south-1.amazonaws.com/crdhs/private/2024/9/23/recording3559781061640778819.mp3,sCft404FpIZ21tskpvXjEg
https://crworkspace.s3.ap-south-1.amazonaws.com/crdhs/private/2024/11/21/recording.mp3,--CsMlwV1w_m0om101_Z1w
https://crworkspace.s3.ap-south-1.amazonaws.com/crdhs/private/2024/9/20/recording7882397048646379043.mp3,Qo6EhfQ9_JTtpwOWsDqQWA
https://crworkspace.s3.ap-south-1.amazonaws.com/crdhs/private/2024/11/6/recording.mp3,--HarojsWojLTjUTow1RHA
https://crworkspace.s3.ap-south-1.amazonaws.com/crdhs/private/2024/11/26/recording.mp3,-8AhiNg6tiGz8N7jiEqUFA
https://crworkspace.s3.ap-south-1.amazonaws.com/crdhs/private/2024/9/24/recording14891711580461047106.mp3,hr-JUEK_ktlSEPqwK3ivzg
https://crworkspace.s3.ap-south-1.amazonaws.com/crdhs/private/2024/9/21/recording442964546490194241.mp3,r_1OsvVTeJHu4kt6jI3Wlg
https://crworkspace.s3.ap-south-1.amazonaws.com/crdhs/private/2024/11/26/recording.mp3,-8AhiNg6tiGz8N7jiEqUFA
https://crworkspace.s3.ap-south-1.amazonaws.com/crdhs/private/2024/9/23/recording390726511866334853.mp3,KWSV85E8VafMlefTYQYNOA
https://crworkspace.s3.ap-south-1.amazonaws.com/crdhs/private/2024/9/23/recording3539020798907685527.mp3,3jvNAYpsHNN8ibhPlawtoA
https://crworkspace.s3.ap-south-1.amazonaws.com/crdhs/private/2024/9/24/recording10799840033212147726.mp3,_Zyrq4fAh_Hy1KSi7ECvBg
https://crworkspace.s3.ap-south-1.amazonaws.com/crdhs/private/2024/9/21/recording10794282201644595267.mp3,5cuytNc027otJpsIO4bn6Q
https://crworkspace.s3.ap-south-1.amazonaws.com/crdhs/private/2024/9/24/recording13451955164405390623.mp3,WqtL36kb8jswDe9r-a4Dug
https://crworkspace.s3.ap-south-1.amazonaws.com/crdhs/private/2024/9/23/recording11714680869521434881.mp3,5clp8LATqzqg9hN6i8CWMQ
https://crworkspace.s3.ap-south-1.amazonaws.com/crdhs/private/2024/11/26/recording.mp3,-8AhiNg6tiGz8N7jiEqUFA
https://crworkspace.s3.ap-south-1.amazonaws.com/crdhs/private/2024/11/26/recording.mp3,-8AhiNg6tiGz8N7jiEqUFA
https://crworkspace.s3.ap-south-1.amazonaws.com/crdhs/private/2024/9/23/recording5644865822138258621.mp3,jZeoCEQ6YjBPr_GDAh5vrg
https://crworkspace.s3.ap-south-1.amazonaws.com/crdhs/private/2024/9/23/recording9443922122016020782.mp3,hOXVWUG9NRv4onzVlI8oNw
https://crworkspace.s3.ap-south-1.amazonaws.com/crdhs/private/2024/11/26/recording.mp3,-8AhiNg6tiGz8N7jiEqUFA
https://crworkspace.s3.ap-south-1.amazonaws.com/crdhs/private/2024/11/21/recording.mp3,--CsMlwV1w_m0om101_Z1w
https://crworkspace.s3.ap-south-1.amazonaws.com/crdhs/private/2024/9/20/recording4123583036677182757.mp3,UqquNxtOhgTCeJ1p0SoBgg
https://crworkspace.s3.ap-south-1.amazonaws.com/crdhs/private/2024/9/23/recording15955503397838522052.mp3,AfNmOH3TBAgf-kgyoYv5Lg
https://crworkspace.s3.ap-south-1.amazonaws.com/crdhs/private/2024/9/23/recording4413669710163316669.mp3,5iCH4NHvXwcfl2PN5Ac1NQ
https://crworkspace.s3.ap-south-1.amazonaws.com/crdhs/private/2024/11/21/recording.mp3,--CsMlwV1w_m0om101_Z1w
https://crworkspace.s3.ap-south-1.amazonaws.com/crdhs/private/2024/9/25/recording16208657181695581730.mp3,-p0XauM_dKHHpmOqwrPZDA
https://crworkspace.s3.ap-south-1.amazonaws.com/crdhs/private/2024/11/6/recording.mp3,--HarojsWojLTjUTow1RHA
https://crworkspace.s3.ap-south-1.amazonaws.com/crdhs/private/2024/10/7/recording10815994562061637850.mp3,QDKBM87Ias-Xc1E74evxIg
https://crworkspace.s3.ap-south-1.amazonaws.com/crdhs/private/2024/9/23/recording2030485266461678284.mp3,Glw9TZy5jZO-W_sSnI6wXA
https://crworkspace.s3.ap-south-1.amazonaws.com/crdhs/private/2024/9/24/recording5542967297214735624.mp3,ZazHgTYJ4dqhngvp0frz4w
https://crworkspace.s3.ap-south-1.amazonaws.com/crdhs/private/2024/10/7/recording426484030806111734.mp3,Yj0_ob7hGyzUajyXAzuAHg
https://crworkspace.s3.ap-south-1.amazonaws.com/crdhs/private/2024/9/24/recording14596109308726248192.mp3,rj_-jm4ZwPAtMy80ZlMCcg
https://crworkspace.s3.ap-south-1.amazonaws.com/crdhs/private/2024/11/6/recording.mp3,--HarojsWojLTjUTow1RHA
https://crworkspace.s3.ap-south-1.amazonaws.com/crdhs/private/2024/9/26/recording15890770310657033834.mp3,ZactaT4P1i2xfRQ_zQZFuQ
https://crworkspace.s3.ap-south-1.amazonaws.com/crdhs/private/2024/9/23/recording11782553535463509986.mp3,EcezH9PcK__BWNRGFQFUSw
https://crworkspace.s3.ap-south-1.amazonaws.com/crdhs/private/2024/9/25/recording15437430969534168550.mp3,f8jyckjM6H8T54l552Abcg
https://crworkspace.s3.ap-south-1.amazonaws.com/crdhs/private/2024/9/23/recording4405957112561893904.mp3,GM6npHBq_12TJF8-UxlP8Q
https://crworkspace.s3.ap-south-1.amazonaws.com/crdhs/private/2024/11/21/recording.mp3,--CsMlwV1w_m0om101_Z1w
https://crworkspace.s3.ap-south-1.amazonaws.com/crdhs/private/2024/9/21/recording8879576565727519059.mp3,z7ozAQDn4vPQoJ2kHEmhGg
https://crworkspace.s3.ap-south-1.amazonaws.com/crdhs/private/2024/9/23/recording16914464719719939815.mp3,23pm5cLXtnRBaeM0TJOfeQ
https://crworkspace.s3.ap-south-1.amazonaws.com/crdhs/private/2024/9/25/recording10973029627092440030.mp3,9fSjwDxLlF3cSwfjiln0Dw
https://crworkspace.s3.ap-south-1.amazonaws.com/crdhs/private/2024/9/25/recording1092144671178966231.mp3,1J8R4VCdSbDJno6jPmUtEg
https://crworkspace.s3.ap-south-1.amazonaws.com/crdhs/private/2024/11/21/recording.mp3,--CsMlwV1w_m0om101_Z1w
https://crworkspace.s3.ap-south-1.amazonaws.com/crdhs/private/2024/11/6/recording.mp3,--HarojsWojLTjUTow1RHA
https://crworkspace.s3.ap-south-1.amazonaws.com/crdhs/private/2024/9/23/recording904231770899276011.mp3,jjhRlBhMfoxGsTvsrApVwA
https://crworkspace.s3.ap-south-1.amazonaws.com/crdhs/private/2024/9/23/recording17559882990234199645.mp3,lRJoSuTL5CLVmxqmTTzMYg
https://crworkspace.s3.ap-south-1.amazonaws.com/crdhs/private/2024/11/6/recording.mp3,--HarojsWojLTjUTow1RHA
https://crworkspace.s3.ap-south-1.amazonaws.com/crdhs/private/2024/9/23/recording1457281163474812124.mp3,NBoeYEYzYbwQ3-xCe04-Mg
https://crworkspace.s3.ap-south-1.amazonaws.com/crdhs/private/2024/9/21/recording2537214802299792111.mp3,1_qldJq07ZxlUNVnif8kVQ
https://crworkspace.s3.ap-south-1.amazonaws.com/crdhs/private/2024/11/6/recording.mp3,--HarojsWojLTjUTow1RHA
https://crworkspace.s3.ap-south-1.amazonaws.com/crdhs/private/2024/9/23/recording9519725461235171743.mp3,azlegoSEZ6e3vsahlphmfw
https://crworkspace.s3.ap-south-1.amazonaws.com/crdhs/private/2024/11/6/recording.mp3,--HarojsWojLTjUTow1RHA
https://crworkspace.s3.ap-south-1.amazonaws.com/crdhs/private/2024/11/6/recording.mp3,--HarojsWojLTjUTow1RHA
https://crworkspace.s3.ap-south-1.amazonaws.com/crdhs/private/2024/9/23/recording13985340033019884321.mp3,C-Vv8csyyq5Pct-51Hvndg
https://crworkspace.s3.ap-south-1.amazonaws.com/crdhs/private/2024/11/6/recording.mp3,--HarojsWojLTjUTow1RHA
https://crworkspace.s3.ap-south-1.amazonaws.com/crdhs/private/2024/9/23/recording7096453373183810782.mp3,kcJTjg5dXO131jriX1vWOg
https://crworkspace.s3.ap-south-1.amazonaws.com/crdhs/private/2024/9/23/recording2592302185983692075.mp3,q1C6ApPIUgOq8OEsbSVCoQ
https://crworkspace.s3.ap-south-1.amazonaws.com/crdhs/private/2024/9/23/recording12785210601996349802.mp3,l2MsE8LbjJnF7d9p2WWbsA
https://crworkspace.s3.ap-south-1.amazonaws.com/crdhs/private/2024/9/23/recording12318731964796875369.mp3,D5voE73ZtttFTcoK2mkcQA
https://crworkspace.s3.ap-south-1.amazonaws.com/crdhs/private/2024/9/20/recording5767247962864751562.mp3,3itvh8CoA9XXxqlqdATY8Q
https://crworkspace.s3.ap-south-1.amazonaws.com/crdhs/private/2024/9/20/recording14654670033300862507.mp3,JqHlf_vvrfhFZUfz-_Rm9g
https://crworkspace.s3.ap-south-1.amazonaws.com/crdhs/private/2024/10/6/recording16496214934890359407.mp3,j22cekPhEfhmMBlRgtVk0A
https://crworkspace.s3.ap-south-1.amazonaws.com/crdhs/private/2024/9/21/recording2318749608544576179.mp3,ef_H4gVI1DW4hDNnVDrv4A
https://crworkspace.s3.ap-south-1.amazonaws.com/crdhs/private/2024/9/20/recording8455554398366860570.mp3,b3q1JgQfBVy7uEiEkcLoxA
https://crworkspace.s3.ap-south-1.amazonaws.com/crdhs/private/2024/9/23/recording17964080881262332136.mp3,ki5yLl6A_lAGaK-Hq2vksg
https://crworkspace.s3.ap-south-1.amazonaws.com/crdhs/private/2024/9/24/recording6138397089275342317.mp3,dAgFOaOZNYNLepp33_1fww
https://crworkspace.s3.ap-south-1.amazonaws.com/crdhs/private/2024/9/24/recording12757399558799248794.mp3,33FTNjhkTzbsvpR0dSbe0g
https://crworkspace.s3.ap-south-1.amazonaws.com/crdhs/private/2024/11/6/recording.mp3,--HarojsWojLTjUTow1RHA
https://crworkspace.s3.ap-south-1.amazonaws.com/crdhs/private/2024/11/26/recording.mp3,-8AhiNg6tiGz8N7jiEqUFA
https://crworkspace.s3.ap-south-1.amazonaws.com/crdhs/private/2024/9/20/recording2146083565159082110.mp3,mlhj-YpzPeQjZ2dbXEUKFw
https://crworkspace.s3.ap-south-1.amazonaws.com/crdhs/private/2024/9/24/recording15258810546171982631.mp3,y-JMXxa0fXlPyf5VyKHHUQ
https://crworkspace.s3.ap-south-1.amazonaws.com/crdhs/private/2024/9/23/recording7586893463373485995.mp3,_qNo8UryTCJyn02tlqQ3Vg
https://crworkspace.s3.ap-south-1.amazonaws.com/crdhs/private/2024/9/20/recording9799497457895741399.mp3,eec8dKH2cGCjqXx-UAszlg
https://crworkspace.s3.ap-south-1.amazonaws.com/crdhs/private/2024/11/21/recording.mp3,--CsMlwV1w_m0om101_Z1w
https://crworkspace.s3.ap-south-1.amazonaws.com/crdhs/private/2024/9/25/recording12655884515540540148.mp3,JNSXoKpBafVzMrM3ryOqsg
https://crworkspace.s3.ap-south-1.amazonaws.com/crdhs/private/2024/9/23/recording1791710063583241935.mp3,_4rOhbNiYOpKZVi1yZoJwg
https://crworkspace.s3.ap-south-1.amazonaws.com/crdhs/private/2024/9/24/recording6273835215550318897.mp3,AY19sYKPzPDKwjAMGa-XyA
https://crworkspace.s3.ap-south-1.amazonaws.com/crdhs/private/2024/10/6/recording13685880335755150997.mp3,rxpaOpQ_sT2oytXI4-DadQ
https://crworkspace.s3.ap-south-1.amazonaws.com/crdhs/private/2024/9/20/recording12884355142107548667.mp3,xdejsNMma5ZEcxwNKoF1nQ
https://crworkspace.s3.ap-south-1.amazonaws.com/crdhs/private/2024/9/24/recording9366680137988518009.mp3,cCuRF9y6bcgIyWewrlScBQ
https://crworkspace.s3.ap-south-1.amazonaws.com/crdhs/private/2024/11/6/recording.mp3,--HarojsWojLTjUTow1RHA
https://crworkspace.s3.ap-south-1.amazonaws.com/crdhs/private/2024/9/23/recording4471272790465519055.mp3,1dRCwVEiGMZTyC6ePsUmaQ
https://crworkspace.s3.ap-south-1.amazonaws.com/crdhs/private/2024/10/6/recording6826958429309736025.mp3,2AYjSnOf56M9CM2GkbWNhQ
https://crworkspace.s3.ap-south-1.amazonaws.com/crdhs/private/2024/9/27/recording6757961745870669983.mp3,BTfI3YsrO-T6TvbYKY9WLw
https://crworkspace.s3.ap-south-1.amazonaws.com/crdhs/private/2024/11/6/recording.mp3,--HarojsWojLTjUTow1RHA
https://crworkspace.s3.ap-south-1.amazonaws.com/crdhs/private/2024/9/20/recording16120026209655157065.mp3,tZamvAb5uvJlBNKn63RZWA
https://crworkspace.s3.ap-south-1.amazonaws.com/crdhs/private/2024/9/23/recording9095244270975633277.mp3,Fv1tdX5GTpoQTYrB4BndTQ
https://crworkspace.s3.ap-south-1.amazonaws.com/crdhs/private/2024/9/26/recording3059272420930855173.mp3,PiGYdYsBrvLYt_RFDf_HzQ
https://crworkspace.s3.ap-south-1.amazonaws.com/crdhs/private/2024/10/7/recording4240453868558728328.mp3,tiIPO5uw6zZpfcaL_q6WPg
https://crworkspace.s3.ap-south-1.amazonaws.com/crdhs/private/2024/9/24/recording14413280105089324075.mp3,ZzERi9Cwz_8VyyZQegNPpA
https://crworkspace.s3.ap-south-1.amazonaws.com/crdhs/private/2024/9/20/recording9290561927165114333.mp3,QqEskN39lvB-IkZfgMoQKg
https://crworkspace.s3.ap-south-1.amazonaws.com/crdhs/private/2024/9/20/recording10357010392483316999.mp3,Uyi2bTqZnbgW3_EXMPIdqA
https://crworkspace.s3.ap-south-1.amazonaws.com/crdhs/private/2024/9/23/recording10052433491259837034.mp3,1J9u1zQMfOuZ1YiSjSQYvw
https://crworkspace.s3.ap-south-1.amazonaws.com/crdhs/private/2024/9/20/recording7053570703162249398.mp3,mGBH2ulPxtpa3RYcmMX6Qw
https://crworkspace.s3.ap-south-1.amazonaws.com/crdhs/private/2024/10/6/recording12417994026213670710.mp3,a_U5CkxI0b8uJ1ck_Uu5WA
https://crworkspace.s3.ap-south-1.amazonaws.com/crdhs/private/2024/9/20/recording2118777876624465810.mp3,u8DNLU3tiM-22aOrEaFA6A
https://crworkspace.s3.ap-south-1.amazonaws.com/crdhs/private/2024/9/24/recording13034074881844640802.mp3,_mdmCZmtAUWZY9S0UmJDrQ
https://crworkspace.s3.ap-south-1.amazonaws.com/crdhs/private/2024/9/21/recording2870945803329734757.mp3,sRIB80NFX_MJMOizF3Kd0w
https://crworkspace.s3.ap-south-1.amazonaws.com/crdhs/private/2024/11/21/recording.mp3,--CsMlwV1w_m0om101_Z1w
https://crworkspace.s3.ap-south-1.amazonaws.com/crdhs/private/2024/11/26/recording.mp3,-8AhiNg6tiGz8N7jiEqUFA
https://crworkspace.s3.ap-south-1.amazonaws.com/crdhs/private/2024/11/6/recording.mp3,--HarojsWojLTjUTow1RHA
https://crworkspace.s3.ap-south-1.amazonaws.com/crdhs/private/2024/11/21/recording.mp3,--CsMlwV1w_m0om101_Z1w
https://crworkspace.s3.ap-south-1.amazonaws.com/crdhs/private/2024/9/20/recording18107593444137770252.mp3,OqtOd6z1MN3vletNzxkfPg
https://crworkspace.s3.ap-south-1.amazonaws.com/crdhs/private/2024/9/23/recording15034231907530685454.mp3,ptIvxqbNqC50151giSliYA
https://crworkspace.s3.ap-south-1.amazonaws.com/crdhs/private/2024/9/24/recording14635626747718263017.mp3,cvBquqKZh7HrrS___PFS2g
https://crworkspace.s3.ap-south-1.amazonaws.com/crdhs/private/2024/9/24/recording10992136376205087446.mp3,O0Fm0lEhEJf0fSxF5vUHaA
https://crworkspace.s3.ap-south-1.amazonaws.com/crdhs/private/2024/9/24/recording5324255244846378646.mp3,tdvuW7haWiSoJsa7QVsycw
https://crworkspace.s3.ap-south-1.amazonaws.com/crdhs/private/2024/9/23/recording13897288300002528959.mp3,T1rYPgm2E8NXxaNy6Vxa3A
https://crworkspace.s3.ap-south-1.amazonaws.com/crdhs/private/2024/9/24/recording10680328083517377224.mp3,kBy3F6KXor15G2ZVne2MLA
https://crworkspace.s3.ap-south-1.amazonaws.com/crdhs/private/2024/9/23/recording7985907130296725701.mp3,cWhvQukeZe3P2yOfwnuqZg
https://crworkspace.s3.ap-south-1.amazonaws.com/crdhs/private/2024/9/23/recording9658614592771664238.mp3,msjkFGDFaCGUgL5IPcafFA
https://crworkspace.s3.ap-south-1.amazonaws.com/crdhs/private/2024/9/24/recording15252191188585553218.mp3,SNQewQPNeO1AV-X16EkrEg
https://crworkspace.s3.ap-south-1.amazonaws.com/crdhs/private/2024/9/21/recording5131018241188337698.mp3,HgKrUbeUkhAZHssaxcTmFw
https://crworkspace.s3.ap-south-1.amazonaws.com/crdhs/private/2024/9/20/recording14988050948154065589.mp3,SYEBWZl1G2mgRSJuhi5pPQ
https://crworkspace.s3.ap-south-1.amazonaws.com/crdhs/private/2024/9/24/recording2421393436643299812.mp3,lWVPcnzcREmdSDKpoq8ITA
https://crworkspace.s3.ap-south-1.amazonaws.com/crdhs/private/2024/9/23/recording2471738964149901250.mp3,0MP0I16DQ44Rf-Rb84gvMg
https://crworkspace.s3.ap-south-1.amazonaws.com/crdhs/private/2024/9/20/recording14519916331715263976.mp3,rReyzuki-5oDEmowY3rMSQ
https://crworkspace.s3.ap-south-1.amazonaws.com/crdhs/private/2024/11/21/recording.mp3,--CsMlwV1w_m0om101_Z1w
https://crworkspace.s3.ap-south-1.amazonaws.com/crdhs/private/2024/9/24/recording11744935173332604502.mp3,C1e8g2PWYyHP-7E2gy-6Lg
https://crworkspace.s3.ap-south-1.amazonaws.com/crdhs/private/2024/9/23/recording18398761378463904715.mp3,FhmIXZvvpfweVjmVf0FfwQ
https://crworkspace.s3.ap-south-1.amazonaws.com/crdhs/private/2024/9/23/recording3948642536216803285.mp3,EU40r3tSdUoHVer7Kb69AQ
https://crworkspace.s3.ap-south-1.amazonaws.com/crdhs/private/2024/11/21/recording.mp3,--CsMlwV1w_m0om101_Z1w
https://crworkspace.s3.ap-south-1.amazonaws.com/crdhs/private/2024/9/21/recording1817158628014030100.mp3,nw1bZSJ7rV7D38w3xgVRuQ
https://crworkspace.s3.ap-south-1.amazonaws.com/crdhs/private/2024/9/24/recording15731189249642921982.mp3,Kp24ENUdwhzJNmQ_v1c3tw
https://crworkspace.s3.ap-south-1.amazonaws.com/crdhs/private/2024/9/21/recording13547330218611028472.mp3,mvylj2cZ-W0gQLos0kxW9w
https://crworkspace.s3.ap-south-1.amazonaws.com/crdhs/private/2024/9/23/recording15073604198314304582.mp3,ZW1hwGO7E6iEARv_KdMxJg
https://crworkspace.s3.ap-south-1.amazonaws.com/crdhs/private/2024/9/23/recording11767338745868325859.mp3,xbPg16G8hJeUc10J2KXg4w
https://crworkspace.s3.ap-south-1.amazonaws.com/crdhs/private/2024/9/24/recording13708149648422792310.mp3,7FV0WsjCW5KEuen0l0EUPQ
https://crworkspace.s3.ap-south-1.amazonaws.com/crdhs/private/2024/11/21/recording.mp3,--CsMlwV1w_m0om101_Z1w
https://crworkspace.s3.ap-south-1.amazonaws.com/crdhs/private/2024/9/23/recording795216586461829153.mp3,CxdWJz8C8nMkCoP7B44ZqA
https://crworkspace.s3.ap-south-1.amazonaws.com/crdhs/private/2024/9/24/recording12283523874921419589.mp3,3g-RXc2Z22137OjzInkVug
https://crworkspace.s3.ap-south-1.amazonaws.com/crdhs/private/2024/11/6/recording.mp3,--HarojsWojLTjUTow1RHA
https://crworkspace.s3.ap-south-1.amazonaws.com/crdhs/private/2024/9/23/recording14739712812690486886.mp3,zH25dF86bl12PIHzx07JGA
https://crworkspace.s3.ap-south-1.amazonaws.com/crdhs/private/2024/10/7/recording18264904637200341150.mp3,0gmKQLI3C13Tly1iTbmehg
https://crworkspace.s3.ap-south-1.amazonaws.com/crdhs/private/2024/10/6/recording17547987256039490395.mp3,ZZ17X8R-1eM_12N-Q6XWyQ
https://crworkspace.s3.ap-south-1.amazonaws.com/crdhs/private/2024/9/23/recording11291033875973352581.mp3,5dbgMPJEW8MxevK0hpFVhw
https://crworkspace.s3.ap-south-1.amazonaws.com/crdhs/private/2024/11/21/recording.mp3,--CsMlwV1w_m0om101_Z1w
https://crworkspace.s3.ap-south-1.amazonaws.com/crdhs/private/2024/9/23/recording11992732919618095641.mp3,ew38SzSxb7r7jubQBnCHWw
https://crworkspace.s3.ap-south-1.amazonaws.com/crdhs/private/2024/10/6/recording15663979091598553475.mp3,z81APA09LS1dPM6zDnGyhg
https://crworkspace.s3.ap-south-1.amazonaws.com/crdhs/private/2024/9/20/recording17172981083027607535.mp3,SYizz5e5P-KDNMjhW3G4Yw
https://crworkspace.s3.ap-south-1.amazonaws.com/crdhs/private/2024/11/26/recording.mp3,-8AhiNg6tiGz8N7jiEqUFA
https://crworkspace.s3.ap-south-1.amazonaws.com/crdhs/private/2024/9/26/recording5300844439020766547.mp3,oZjssVnm5YaV6_FKAVkZbw
https://crworkspace.s3.ap-south-1.amazonaws.com/crdhs/private/2024/9/24/recording6079269171400587569.mp3,lf3FyeHnXofa7IBjdo2yMw
https://crworkspace.s3.ap-south-1.amazonaws.com/crdhs/private/2024/11/26/recording.mp3,-8AhiNg6tiGz8N7jiEqUFA
https://crworkspace.s3.ap-south-1.amazonaws.com/crdhs/private/2024/11/26/recording.mp3,-8AhiNg6tiGz8N7jiEqUFA
https://crworkspace.s3.ap-south-1.amazonaws.com/crdhs/private/2024/9/20/recording2910158740908615354.mp3,2_TObqSUoWid0HrDvYZusQ
https://crworkspace.s3.ap-south-1.amazonaws.com/crdhs/private/2024/9/26/recording75271264396286317.mp3,HQTxqFkSG1sDEUfk_yD8eA
https://crworkspace.s3.ap-south-1.amazonaws.com/crdhs/private/2024/11/6/recording.mp3,--HarojsWojLTjUTow1RHA
https://crworkspace.s3.ap-south-1.amazonaws.com/crdhs/private/2024/9/23/recording17142876048675898992.mp3,uUbX4OyfOsouUr0Nx7ERRQ
https://crworkspace.s3.ap-south-1.amazonaws.com/crdhs/private/2024/9/25/recording6235024125165313909.mp3,5t59qRX0cZVaui6mSbUAWA
https://crworkspace.s3.ap-south-1.amazonaws.com/crdhs/private/2024/11/26/recording.mp3,-8AhiNg6tiGz8N7jiEqUFA
https://crworkspace.s3.ap-south-1.amazonaws.com/crdhs/private/2024/11/26/recording.mp3,-8AhiNg6tiGz8N7jiEqUFA
https://crworkspace.s3.ap-south-1.amazonaws.com/crdhs/private/2024/9/25/recording3049822572891687920.mp3,D_bJhpX77ICEVZwdrINMdQ
https://crworkspace.s3.ap-south-1.amazonaws.com/crdhs/private/2024/9/23/recording17517844799379454870.mp3,ftg9r8i_FI5SqNwNuBZveA
https://crworkspace.s3.ap-south-1.amazonaws.com/crdhs/private/2024/11/26/recording.mp3,-8AhiNg6tiGz8N7jiEqUFA
https://crworkspace.s3.ap-south-1.amazonaws.com/crdhs/private/2024/9/21/recording14385658370780345595.mp3,4TzcdZRo_KtxkdUwl5-bOw
https://crworkspace.s3.ap-south-1.amazonaws.com/crdhs/private/2024/11/26/recording.mp3,-8AhiNg6tiGz8N7jiEqUFA
https://crworkspace.s3.ap-south-1.amazonaws.com/crdhs/private/2024/9/20/recording17343335220436852211.mp3,nTwVhxYbjCAcEDANTmr17Q
https://crworkspace.s3.ap-south-1.amazonaws.com/crdhs/private/2024/9/23/recording5517439500572222460.mp3,mR8Fu70Q5Ezez-c5zc-Uew
https://crworkspace.s3.ap-south-1.amazonaws.com/crdhs/private/2024/9/21/recording15564201651927398622.mp3,-hJEYnVDlEA6p7vqD_pE3Q
https://crworkspace.s3.ap-south-1.amazonaws.com/crdhs/private/2024/9/25/recording16911724779470918710.mp3,BFiusfc4X_Bazc8vuSXtZg
https://crworkspace.s3.ap-south-1.amazonaws.com/crdhs/private/2024/11/6/recording.mp3,--HarojsWojLTjUTow1RHA
https://crworkspace.s3.ap-south-1.amazonaws.com/crdhs/private/2024/9/20/recording10440639630214540867.mp3,aIWQK2hOcMQxrxWaTf-9Iw
https://crworkspace.s3.ap-south-1.amazonaws.com/crdhs/private/2024/9/20/recording17766365259862654036.mp3,JNk1TOTX9QUOJD8ufxoOyw
https://crworkspace.s3.ap-south-1.amazonaws.com/crdhs/private/2024/9/20/recording9766460412156365889.mp3,ji6RiYw52Yc5JRWJCXcP4Q
https://crworkspace.s3.ap-south-1.amazonaws.com/crdhs/private/2024/9/21/recording8230555451695471054.mp3,8uzrSEUi0xtRsH3nGOpYMA
https://crworkspace.s3.ap-south-1.amazonaws.com/crdhs/private/2024/9/25/recording9556826513630648986.mp3,usdkuf7Ih5ACJH1kxQALzA
https://crworkspace.s3.ap-south-1.amazonaws.com/crdhs/private/2024/9/23/recording2968137637537280038.mp3,Df7JL0TvuI7JCKVy3uPBzQ
https://crworkspace.s3.ap-south-1.amazonaws.com/crdhs/private/2024/11/26/recording.mp3,-8AhiNg6tiGz8N7jiEqUFA
https://crworkspace.s3.ap-south-1.amazonaws.com/crdhs/private/2024/9/20/recording7666888563333340270.mp3,LD5M5m-nfgYDF1SvpMbUqg
https://crworkspace.s3.ap-south-1.amazonaws.com/crdhs/private/2024/9/24/recording13496511220389253614.mp3,zwh1TtVFNRqghc2PvojeJg
https://crworkspace.s3.ap-south-1.amazonaws.com/crdhs/private/2024/9/27/recording9718713863698727862.mp3,qMshzEFnOmvZIEQ8CAETyQ
https://crworkspace.s3.ap-south-1.amazonaws.com/crdhs/private/2024/9/24/recording8999482114596347698.mp3,A4D8PSjtvJO1BNhIbgYovA
https://crworkspace.s3.ap-south-1.amazonaws.com/crdhs/private/2024/9/20/recording15522286767609828971.mp3,AfyWRf0M4RHPomkMfO1emQ
https://crworkspace.s3.ap-south-1.amazonaws.com/crdhs/private/2024/11/26/recording.mp3,-8AhiNg6tiGz8N7jiEqUFA
https://crworkspace.s3.ap-south-1.amazonaws.com/crdhs/private/2024/9/26/recording2332955239901903346.mp3,drOXeQptcPu_DtIer7GERw
https://crworkspace.s3.ap-south-1.amazonaws.com/crdhs/private/2024/9/23/recording12281782536473305365.mp3,rZCOHhTHd6NZ3u4rSxKM4w
https://crworkspace.s3.ap-south-1.amazonaws.com/crdhs/private/2024/9/26/recording11501365737328127690.mp3,o_3G59fD9q06mPlOkFX5_A
https://crworkspace.s3.ap-south-1.amazonaws.com/crdhs/private/2024/9/21/recording15256953678294761060.mp3,TIkjCbMMU775dbWjyk3tRw
https://crworkspace.s3.ap-south-1.amazonaws.com/crdhs/private/2024/9/20/recording105578725569144671.mp3,KsajufU3arZmkDwHi20bRg
https://crworkspace.s3.ap-south-1.amazonaws.com/crdhs/private/2024/9/23/recording15977512934896005528.mp3,mgigYdQOE4cYuTZIh0lfDg
https://crworkspace.s3.ap-south-1.amazonaws.com/crdhs/private/2024/9/20/recording548983868165381601.mp3,XCA39IHOxn1uHJSL2-J4Eg
https://crworkspace.s3.ap-south-1.amazonaws.com/crdhs/private/2024/9/20/recording13015007684144142193.mp3,rzk-at2BSlML1AiktPEPVg
https://crworkspace.s3.ap-south-1.amazonaws.com/crdhs/private/2024/9/23/recording10449532896690695085.mp3,ZDRX25IJ6CyuHuQQcpUwxg
https://crworkspace.s3.ap-south-1.amazonaws.com/crdhs/private/2024/9/26/recording436548324929296444.mp3,XNZ88Co4t7Txyclzj109lg
https://crworkspace.s3.ap-south-1.amazonaws.com/crdhs/private/2024/9/21/recording10867471487436547646.mp3,P02pikfXvSVAFwUAPRiOFA
https://crworkspace.s3.ap-south-1.amazonaws.com/crdhs/private/2024/9/25/recording17408818714843060076.mp3,97kBO-5eOUhYUvayaywMjg
https://crworkspace.s3.ap-south-1.amazonaws.com/crdhs/private/2024/9/27/recording13342507059343114833.mp3,lY1oIZsAiVvxoD0tdeSfZw
https://crworkspace.s3.ap-south-1.amazonaws.com/crdhs/private/2024/11/6/recording.mp3,--HarojsWojLTjUTow1RHA
https://crworkspace.s3.ap-south-1.amazonaws.com/crdhs/private/2024/11/21/recording.mp3,--CsMlwV1w_m0om101_Z1w
https://crworkspace.s3.ap-south-1.amazonaws.com/crdhs/private/2024/11/6/recording.mp3,--HarojsWojLTjUTow1RHA
https://crworkspace.s3.ap-south-1.amazonaws.com/crdhs/private/2024/11/26/recording.mp3,-8AhiNg6tiGz8N7jiEqUFA
https://crworkspace.s3.ap-south-1.amazonaws.com/crdhs/private/2024/9/25/recording8010117089807317052.mp3,oGA7bnSJdq4fc5-LykggDQ
https://crworkspace.s3.ap-south-1.amazonaws.com/crdhs/private/2024/9/24/recording3538463009306744028.mp3,fsbjT-JogBzpaXY93L3fSA
https://crworkspace.s3.ap-south-1.amazonaws.com/crdhs/private/2024/11/6/recording.mp3,--HarojsWojLTjUTow1RHA
https://crworkspace.s3.ap-south-1.amazonaws.com/crdhs/private/2024/11/6/recording.mp3,--HarojsWojLTjUTow1RHA
https://crworkspace.s3.ap-south-1.amazonaws.com/crdhs/private/2024/9/23/recording1598871958459608170.mp3,KJuFVrhSBxawTusJS2aAdw
https://crworkspace.s3.ap-south-1.amazonaws.com/crdhs/private/2024/11/6/recording.mp3,--HarojsWojLTjUTow1RHA
https://crworkspace.s3.ap-south-1.amazonaws.com/crdhs/private/2024/9/23/recording16419151683777844626.mp3,3BFo3iW58vuqZdoCtaXedw
https://crworkspace.s3.ap-south-1.amazonaws.com/crdhs/private/2024/9/26/recording12740733779125785034.mp3,XHBvBmyM2hCm8U0sGsQrvw
https://crworkspace.s3.ap-south-1.amazonaws.com/crdhs/private/2024/10/7/recording9631820183470641978.mp3,TLYjkdnBOYX-SUbpndpUOg
https://crworkspace.s3.ap-south-1.amazonaws.com/crdhs/private/2024/9/27/recording16774521024010369221.mp3,1ec9M3nuW_jHUAe45jP7wg
https://crworkspace.s3.ap-south-1.amazonaws.com/crdhs/private/2024/9/25/recording837857786856555998.mp3,yULf66RfQvD3Fp02cn4LNw
https://crworkspace.s3.ap-south-1.amazonaws.com/crdhs/private/2024/11/21/recording.mp3,--CsMlwV1w_m0om101_Z1w
https://crworkspace.s3.ap-south-1.amazonaws.com/crdhs/private/2024/9/23/recording5968603137103717930.mp3,moy6tU6gpqgcACK-7rBhoQ
https://crworkspace.s3.ap-south-1.amazonaws.com/crdhs/private/2024/9/25/recording8381435331835321118.mp3,Zy_HE4Ny57PlRjgmMk0F0A
https://crworkspace.s3.ap-south-1.amazonaws.com/crdhs/private/2024/9/20/recording5292826893454897880.mp3,ONbI3-7xarjkADPJihPCWg
https://crworkspace.s3.ap-south-1.amazonaws.com/crdhs/private/2024/9/25/recording13132012306962436992.mp3,ZuRsIQwBmMZxB2ZXV0VmkQ
https://crworkspace.s3.ap-south-1.amazonaws.com/crdhs/private/2024/11/6/recording.mp3,--HarojsWojLTjUTow1RHA
https://crworkspace.s3.ap-south-1.amazonaws.com/crdhs/private/2024/11/6/recording.mp3,--HarojsWojLTjUTow1RHA
https://crworkspace.s3.ap-south-1.amazonaws.com/crdhs/private/2024/11/6/recording.mp3,--HarojsWojLTjUTow1RHA
https://crworkspace.s3.ap-south-1.amazonaws.com/crdhs/private/2024/11/26/recording.mp3,-8AhiNg6tiGz8N7jiEqUFA
https://crworkspace.s3.ap-south-1.amazonaws.com/crdhs/private/2024/10/7/recording15576041132952915991.mp3,24Itz5n6ol7x-mW5TVSjPg
https://crworkspace.s3.ap-south-1.amazonaws.com/crdhs/private/2024/11/6/recording.mp3,--HarojsWojLTjUTow1RHA
https://crworkspace.s3.ap-south-1.amazonaws.com/crdhs/private/2024/9/27/recording15732230548318232337.mp3,obJhzuGdho5Ntrsw5rQr7w
https://crworkspace.s3.ap-south-1.amazonaws.com/crdhs/private/2024/11/26/recording.mp3,-8AhiNg6tiGz8N7jiEqUFA
https://crworkspace.s3.ap-south-1.amazonaws.com/crdhs/private/2024/11/6/recording.mp3,--HarojsWojLTjUTow1RHA
https://crworkspace.s3.ap-south-1.amazonaws.com/crdhs/private/2024/9/27/recording6822928676299683493.mp3,M05XTd0ZBeOeme85lPBU9w
https://crworkspace.s3.ap-south-1.amazonaws.com/crdhs/private/2024/11/21/recording.mp3,--CsMlwV1w_m0om101_Z1w
https://crworkspace.s3.ap-south-1.amazonaws.com/crdhs/private/2024/11/26/recording.mp3,-8AhiNg6tiGz8N7jiEqUFA
https://crworkspace.s3.ap-south-1.amazonaws.com/crdhs/private/2024/11/26/recording.mp3,-8AhiNg6tiGz8N7jiEqUFA
https://crworkspace.s3.ap-south-1.amazonaws.com/crdhs/private/2024/11/21/recording.mp3,--CsMlwV1w_m0om101_Z1w
https://crworkspace.s3.ap-south-1.amazonaws.com/crdhs/private/2024/9/24/recording8052175770946039058.mp3,p4sZHr9vytA_ITGHb3r1Lg
https://crworkspace.s3.ap-south-1.amazonaws.com/crdhs/private/2024/11/21/recording.mp3,--CsMlwV1w_m0om101_Z1w
https://crworkspace.s3.ap-south-1.amazonaws.com/crdhs/private/2024/11/21/recording.mp3,--CsMlwV1w_m0om101_Z1w
https://crworkspace.s3.ap-south-1.amazonaws.com/crdhs/private/2024/11/26/recording.mp3,-8AhiNg6tiGz8N7jiEqUFA
https://crworkspace.s3.ap-south-1.amazonaws.com/crdhs/private/2024/11/26/recording.mp3,-8AhiNg6tiGz8N7jiEqUFA
https://crworkspace.s3.ap-south-1.amazonaws.com/crdhs/private/2024/11/6/recording.mp3,--HarojsWojLTjUTow1RHA
https://crworkspace.s3.ap-south-1.amazonaws.com/crdhs/private/2024/9/25/recording13114496756263869030.mp3,8NnU5nhdZCEe48VJ4RXhxA
https://crworkspace.s3.ap-south-1.amazonaws.com/crdhs/private/2024/11/21/recording.mp3,--CsMlwV1w_m0om101_Z1w
https://crworkspace.s3.ap-south-1.amazonaws.com/crdhs/private/2024/11/21/recording.mp3,--CsMlwV1w_m0om101_Z1w
https://crworkspace.s3.ap-south-1.amazonaws.com/crdhs/private/2024/9/24/recording6300659374638204953.mp3,HKCCwv4PnnMp661z84Z87g
https://crworkspace.s3.ap-south-1.amazonaws.com/crdhs/private/2024/10/6/recording4165266958326887905.mp3,482f5ItT3gf5Uh5pURrnwQ
https://crworkspace.s3.ap-south-1.amazonaws.com/crdhs/private/2024/10/7/recording15636157870185351443.mp3,rHTl_k4d5_9UOt9xWmJH7Q
https://crworkspace.s3.ap-south-1.amazonaws.com/crdhs/private/2024/11/6/recording.mp3,--HarojsWojLTjUTow1RHA
https://crworkspace.s3.ap-south-1.amazonaws.com/crdhs/private/2024/10/6/recording16371907239586403826.mp3,AQtYIvkuoXcSTFNS5sLWcQ
https://crworkspace.s3.ap-south-1.amazonaws.com/crdhs/private/2024/10/7/recording966537412468003508.mp3,htyhh6iFHabqJNHxGLMxBA
https://crworkspace.s3.ap-south-1.amazonaws.com/crdhs/private/2024/11/26/recording.mp3,-8AhiNg6tiGz8N7jiEqUFA
https://crworkspace.s3.ap-south-1.amazonaws.com/crdhs/private/2024/10/7/recording3513910348941344952.mp3,gz4_22iQhmChL0AGZNtrFw
https://crworkspace.s3.ap-south-1.amazonaws.com/crdhs/private/2024/9/27/recording9503119820491762742.mp3,3NtM3a6ortuaQ5Knt6kKZQ
https://crworkspace.s3.ap-south-1.amazonaws.com/crdhs/private/2024/11/6/recording.mp3,--HarojsWojLTjUTow1RHA
https://crworkspace.s3.ap-south-1.amazonaws.com/crdhs/private/2024/9/25/recording8381044265509470688.mp3,xRzCcQlhuc4HT7ytFou8QQ
https://crworkspace.s3.ap-south-1.amazonaws.com/crdhs/private/2024/10/6/recording9574855102798250876.mp3,osHh0NXGEXyTLf4zF9RNEQ
https://crworkspace.s3.ap-south-1.amazonaws.com/crdhs/private/2024/9/23/recording6693426085557953672.mp3,qu1MO4cmVi8_KKow9gw5ng
https://crworkspace.s3.ap-south-1.amazonaws.com/crdhs/private/2024/11/21/recording.mp3,--CsMlwV1w_m0om101_Z1w
https://crworkspace.s3.ap-south-1.amazonaws.com/crdhs/private/2024/10/7/recording1644774053268296685.mp3,Q90wI8ao7jwA9JIhwmC-4w
https://crworkspace.s3.ap-south-1.amazonaws.com/crdhs/private/2024/9/24/recording7662802012890836642.mp3,Uuqk-9eIGhe6lJLYyxnLFQ
https://crworkspace.s3.ap-south-1.amazonaws.com/crdhs/private/2024/11/26/recording.mp3,-8AhiNg6tiGz8N7jiEqUFA
https://crworkspace.s3.ap-south-1.amazonaws.com/crdhs/private/2024/9/25/recording12508051594028759736.mp3,W0-aPBJ5ItjTKNqhJQAE1w
https://crworkspace.s3.ap-south-1.amazonaws.com/crdhs/private/2024/11/6/recording.mp3,--HarojsWojLTjUTow1RHA
https://crworkspace.s3.ap-south-1.amazonaws.com/crdhs/private/2024/9/23/recording14459215047428386554.mp3,6iUp0LgfRcVGsHwhdl6ySA
https://crworkspace.s3.ap-south-1.amazonaws.com/crdhs/private/2024/11/6/recording.mp3,--HarojsWojLTjUTow1RHA
https://crworkspace.s3.ap-south-1.amazonaws.com/crdhs/private/2024/11/26/recording.mp3,-8AhiNg6tiGz8N7jiEqUFA
https://crworkspace.s3.ap-south-1.amazonaws.com/crdhs/private/2024/11/26/recording.mp3,-8AhiNg6tiGz8N7jiEqUFA
https://crworkspace.s3.ap-south-1.amazonaws.com/crdhs/private/2024/11/21/recording.mp3,--CsMlwV1w_m0om101_Z1w
https://crworkspace.s3.ap-south-1.amazonaws.com/crdhs/private/2024/9/25/recording10713356340702214653.mp3,xs_wvghq0oBUFvZwnaMXQw
https://crworkspace.s3.ap-south-1.amazonaws.com/crdhs/private/2024/9/25/recording6725050380814502708.mp3,uoLvBD-2RTBRVdjkTtbgpg
https://crworkspace.s3.ap-south-1.amazonaws.com/crdhs/private/2024/9/26/recording12730948742903071189.mp3,L37QpKB8Avp3WfWeDDV6yw
https://crworkspace.s3.ap-south-1.amazonaws.com/crdhs/private/2024/9/23/recording9870285927779278647.mp3,QuZeKDdmbNEXSYKAWqigCw
https://crworkspace.s3.ap-south-1.amazonaws.com/crdhs/private/2024/9/25/recording67856895330706599.mp3,vrstB_7bs4r_vX4olrW1Fg
https://crworkspace.s3.ap-south-1.amazonaws.com/crdhs/private/2024/9/21/recording7073820180378146873.mp3,OGg6IJ88Qq0ls2JbFA9kFQ
https://crworkspace.s3.ap-south-1.amazonaws.com/crdhs/private/2024/9/25/recording16079667759187302733.mp3,frgy38iAvMFvYoLQfCnovQ
https://crworkspace.s3.ap-south-1.amazonaws.com/crdhs/private/2024/9/25/recording10819959231557249379.mp3,Qs5h8BdjGO5Hpu4-Q8vz7A
https://crworkspace.s3.ap-south-1.amazonaws.com/crdhs/private/2024/9/26/recording164285001969171531.mp3,_dngZeBTGxzBKg1dG-EK0Q
https://crworkspace.s3.ap-south-1.amazonaws.com/crdhs/private/2024/9/26/recording1835364756785159507.mp3,JC7V5d7UMdHNCRXs_2qgdg
https://crworkspace.s3.ap-south-1.amazonaws.com/crdhs/private/2024/9/26/recording12898506790996082645.mp3,maooxVNFDa2oes0KdYgzcA
https://crworkspace.s3.ap-south-1.amazonaws.com/crdhs/private/2024/9/21/recording16659810375461118545.mp3,tmDy7_iT_5O0Ku1taFUNUQ
https://crworkspace.s3.ap-south-1.amazonaws.com/crdhs/private/2024/9/20/recording5411620498224550651.mp3,7Zo0FXRSbr1ZkuFQa0-PKg
https://crworkspace.s3.ap-south-1.amazonaws.com/crdhs/private/2024/9/26/recording11423014195663448253.mp3,Ktf2DOB_ji-t1KYexHuvOQ
https://crworkspace.s3.ap-south-1.amazonaws.com/crdhs/private/2024/9/25/recording9379952017585119215.mp3,VnPLsW5vx13-c3jfKvR0pg
https://crworkspace.s3.ap-south-1.amazonaws.com/crdhs/private/2024/9/23/recording3157616841699342913.mp3,dQUnnH7sEXnKGPCt7Rjlgg
https://crworkspace.s3.ap-south-1.amazonaws.com/crdhs/private/2024/9/23/recording12101389009310524790.mp3,ZSFRWcnEnjFq0urKj-zFBA
https://crworkspace.s3.ap-south-1.amazonaws.com/crdhs/private/2024/9/25/recording18024551317067597377.mp3,w0OmW5vWelfMepN0h8YQog
https://crworkspace.s3.ap-south-1.amazonaws.com/crdhs/private/2024/9/23/recording12492086154166819571.mp3,rvu859HR7oe9Tj4B_dH1Xg
https://crworkspace.s3.ap-south-1.amazonaws.com/crdhs/private/2024/9/25/recording11151996215490448960.mp3,wemh5HCunfeNXuMHPqflfQ
https://crworkspace.s3.ap-south-1.amazonaws.com/crdhs/private/2024/9/25/recording12877243177160512985.mp3,3N-XZfY2dOEsIZ90mP4XKw
https://crworkspace.s3.ap-south-1.amazonaws.com/crdhs/private/2024/9/20/recording8991433987185382072.mp3,ZQHxnETNpLjc7XbdIklt-w
https://crworkspace.s3.ap-south-1.amazonaws.com/crdhs/private/2024/9/26/recording11345366720818612033.mp3,8k5RvADUuWCCXhSF2mabZA
https://crworkspace.s3.ap-south-1.amazonaws.com/crdhs/private/2024/9/25/recording2201327667035726303.mp3,s3ofY8URQMzTaNIO0u37QQ
https://crworkspace.s3.ap-south-1.amazonaws.com/crdhs/private/2024/9/25/recording283370735266135235.mp3,SzO-nl4lmXXXLjM4YDKZxg
https://crworkspace.s3.ap-south-1.amazonaws.com/crdhs/private/2024/9/23/recording2290704858545539833.mp3,xIGCaJW_prlJGntsRemtDg
https://crworkspace.s3.ap-south-1.amazonaws.com/crdhs/private/2024/9/23/recording8265114095812923191.mp3,DIogKuyFMbB_qYETx7HS3w
https://crworkspace.s3.ap-south-1.amazonaws.com/crdhs/private/2024/9/23/recording13422953387909695323.mp3,Jf1ctU7MYa67HcQxRIrPQg
https://crworkspace.s3.ap-south-1.amazonaws.com/crdhs/private/2024/9/26/recording16394137029987125119.mp3,_LI45FtlTgsfw3__ghuO2A
https://crworkspace.s3.ap-south-1.amazonaws.com/crdhs/private/2024/9/20/recording10993363192933105123.mp3,sJ_yeqixmqkTnvoQbncHDQ
https://crworkspace.s3.ap-south-1.amazonaws.com/crdhs/private/2024/9/25/recording15829280651025665002.mp3,M6otk1uMqoqS6sCh_m4law
https://crworkspace.s3.ap-south-1.amazonaws.com/crdhs/private/2024/9/23/recording5011509306647705806.mp3,MDQhR_-oZ-50WnsU77OmNg
https://crworkspace.s3.ap-south-1.amazonaws.com/crdhs/private/2024/9/26/recording1288668906824009695.mp3,cDLdGKXzZjlooEoHitOgkQ
https://crworkspace.s3.ap-south-1.amazonaws.com/crdhs/private/2024/9/20/recording17996332657894107754.mp3,0qxdZ4POt-xic0CwftSbQQ
https://crworkspace.s3.ap-south-1.amazonaws.com/crdhs/private/2024/10/3/recording10071732902731097378.mp3,eF_Vt4sPeUn2haYbu1GGUQ
https://crworkspace.s3.ap-south-1.amazonaws.com/crdhs/private/2024/9/23/recording1704134722758948622.mp3,Dm6BiOABWUizYILtPhZEFQ
https://crworkspace.s3.ap-south-1.amazonaws.com/crdhs/private/2024/9/26/recording15547046523563462581.mp3,ASvwgBNrT-TVxiXPqEqIAQ
https://crworkspace.s3.ap-south-1.amazonaws.com/crdhs/private/2024/9/21/recording12033367450604026564.mp3,NisCWfkto7rZYCHf1UNXoQ
https://crworkspace.s3.ap-south-1.amazonaws.com/crdhs/private/2024/9/20/recording18267059310663262396.mp3,K0XIRJ0C83Pe653CQsWKnQ
https://crworkspace.s3.ap-south-1.amazonaws.com/crdhs/private/2024/9/20/recording4265871284885675838.mp3,IE2CvgemEVruDzdXq9jaBQ
https://crworkspace.s3.ap-south-1.amazonaws.com/crdhs/private/2024/9/25/recording247170690383064143.mp3,OJYF4I4Jx6lVbG9cUJTOew
https://crworkspace.s3.ap-south-1.amazonaws.com/crdhs/private/2024/10/3/recording17429100342432432315.mp3,qz8ggHpPfQwr7sDNfu-v-w
https://crworkspace.s3.ap-south-1.amazonaws.com/crdhs/private/2024/9/21/recording2842639886286278917.mp3,K0toXdTYk3nUxpOlEKSZMA
https://crworkspace.s3.ap-south-1.amazonaws.com/crdhs/private/2024/9/24/recording11139379028083551104.mp3,Z9qZQQu_GsGvQRAYUOoYIQ
https://crworkspace.s3.ap-south-1.amazonaws.com/crdhs/private/2024/9/20/recording16237831471513601419.mp3,yyiPoP635dk7yJOHWTIskw
https://crworkspace.s3.ap-south-1.amazonaws.com/crdhs/private/2024/9/20/recording10246836566341274217.mp3,lzZlVecT-jFyy_TQ3YjbgQ
https://crworkspace.s3.ap-south-1.amazonaws.com/crdhs/private/2024/9/23/recording17134262280596858847.mp3,XSnbEn9u1QpQh0kP5eGBcg
https://crworkspace.s3.ap-south-1.amazonaws.com/crdhs/private/2024/9/23/recording10793819957502921361.mp3,OIn9qSmHjWGrs0dtN_wrDw
https://crworkspace.s3.ap-south-1.amazonaws.com/crdhs/private/2024/9/20/recording12803653987386211900.mp3,CHArbIJKgseaKwBVQL_HZw
https://crworkspace.s3.ap-south-1.amazonaws.com/crdhs/private/2024/9/26/recording5404050155399399399.mp3,--Meru7lxCKLN2pBkS6l2Q
https://crworkspace.s3.ap-south-1.amazonaws.com/crdhs/private/2024/9/24/recording6705472745224754499.mp3,CXMD_DYAFIPUGAG72Hpl8g
https://crworkspace.s3.ap-south-1.amazonaws.com/crdhs/private/2024/9/20/recording11736074615534662026.mp3,3iGrndPq2fKMrM4OhZs1Ig
https://crworkspace.s3.ap-south-1.amazonaws.com/crdhs/private/2024/9/20/recording12905876107192382245.mp3,HbMLRy_OsPIKyGnB5RY6uw
https://crworkspace.s3.ap-south-1.amazonaws.com/crdhs/private/2024/9/20/recording12256001455005976393.mp3,3Hl9G6-VEjLptTFtEtsAnA
https://crworkspace.s3.ap-south-1.amazonaws.com/crdhs/private/2024/9/20/recording12414974894320734993.mp3,F30FsEpt9xKXFUIKB358qg
https://crworkspace.s3.ap-south-1.amazonaws.com/crdhs/private/2024/9/23/recording7968163087093463059.mp3,IaVi2XMNUK47EJCEPMM3kQ
https://crworkspace.s3.ap-south-1.amazonaws.com/crdhs/private/2024/9/21/recording5585454051870735842.mp3,IpmvExPUXCOP592l28ShYA
https://crworkspace.s3.ap-south-1.amazonaws.com/crdhs/private/2024/9/20/recording9189055382670548828.mp3,l9ZSNb6By9XT7xYHkFuhew
https://crworkspace.s3.ap-south-1.amazonaws.com/crdhs/private/2024/9/26/recording813187998968323828.mp3,oYJxypf4KgW1b3NGQXEJ6A
https://crworkspace.s3.ap-south-1.amazonaws.com/crdhs/private/2024/9/23/recording14971993645619346195.mp3,hCJdlIRV6mcvlXGTfYPCfA
https://crworkspace.s3.ap-south-1.amazonaws.com/crdhs/private/2024/9/23/recording1964603074983743147.mp3,WrVr3GbefcyPshx7IqNx-A
https://crworkspace.s3.ap-south-1.amazonaws.com/crdhs/private/2024/9/21/recording8448712957419116481.mp3,ZtOb4juLceU0-U17BYU64Q
https://crworkspace.s3.ap-south-1.amazonaws.com/crdhs/private/2024/9/25/recording136008427777578622.mp3,2WwSc7e8KiG1Pol2h1DrJQ
https://crworkspace.s3.ap-south-1.amazonaws.com/crdhs/private/2024/9/20/recording17595780371274351261.mp3,d4j6SNLhZjUBKO9smqYccA
https://crworkspace.s3.ap-south-1.amazonaws.com/crdhs/private/2024/10/2/recording13283813830030103497.mp3,cFilYzFbsTPyACIM7yIvYw
https://crworkspace.s3.ap-south-1.amazonaws.com/crdhs/private/2024/9/21/recording2004135939738525691.mp3,WUpZVcl8SXOG1xRfs_MrSg
https://crworkspace.s3.ap-south-1.amazonaws.com/crdhs/private/2024/9/20/recording14949735998199905008.mp3,K1bNC962Am4GJTH7txS4wQ
https://crworkspace.s3.ap-south-1.amazonaws.com/crdhs/private/2024/9/20/recording16377561090449592609.mp3,rd7kHEdqAcifggUoBgVcBg
https://crworkspace.s3.ap-south-1.amazonaws.com/crdhs/private/2024/9/23/recording18234658158264955067.mp3,KyM2EfwdqWCzqb73sz8efQ
https://crworkspace.s3.ap-south-1.amazonaws.com/crdhs/private/2024/9/21/recording5315609984962378535.mp3,9w9yR8OTCl9A5L5Jfg45pw
https://crworkspace.s3.ap-south-1.amazonaws.com/crdhs/private/2024/9/21/recording15538352968317093631.mp3,ZJJaAy3WNUWCKNDdBE8Diw
https://crworkspace.s3.ap-south-1.amazonaws.com/crdhs/private/2024/9/25/recording10873445008106727097.mp3,Y54NLlpVCvdfVToJLmRa-Q
https://crworkspace.s3.ap-south-1.amazonaws.com/crdhs/private/2024/9/23/recording2458239539073275912.mp3,OGbBZOfoWvG-CUFsRNiShA
https://crworkspace.s3.ap-south-1.amazonaws.com/crdhs/private/2024/9/25/recording5505033324479547306.mp3,QRb07gzXZalQJOPxvCJDtA
https://crworkspace.s3.ap-south-1.amazonaws.com/crdhs/private/2024/9/23/recording6292177738409387301.mp3,3UfIgSFlGNCzPpA2-dHQ9g
https://crworkspace.s3.ap-south-1.amazonaws.com/crdhs/private/2024/9/25/recording8863347052988002827.mp3,cmzc3IXtCLxmC-iK_gsq7w
https://crworkspace.s3.ap-south-1.amazonaws.com/crdhs/private/2024/9/23/recording13801015688918850749.mp3,dwsE3QIFeewmgHq1r94Txg
https://crworkspace.s3.ap-south-1.amazonaws.com/crdhs/private/2024/9/25/recording3690201016428524022.mp3,vG2RijeeOCmXfdvLG5kTjg
https://crworkspace.s3.ap-south-1.amazonaws.com/crdhs/private/2024/9/20/recording16069466273783563310.mp3,Ecltrp1P-bzlVuB-wedaLQ
https://crworkspace.s3.ap-south-1.amazonaws.com/crdhs/private/2024/9/26/recording223050269992961355.mp3,eBmXW_DJaFkDEuHX7SWU0Q
https://crworkspace.s3.ap-south-1.amazonaws.com/crdhs/private/2024/9/23/recording18291245147571716900.mp3,7Z5JB1MsUO_s0xJUKRrvqw
https://crworkspace.s3.ap-south-1.amazonaws.com/crdhs/private/2024/9/20/recording2880273071049325650.mp3,U57f--dWLaa2hnQ2U5ONDA
https://crworkspace.s3.ap-south-1.amazonaws.com/crdhs/private/2024/9/25/recording8168437901309658580.mp3,sxhyPE2jsTsxXIiZnO3OKw
https://crworkspace.s3.ap-south-1.amazonaws.com/crdhs/private/2024/9/26/recording13192268393251971167.mp3,YijMibFZH9VP2bQZ28QYsg
https://crworkspace.s3.ap-south-1.amazonaws.com/crdhs/private/2024/9/26/recording16211576875692900953.mp3,LyZWo4T6P7TXvUFBeZ1gLQ
https://crworkspace.s3.ap-south-1.amazonaws.com/crdhs/private/2024/9/23/recording6073187371930053319.mp3,m8ZkoeYAFeRfTsF6z0FU6w
https://crworkspace.s3.ap-south-1.amazonaws.com/crdhs/private/2024/9/26/recording12165778182919057352.mp3,XKTDQ3r0LK9QZriDeNXw7A
https://crworkspace.s3.ap-south-1.amazonaws.com/crdhs/private/2024/9/25/recording7071474775167165390.mp3,Mpq0zrwIH6c6Spyty5b6_w
https://crworkspace.s3.ap-south-1.amazonaws.com/crdhs/private/2024/9/21/recording12875517497647952423.mp3,kHsjj7TauT--spU1B5dmBA
https://crworkspace.s3.ap-south-1.amazonaws.com/crdhs/private/2024/9/23/recording5444635419476847.mp3,94RZWN-5BWKK1myKvEdjoA
https://crworkspace.s3.ap-south-1.amazonaws.com/crdhs/private/2024/9/23/recording8997055205415561735.mp3,wiSTr-P2hDw1JmRLIlzUYw
https://crworkspace.s3.ap-south-1.amazonaws.com/crdhs/private/2024/9/23/recording2870703925904473964.mp3,_dih9d_IDTleVb8NHfZwow
https://crworkspace.s3.ap-south-1.amazonaws.com/crdhs/private/2024/9/23/recording7711508587817415134.mp3,b1w1zmBm9pNz_q3KUzIvQg
https://crworkspace.s3.ap-south-1.amazonaws.com/crdhs/private/2024/9/21/recording1238326555077699090.mp3,mL1e2xfwZlME6G7Hu2MGig
https://crworkspace.s3.ap-south-1.amazonaws.com/crdhs/private/2024/9/20/recording2317036985485664780.mp3,2-os-y_kx3ozP6nATYugvg
https://crworkspace.s3.ap-south-1.amazonaws.com/crdhs/private/2024/9/26/recording6812846765551092402.mp3,mf68rqXvSLA10dero3UoVw
https://crworkspace.s3.ap-south-1.amazonaws.com/crdhs/private/2024/9/21/recording3278450934717058245.mp3,-e2KnRjtW2JOKErERrgnhA
https://crworkspace.s3.ap-south-1.amazonaws.com/crdhs/private/2024/10/7/recording15341217790071301479.mp3,QnZL0kLnoqmx3iIA4LpHcQ
https://crworkspace.s3.ap-south-1.amazonaws.com/crdhs/private/2024/11/6/recording.mp3,--HarojsWojLTjUTow1RHA
https://crworkspace.s3.ap-south-1.amazonaws.com/crdhs/private/2024/11/6/recording.mp3,--HarojsWojLTjUTow1RHA
https://crworkspace.s3.ap-south-1.amazonaws.com/crdhs/private/2024/9/21/recording1948252386738075387.mp3,RmRMLxdmSjmoaCqGbJYw0g
https://crworkspace.s3.ap-south-1.amazonaws.com/crdhs/private/2024/11/6/recording.mp3,--HarojsWojLTjUTow1RHA
https://crworkspace.s3.ap-south-1.amazonaws.com/crdhs/private/2024/11/26/recording.mp3,-8AhiNg6tiGz8N7jiEqUFA
https://crworkspace.s3.ap-south-1.amazonaws.com/crdhs/private/2024/10/7/recording15107634069920933701.mp3,s2LXSUv3HheuHu0GlnQQsw
https://crworkspace.s3.ap-south-1.amazonaws.com/crdhs/private/2024/11/6/recording.mp3,--HarojsWojLTjUTow1RHA
https://crworkspace.s3.ap-south-1.amazonaws.com/crdhs/private/2024/9/24/recording10544127230478012140.mp3,vwgFI9HA83BU_SEkmS-2CQ
https://crworkspace.s3.ap-south-1.amazonaws.com/crdhs/private/2024/9/26/recording5382017715864445704.mp3,etAFpUbnM4xGfs7vm2k4gQ
https://crworkspace.s3.ap-south-1.amazonaws.com/crdhs/private/2024/10/6/recording8157698960823210397.mp3,PQU-_CEC5DWiGgZXFmXqwg
https://crworkspace.s3.ap-south-1.amazonaws.com/crdhs/private/2024/11/26/recording.mp3,-8AhiNg6tiGz8N7jiEqUFA
https://crworkspace.s3.ap-south-1.amazonaws.com/crdhs/private/2024/11/26/recording.mp3,-8AhiNg6tiGz8N7jiEqUFA
https://crworkspace.s3.ap-south-1.amazonaws.com/crdhs/private/2024/11/6/recording.mp3,--HarojsWojLTjUTow1RHA
https://crworkspace.s3.ap-south-1.amazonaws.com/crdhs/private/2024/11/6/recording.mp3,--HarojsWojLTjUTow1RHA
https://crworkspace.s3.ap-south-1.amazonaws.com/crdhs/private/2024/11/6/recording.mp3,--HarojsWojLTjUTow1RHA
https://crworkspace.s3.ap-south-1.amazonaws.com/crdhs/private/2024/9/27/recording11735204033672628866.mp3,NjxSU5ZQIKDy826aVfaZfA
https://crworkspace.s3.ap-south-1.amazonaws.com/crdhs/private/2024/9/27/recording8485002700320289192.mp3,YWmfbIEZKtmmYGoGL5TZBA
https://crworkspace.s3.ap-south-1.amazonaws.com/crdhs/private/2024/11/26/recording.mp3,-8AhiNg6tiGz8N7jiEqUFA
https://crworkspace.s3.ap-south-1.amazonaws.com/crdhs/private/2024/9/27/recording8289287001854174939.mp3,dqVgVDB71MmIdn5uRfYBAA
https://crworkspace.s3.ap-south-1.amazonaws.com/crdhs/private/2024/11/6/recording.mp3,--HarojsWojLTjUTow1RHA
https://crworkspace.s3.ap-south-1.amazonaws.com/crdhs/private/2024/11/26/recording.mp3,-8AhiNg6tiGz8N7jiEqUFA
https://crworkspace.s3.ap-south-1.amazonaws.com/crdhs/private/2024/9/26/recording13515546754876030507.mp3,dmKIo7-X_w143YC3Ymv6kA
https://crworkspace.s3.ap-south-1.amazonaws.com/crdhs/private/2024/11/26/recording.mp3,-8AhiNg6tiGz8N7jiEqUFA
https://crworkspace.s3.ap-south-1.amazonaws.com/crdhs/private/2024/9/26/recording15198083384597892830.mp3,nea_1I97tMOv1s2EJ8bXkA
https://crworkspace.s3.ap-south-1.amazonaws.com/crdhs/private/2024/11/26/recording.mp3,-8AhiNg6tiGz8N7jiEqUFA
https://crworkspace.s3.ap-south-1.amazonaws.com/crdhs/private/2024/11/26/recording.mp3,-8AhiNg6tiGz8N7jiEqUFA
https://crworkspace.s3.ap-south-1.amazonaws.com/crdhs/private/2024/11/26/recording.mp3,-8AhiNg6tiGz8N7jiEqUFA
https://crworkspace.s3.ap-south-1.amazonaws.com/crdhs/private/2024/11/6/recording.mp3,--HarojsWojLTjUTow1RHA
https://crworkspace.s3.ap-south-1.amazonaws.com/crdhs/private/2024/9/21/recording13274457533157689396.mp3,0mg77aRJc7svbx9gmu8eKQ
https://crworkspace.s3.ap-south-1.amazonaws.com/crdhs/private/2024/11/6/recording.mp3,--HarojsWojLTjUTow1RHA
https://crworkspace.s3.ap-south-1.amazonaws.com/crdhs/private/2024/11/21/recording.mp3,--CsMlwV1w_m0om101_Z1w
https://crworkspace.s3.ap-south-1.amazonaws.com/crdhs/private/2024/10/6/recording2551628949350671706.mp3,P4AOYAObwjJPnUyxfZ_Wcg
https://crworkspace.s3.ap-south-1.amazonaws.com/crdhs/private/2024/11/6/recording.mp3,--HarojsWojLTjUTow1RHA
https://crworkspace.s3.ap-south-1.amazonaws.com/crdhs/private/2024/11/26/recording.mp3,-8AhiNg6tiGz8N7jiEqUFA
https://crworkspace.s3.ap-south-1.amazonaws.com/crdhs/private/2024/9/27/recording9449046493893924133.mp3,SH82ik5iWpa4tOzNXyiN5w
https://crworkspace.s3.ap-south-1.amazonaws.com/crdhs/private/2024/11/26/recording.mp3,-8AhiNg6tiGz8N7jiEqUFA
https://crworkspace.s3.ap-south-1.amazonaws.com/crdhs/private/2024/11/6/recording.mp3,--HarojsWojLTjUTow1RHA
https://crworkspace.s3.ap-south-1.amazonaws.com/crdhs/private/2024/11/21/recording.mp3,--CsMlwV1w_m0om101_Z1w
https://crworkspace.s3.ap-south-1.amazonaws.com/crdhs/private/2024/11/6/recording.mp3,--HarojsWojLTjUTow1RHA
https://crworkspace.s3.ap-south-1.amazonaws.com/crdhs/private/2024/11/26/recording.mp3,-8AhiNg6tiGz8N7jiEqUFA
https://crworkspace.s3.ap-south-1.amazonaws.com/crdhs/private/2024/9/20/recording7493164441748875156.mp3,plR9GRZ4p6r2NiFq0tL43g
https://crworkspace.s3.ap-south-1.amazonaws.com/crdhs/private/2024/11/26/recording.mp3,-8AhiNg6tiGz8N7jiEqUFA
https://crworkspace.s3.ap-south-1.amazonaws.com/crdhs/private/2024/9/27/recording14755230472935748085.mp3,_mBuQ94Arw5oEbFw3PExnQ
https://crworkspace.s3.ap-south-1.amazonaws.com/crdhs/private/2024/11/6/recording.mp3,--HarojsWojLTjUTow1RHA
https://crworkspace.s3.ap-south-1.amazonaws.com/crdhs/private/2024/10/7/recording15435332813553158239.mp3,lR6yb0BkRpXmgGYxV23_mw
https://crworkspace.s3.ap-south-1.amazonaws.com/crdhs/private/2024/11/26/recording.mp3,-8AhiNg6tiGz8N7jiEqUFA
https://crworkspace.s3.ap-south-1.amazonaws.com/crdhs/private/2024/11/6/recording.mp3,--HarojsWojLTjUTow1RHA
https://crworkspace.s3.ap-south-1.amazonaws.com/crdhs/private/2024/10/7/recording17148739669742789699.mp3,axEKG3QWh5f4lW_bpYUZyA
https://crworkspace.s3.ap-south-1.amazonaws.com/crdhs/private/2024/9/24/recording13433908854029871379.mp3,F8jUgb0dDswWmvWTcxrjzQ
https://crworkspace.s3.ap-south-1.amazonaws.com/crdhs/private/2024/11/26/recording.mp3,-8AhiNg6tiGz8N7jiEqUFA
https://crworkspace.s3.ap-south-1.amazonaws.com/crdhs/private/2024/11/6/recording.mp3,--HarojsWojLTjUTow1RHA
https://crworkspace.s3.ap-south-1.amazonaws.com/crdhs/private/2024/11/6/recording.mp3,--HarojsWojLTjUTow1RHA
https://crworkspace.s3.ap-south-1.amazonaws.com/crdhs/private/2024/9/26/recording10297964968845762509.mp3,qclsHftAZ4gESAIaYh_a6A
https://crworkspace.s3.ap-south-1.amazonaws.com/crdhs/private/2024/9/25/recording17753513763574448676.mp3,FzVz9bCpbYpkYClYmRoxug
https://crworkspace.s3.ap-south-1.amazonaws.com/crdhs/private/2024/10/7/recording10953637836386682684.mp3,2A-ixKb7O_QB1bi3GFSpDA
https://crworkspace.s3.ap-south-1.amazonaws.com/crdhs/private/2024/11/6/recording.mp3,--HarojsWojLTjUTow1RHA
https://crworkspace.s3.ap-south-1.amazonaws.com/crdhs/private/2024/10/7/recording17925532186902284646.mp3,GYn_vT5vRBnBJ_EHZDbrzQ
https://crworkspace.s3.ap-south-1.amazonaws.com/crdhs/private/2024/9/27/recording5153763500643043756.mp3,LbxFXM0xKAtWTbxBQDwN-w
https://crworkspace.s3.ap-south-1.amazonaws.com/crdhs/private/2024/10/7/recording2289306011091877072.mp3,O19ctnABkL5YEd_4kg4pcw
https://crworkspace.s3.ap-south-1.amazonaws.com/crdhs/private/2024/11/26/recording.mp3,-8AhiNg6tiGz8N7jiEqUFA
https://crworkspace.s3.ap-south-1.amazonaws.com/crdhs/private/2024/9/21/recording3281200691539778615.mp3,IrPZ1Cq8hyVa0G__bCS5WQ
https://crworkspace.s3.ap-south-1.amazonaws.com/crdhs/private/2024/11/6/recording.mp3,--HarojsWojLTjUTow1RHA
https://crworkspace.s3.ap-south-1.amazonaws.com/crdhs/private/2024/10/6/recording16067548387702932086.mp3,2kikN_qSlOghj2TK4gO4pg
https://crworkspace.s3.ap-south-1.amazonaws.com/crdhs/private/2024/9/24/recording5967761049337281281.mp3,9RxmmwF-mhS_finoLXb38A
https://crworkspace.s3.ap-south-1.amazonaws.com/crdhs/private/2024/11/21/recording.mp3,--CsMlwV1w_m0om101_Z1w
https://crworkspace.s3.ap-south-1.amazonaws.com/crdhs/private/2024/9/21/recording15231213512163260123.mp3,VeKtxeO3xzF5eCnS493dUQ
https://crworkspace.s3.ap-south-1.amazonaws.com/crdhs/private/2024/11/26/recording.mp3,-8AhiNg6tiGz8N7jiEqUFA
https://crworkspace.s3.ap-south-1.amazonaws.com/crdhs/private/2024/9/21/recording14881586791634523941.mp3,P6ihxw5KFjiRl7RYQiPJKg
https://crworkspace.s3.ap-south-1.amazonaws.com/crdhs/private/2024/10/6/recording13881608290912455808.mp3,WDOSihZFXoOluFeZCqdn9A
https://crworkspace.s3.ap-south-1.amazonaws.com/crdhs/private/2024/9/20/recording12895977280077445782.mp3,LM_9ux7kAAsw8tXqC3XZWQ
https://crworkspace.s3.ap-south-1.amazonaws.com/crdhs/private/2024/10/5/recording17271206089983534590.mp3,uf-GUmSUezRtYN706xyjgA
https://crworkspace.s3.ap-south-1.amazonaws.com/crdhs/private/2024/11/6/recording.mp3,--HarojsWojLTjUTow1RHA
https://crworkspace.s3.ap-south-1.amazonaws.com/crdhs/private/2024/11/26/recording.mp3,-8AhiNg6tiGz8N7jiEqUFA
https://crworkspace.s3.ap-south-1.amazonaws.com/crdhs/private/2024/9/23/recording10322517916973282579.mp3,TMBUixam_5KSQ-ZbNVCe2Q
https://crworkspace.s3.ap-south-1.amazonaws.com/crdhs/private/2024/9/20/recording4346074784462497275.mp3,HejgxxJSpdi4is135oUQEw
https://crworkspace.s3.ap-south-1.amazonaws.com/crdhs/private/2024/9/24/recording11080549293499204691.mp3,2WqRh3w2IP4qKktEYbXYMg
https://crworkspace.s3.ap-south-1.amazonaws.com/crdhs/private/2024/10/7/recording10255029548204340224.mp3,RKNlaVYFd7pwOOwceA_oQQ
https://crworkspace.s3.ap-south-1.amazonaws.com/crdhs/private/2024/10/6/recording15491595689635305697.mp3,tYzOAFULrZTW7SldP2zMAw
https://crworkspace.s3.ap-south-1.amazonaws.com/crdhs/private/2024/9/23/recording9114264221147236110.mp3,yukHvTvuyrWEyAh9eTyp9w
https://crworkspace.s3.ap-south-1.amazonaws.com/crdhs/private/2024/11/26/recording.mp3,-8AhiNg6tiGz8N7jiEqUFA
https://crworkspace.s3.ap-south-1.amazonaws.com/crdhs/private/2024/11/26/recording.mp3,-8AhiNg6tiGz8N7jiEqUFA
https://crworkspace.s3.ap-south-1.amazonaws.com/crdhs/private/2024/9/21/recording11782260058956421350.mp3,OsgRTSOuBHg7OgKPPFIgJg
https://crworkspace.s3.ap-south-1.amazonaws.com/crdhs/private/2024/11/6/recording.mp3,--HarojsWojLTjUTow1RHA
https://crworkspace.s3.ap-south-1.amazonaws.com/crdhs/private/2024/9/23/recording1679375709766739421.mp3,o06bkVj1aG37YBVdqjR_Xw
https://crworkspace.s3.ap-south-1.amazonaws.com/crdhs/private/2024/11/21/recording.mp3,--CsMlwV1w_m0om101_Z1w
https://crworkspace.s3.ap-south-1.amazonaws.com/crdhs/private/2024/9/24/recording9429881741331322096.mp3,QYy_vCCu7tCYKKmOLQ76GA
https://crworkspace.s3.ap-south-1.amazonaws.com/crdhs/private/2024/9/21/recording5966466928265595437.mp3,jRU5N82AqzH9S305T5SQRw
https://crworkspace.s3.ap-south-1.amazonaws.com/crdhs/private/2024/11/6/recording.mp3,--HarojsWojLTjUTow1RHA
https://crworkspace.s3.ap-south-1.amazonaws.com/crdhs/private/2024/11/6/recording.mp3,--HarojsWojLTjUTow1RHA
https://crworkspace.s3.ap-south-1.amazonaws.com/crdhs/private/2024/11/21/recording.mp3,--CsMlwV1w_m0om101_Z1w
https://crworkspace.s3.ap-south-1.amazonaws.com/crdhs/private/2024/9/24/recording1177789460800493277.mp3,J7IJ1Qztfbvh7wnAtcS_BQ
https://crworkspace.s3.ap-south-1.amazonaws.com/crdhs/private/2024/10/6/recording13150172391794088671.mp3,rPq4ryT7bAkvkNPqJK0LOQ
https://crworkspace.s3.ap-south-1.amazonaws.com/crdhs/private/2024/11/21/recording.mp3,--CsMlwV1w_m0om101_Z1w
https://crworkspace.s3.ap-south-1.amazonaws.com/crdhs/private/2024/11/21/recording.mp3,--CsMlwV1w_m0om101_Z1w
https://crworkspace.s3.ap-south-1.amazonaws.com/crdhs/private/2024/9/23/recording4426341230515378281.mp3,vFxLQ4r7UZglJqo-Yo6qwA
https://crworkspace.s3.ap-south-1.amazonaws.com/crdhs/private/2024/9/23/recording12652867926738661937.mp3,_7t18ekbrBn2ptdqUiT84w
https://crworkspace.s3.ap-south-1.amazonaws.com/crdhs/private/2024/9/20/recording9279096751067177357.mp3,Zq-SUq4EGe3aff1tOV1WVQ
https://crworkspace.s3.ap-south-1.amazonaws.com/crdhs/private/2024/11/6/recording.mp3,--HarojsWojLTjUTow1RHA
https://crworkspace.s3.ap-south-1.amazonaws.com/crdhs/private/2024/11/21/recording.mp3,--CsMlwV1w_m0om101_Z1w
https://crworkspace.s3.ap-south-1.amazonaws.com/crdhs/private/2024/9/24/recording4100926509456589585.mp3,jtgGTXk9mQW3JM7l9USo4Q
https://crworkspace.s3.ap-south-1.amazonaws.com/crdhs/private/2024/9/24/recording10881855528604075137.mp3,Ck4fBHOKTYA4shL50i1kYw
https://crworkspace.s3.ap-south-1.amazonaws.com/crdhs/private/2024/9/23/recording17960744640339536404.mp3,wjFpF38CkO_nxqsuiOzclA
https://crworkspace.s3.ap-south-1.amazonaws.com/crdhs/private/2024/9/20/recording14463199869313633200.mp3,ZbUHcu8nGBmPY8--TnsJkw
https://crworkspace.s3.ap-south-1.amazonaws.com/crdhs/private/2024/9/21/recording15166933531573079114.mp3,nBIpFq9pfinP4p1acRRTxA
https://crworkspace.s3.ap-south-1.amazonaws.com/crdhs/private/2024/9/20/recording13463356605719623200.mp3,224vm7GPNmsESLQasV1RZA
https://crworkspace.s3.ap-south-1.amazonaws.com/crdhs/private/2024/9/20/recording1860416508557368772.mp3,Wm5AQibYa3sGAb05yaWGtg
https://crworkspace.s3.ap-south-1.amazonaws.com/crdhs/private/2024/9/25/recording15327810110465294787.mp3,CB4KqDn6PJyZuGBtBKRTdA
https://crworkspace.s3.ap-south-1.amazonaws.com/crdhs/private/2024/9/21/recording9561485481314452867.mp3,xy4ONflloAVtSTX726L6eg
https://crworkspace.s3.ap-south-1.amazonaws.com/crdhs/private/2024/9/21/recording3440210492914229822.mp3,KmP11xfTFJyQ2ENrDG6NGw
https://crworkspace.s3.ap-south-1.amazonaws.com/crdhs/private/2024/11/6/recording.mp3,--HarojsWojLTjUTow1RHA
https://crworkspace.s3.ap-south-1.amazonaws.com/crdhs/private/2024/11/21/recording.mp3,--CsMlwV1w_m0om101_Z1w
https://crworkspace.s3.ap-south-1.amazonaws.com/crdhs/private/2024/9/23/recording790112425467378604.mp3,bAAxAYHVA5B6AJ4c9TEkmQ
https://crworkspace.s3.ap-south-1.amazonaws.com/crdhs/private/2024/9/23/recording6676355891937910070.mp3,_nIRbtelFHu-Chx4uahDbQ
https://crworkspace.s3.ap-south-1.amazonaws.com/crdhs/private/2024/9/23/recording4107704022276842750.mp3,8O0l-7-mEYBA3mGp-ABSmA
https://crworkspace.s3.ap-south-1.amazonaws.com/crdhs/private/2024/9/20/recording675013681612859579.mp3,YYMkz02d6gPRdPKknsld3A
https://crworkspace.s3.ap-south-1.amazonaws.com/crdhs/private/2024/9/24/recording10651444076373211638.mp3,-tRg3MXUdYqoYOUgoaNDvQ
https://crworkspace.s3.ap-south-1.amazonaws.com/crdhs/private/2024/9/23/recording7955894257331186657.mp3,_cPAtbI3dIOONPn5BAnAqw
https://crworkspace.s3.ap-south-1.amazonaws.com/crdhs/private/2024/11/21/recording.mp3,--CsMlwV1w_m0om101_Z1w
https://crworkspace.s3.ap-south-1.amazonaws.com/crdhs/private/2024/9/25/recording17342143279762588027.mp3,rejZKuGZ20CNFfO_WGBpjQ
https://crworkspace.s3.ap-south-1.amazonaws.com/crdhs/private/2024/11/26/recording.mp3,-8AhiNg6tiGz8N7jiEqUFA
https://crworkspace.s3.ap-south-1.amazonaws.com/crdhs/private/2024/9/21/recording13584265944998285635.mp3,1wH33v8AUPvzmnuVsIs-NA
https://crworkspace.s3.ap-south-1.amazonaws.com/crdhs/private/2024/9/23/recording1009360032743534531.mp3,YuKKgDU6Op61b4Qhbjvaiw
https://crworkspace.s3.ap-south-1.amazonaws.com/crdhs/private/2024/9/20/recording17830911220003484051.mp3,gZicF3B6tl1fFs58LFfhYg
https://crworkspace.s3.ap-south-1.amazonaws.com/crdhs/private/2024/11/26/recording.mp3,-8AhiNg6tiGz8N7jiEqUFA
https://crworkspace.s3.ap-south-1.amazonaws.com/crdhs/private/2024/9/23/recording2957792957079663421.mp3,eKDC2DCUfNED_lXo2EZcEg
https://crworkspace.s3.ap-south-1.amazonaws.com/crdhs/private/2024/9/20/recording11723818356727556821.mp3,IP1sjcpG8b6PlHWD-w6AVA
https://crworkspace.s3.ap-south-1.amazonaws.com/crdhs/private/2024/9/20/recording5178936008329260360.mp3,RKXHHWXx21rVZibKHJpTJw
https://crworkspace.s3.ap-south-1.amazonaws.com/crdhs/private/2024/9/26/recording9864351930372750437.mp3,PrDGdCwbtVFc6n7RJXO2jw
https://crworkspace.s3.ap-south-1.amazonaws.com/crdhs/private/2024/11/21/recording.mp3,--CsMlwV1w_m0om101_Z1w
https://crworkspace.s3.ap-south-1.amazonaws.com/crdhs/private/2024/11/21/recording.mp3,--CsMlwV1w_m0om101_Z1w
https://crworkspace.s3.ap-south-1.amazonaws.com/crdhs/private/2024/11/6/recording.mp3,--HarojsWojLTjUTow1RHA
https://crworkspace.s3.ap-south-1.amazonaws.com/crdhs/private/2024/9/21/recording6087567645590298308.mp3,AkY0keH1EQDD2LVrzAq0Hw
https://crworkspace.s3.ap-south-1.amazonaws.com/crdhs/private/2024/9/21/recording10070452368777836692.mp3,MIYbjdssFDAzDQQG7PBCfA
https://crworkspace.s3.ap-south-1.amazonaws.com/crdhs/private/2024/9/24/recording5552274869815963700.mp3,hlkQFWJO7_-VvbUl6KubkQ
https://crworkspace.s3.ap-south-1.amazonaws.com/crdhs/private/2024/9/24/recording8012691299721081675.mp3,D-YaP1_jwsdIafgXpTnE7Q
https://crworkspace.s3.ap-south-1.amazonaws.com/crdhs/private/2024/9/20/recording12024294735660276160.mp3,EN3CVEABG3rqruI0eysjlg
https://crworkspace.s3.ap-south-1.amazonaws.com/crdhs/private/2024/9/21/recording1938864583592164501.mp3,-WZSE6o5hkAuamoYLJTW2w
https://crworkspace.s3.ap-south-1.amazonaws.com/crdhs/private/2024/10/6/recording3923940854651050360.mp3,aRWsKuMLKRVuifLHNAa4zg
https://crworkspace.s3.ap-south-1.amazonaws.com/crdhs/private/2024/11/21/recording.mp3,--CsMlwV1w_m0om101_Z1w
https://crworkspace.s3.ap-south-1.amazonaws.com/crdhs/private/2024/9/21/recording16542717876424596146.mp3,fyKnyGxJArd7lEYCuZG82Q
https://crworkspace.s3.ap-south-1.amazonaws.com/crdhs/private/2024/11/26/recording.mp3,-8AhiNg6tiGz8N7jiEqUFA
https://crworkspace.s3.ap-south-1.amazonaws.com/crdhs/private/2024/9/21/recording246178457397803352.mp3,0mMBBMZroxg_lUr0Limjtg
https://crworkspace.s3.ap-south-1.amazonaws.com/crdhs/private/2024/11/6/recording.mp3,--HarojsWojLTjUTow1RHA
https://crworkspace.s3.ap-south-1.amazonaws.com/crdhs/private/2024/9/21/recording805479308781887422.mp3,SLt68SJNWnvpW9UiPmEjcw
https://crworkspace.s3.ap-south-1.amazonaws.com/crdhs/private/2024/9/21/recording2142526169982092142.mp3,-Sf9itrKTn_87uKtY1b-rw
https://crworkspace.s3.ap-south-1.amazonaws.com/crdhs/private/2024/11/26/recording.mp3,-8AhiNg6tiGz8N7jiEqUFA
https://crworkspace.s3.ap-south-1.amazonaws.com/crdhs/private/2024/10/6/recording13533981619630704492.mp3,jl6fpF_sdacr8uhF_RlZ8Q
https://crworkspace.s3.ap-south-1.amazonaws.com/crdhs/private/2024/11/6/recording.mp3,--HarojsWojLTjUTow1RHA
https://crworkspace.s3.ap-south-1.amazonaws.com/crdhs/private/2024/9/21/recording14598387538731549550.mp3,YPG-zR0HN6lcBBK1-X6Fpg
https://crworkspace.s3.ap-south-1.amazonaws.com/crdhs/private/2024/9/21/recording13173021295763993720.mp3,EBiyhmsNM_9YS7PGiLQb8A
https://crworkspace.s3.ap-south-1.amazonaws.com/crdhs/private/2024/11/26/recording.mp3,-8AhiNg6tiGz8N7jiEqUFA
https://crworkspace.s3.ap-south-1.amazonaws.com/crdhs/private/2024/10/5/recording7709674503396046703.mp3,Jhxbc3iigzejmW5H7vgwHQ
https://crworkspace.s3.ap-south-1.amazonaws.com/crdhs/private/2024/9/21/recording7222492264153731164.mp3,UTap4FViW55wdsCmJSrs4g
https://crworkspace.s3.ap-south-1.amazonaws.com/crdhs/private/2024/9/21/recording325696747012247472.mp3,_Cr9pCfVqnb_RgnuF615Pg
https://crworkspace.s3.ap-south-1.amazonaws.com/crdhs/private/2024/11/26/recording.mp3,-8AhiNg6tiGz8N7jiEqUFA
https://crworkspace.s3.ap-south-1.amazonaws.com/crdhs/private/2024/10/6/recording4187453866691981846.mp3,H-WlfIFPgjkCi_cBRYCmnQ
https://crworkspace.s3.ap-south-1.amazonaws.com/crdhs/private/2024/10/6/recording10497578387510807805.mp3,VBwleQ26usFVo7P-wjmYmQ
https://crworkspace.s3.ap-south-1.amazonaws.com/crdhs/private/2024/9/20/recording16100194495548936154.mp3,z8FjchTBQMfBWZQoCYx76Q
https://crworkspace.s3.ap-south-1.amazonaws.com/crdhs/private/2024/9/20/recording16477498441903861776.mp3,-JbicRbrPppLn4Mkzm2adA
https://crworkspace.s3.ap-south-1.amazonaws.com/crdhs/private/2024/9/20/recording9421677723351253943.mp3,tjOlPJMCLVevo5P2rnu1hw
https://crworkspace.s3.ap-south-1.amazonaws.com/crdhs/private/2024/11/26/recording.mp3,-8AhiNg6tiGz8N7jiEqUFA
https://crworkspace.s3.ap-south-1.amazonaws.com/crdhs/private/2024/11/26/recording.mp3,-8AhiNg6tiGz8N7jiEqUFA
https://crworkspace.s3.ap-south-1.amazonaws.com/crdhs/private/2024/11/21/recording.mp3,--CsMlwV1w_m0om101_Z1w
https://crworkspace.s3.ap-south-1.amazonaws.com/crdhs/private/2024/11/26/recording.mp3,-8AhiNg6tiGz8N7jiEqUFA
https://crworkspace.s3.ap-south-1.amazonaws.com/crdhs/private/2024/11/26/recording.mp3,-8AhiNg6tiGz8N7jiEqUFA
https://crworkspace.s3.ap-south-1.amazonaws.com/crdhs/private/2024/11/26/recording.mp3,-8AhiNg6tiGz8N7jiEqUFA
https://crworkspace.s3.ap-south-1.amazonaws.com/crdhs/private/2024/9/20/recording1021785671540062409.mp3,ceyq3SERJwf8MxSqlLPvcA
https://crworkspace.s3.ap-south-1.amazonaws.com/crdhs/private/2024/9/26/recording14209642848451954103.mp3,q5h6N-rv8ORv3jUuairv2A
https://crworkspace.s3.ap-south-1.amazonaws.com/crdhs/private/2024/11/26/recording.mp3,-8AhiNg6tiGz8N7jiEqUFA
https://crworkspace.s3.ap-south-1.amazonaws.com/crdhs/private/2024/9/21/recording10253371599327708740.mp3,kK1_2nPOKl4X7sZt7vDg3A
https://crworkspace.s3.ap-south-1.amazonaws.com/crdhs/private/2024/9/21/recording13422562400249743795.mp3,iYh57O_WTpeDqygIOYtdRg
https://crworkspace.s3.ap-south-1.amazonaws.com/crdhs/private/2024/9/23/recording12366647751166970267.mp3,YDUNKAmowj7A4CLinn2HRA
https://crworkspace.s3.ap-south-1.amazonaws.com/crdhs/private/2024/11/26/recording.mp3,-8AhiNg6tiGz8N7jiEqUFA
https://crworkspace.s3.ap-south-1.amazonaws.com/crdhs/private/2024/9/25/recording1164345345310001010.mp3,97oMYyveDDAVj4bt0CN5sA
https://crworkspace.s3.ap-south-1.amazonaws.com/crdhs/private/2024/9/24/recording13236709134389376356.mp3,6R5HYvLfQEOc6uhb3r9kOg
https://crworkspace.s3.ap-south-1.amazonaws.com/crdhs/private/2024/9/23/recording12898105355931138167.mp3,kkgJUVxFf-LU6t-M5cy3Jg
https://crworkspace.s3.ap-south-1.amazonaws.com/crdhs/private/2024/9/26/recording2983517116090299378.mp3,oZ49khqgDct9dIBNwK39Zw
https://crworkspace.s3.ap-south-1.amazonaws.com/crdhs/private/2024/10/6/recording15612732470196038942.mp3,QCCJTHU-royVKicq1B4Pkw
https://crworkspace.s3.ap-south-1.amazonaws.com/crdhs/private/2024/9/27/recording10910435271869181109.mp3,LJfm5sgp4-p4cj1ucbC_CA
https://crworkspace.s3.ap-south-1.amazonaws.com/crdhs/private/2024/9/20/recording13892906363506294590.mp3,Y0he2ZhAjEIUh9naLT7UBA
https://crworkspace.s3.ap-south-1.amazonaws.com/crdhs/private/2024/11/6/recording.mp3,--HarojsWojLTjUTow1RHA
https://crworkspace.s3.ap-south-1.amazonaws.com/crdhs/private/2024/11/26/recording.mp3,-8AhiNg6tiGz8N7jiEqUFA
https://crworkspace.s3.ap-south-1.amazonaws.com/crdhs/private/2024/11/26/recording.mp3,-8AhiNg6tiGz8N7jiEqUFA
https://crworkspace.s3.ap-south-1.amazonaws.com/crdhs/private/2024/9/23/recording14901008659329423925.mp3,siVtEHMdT5eKJmCWl-atIQ
https://crworkspace.s3.ap-south-1.amazonaws.com/crdhs/private/2024/11/26/recording.mp3,-8AhiNg6tiGz8N7jiEqUFA
https://crworkspace.s3.ap-south-1.amazonaws.com/crdhs/private/2024/11/26/recording.mp3,-8AhiNg6tiGz8N7jiEqUFA
https://crworkspace.s3.ap-south-1.amazonaws.com/crdhs/private/2024/9/24/recording5931305197301538845.mp3,2LqvWLzPyjfefgao8KPLjg
https://crworkspace.s3.ap-south-1.amazonaws.com/crdhs/private/2024/9/25/recording11281528940166111237.mp3,dDBwZDlIC0ImT5AxhjDAbQ
https://crworkspace.s3.ap-south-1.amazonaws.com/crdhs/private/2024/9/24/recording18014932689360673598.mp3,wkYRPz-uvYBVaJmZZ4ejyw
https://crworkspace.s3.ap-south-1.amazonaws.com/crdhs/private/2024/11/6/recording.mp3,--HarojsWojLTjUTow1RHA
https://crworkspace.s3.ap-south-1.amazonaws.com/crdhs/private/2024/11/26/recording.mp3,-8AhiNg6tiGz8N7jiEqUFA
https://crworkspace.s3.ap-south-1.amazonaws.com/crdhs/private/2024/9/23/recording10494344527021873131.mp3,9F6-UEFepUvh6f2bwFGMLg
https://crworkspace.s3.ap-south-1.amazonaws.com/crdhs/private/2024/11/21/recording.mp3,--CsMlwV1w_m0om101_Z1w
https://crworkspace.s3.ap-south-1.amazonaws.com/crdhs/private/2024/9/24/recording12953263724610084019.mp3,J0R55b9pIcYxyNQijFlroA
https://crworkspace.s3.ap-south-1.amazonaws.com/crdhs/private/2024/9/25/recording5870528320075259643.mp3,aEO8SfPNHiQUi5olZ5k-dg
https://crworkspace.s3.ap-south-1.amazonaws.com/crdhs/private/2024/11/26/recording.mp3,-8AhiNg6tiGz8N7jiEqUFA
https://crworkspace.s3.ap-south-1.amazonaws.com/crdhs/private/2024/9/20/recording3708239021901726527.mp3,WXeVGcoZQlTJZt_5TB4JNg
https://crworkspace.s3.ap-south-1.amazonaws.com/crdhs/private/2024/11/26/recording.mp3,-8AhiNg6tiGz8N7jiEqUFA
https://crworkspace.s3.ap-south-1.amazonaws.com/crdhs/private/2024/9/20/recording12195712641523377921.mp3,9Ny3R30U6mnv9Dxjxeh3kQ
https://crworkspace.s3.ap-south-1.amazonaws.com/crdhs/private/2024/9/20/recording779698385495376367.mp3,ANs9xtoiSFOWxI0QYWcAYQ
https://crworkspace.s3.ap-south-1.amazonaws.com/crdhs/private/2024/9/23/recording14362843778803504568.mp3,mjS8C5EBWwuWLgys6mxWSg
https://crworkspace.s3.ap-south-1.amazonaws.com/crdhs/private/2024/11/26/recording.mp3,-8AhiNg6tiGz8N7jiEqUFA
https://crworkspace.s3.ap-south-1.amazonaws.com/crdhs/private/2024/10/7/recording11053972786840000534.mp3,rELT00Y3oLrl4BdbC4UwQg
https://crworkspace.s3.ap-south-1.amazonaws.com/crdhs/private/2024/9/20/recording10967262380023990600.mp3,oRCYOrTXB92fbAXS-ZfVPg
https://crworkspace.s3.ap-south-1.amazonaws.com/crdhs/private/2024/11/6/recording.mp3,--HarojsWojLTjUTow1RHA
https://crworkspace.s3.ap-south-1.amazonaws.com/crdhs/private/2024/9/23/recording7458295772768866823.mp3,2ZtjErwQPi4NxWASTftTMw
https://crworkspace.s3.ap-south-1.amazonaws.com/crdhs/private/2024/11/26/recording.mp3,-8AhiNg6tiGz8N7jiEqUFA
https://crworkspace.s3.ap-south-1.amazonaws.com/crdhs/private/2024/9/20/recording6285321454418572674.mp3,thbU29Ji5I_xPLzyauCpWw
https://crworkspace.s3.ap-south-1.amazonaws.com/crdhs/private/2024/9/20/recording12762782866266186485.mp3,__OgdBIFFUy6xEXPG_RNIg
https://crworkspace.s3.ap-south-1.amazonaws.com/crdhs/private/2024/9/24/recording16351961369525467430.mp3,fvz-4JmjSa7Z78M-7PidmQ
https://crworkspace.s3.ap-south-1.amazonaws.com/crdhs/private/2024/11/21/recording.mp3,--CsMlwV1w_m0om101_Z1w
https://crworkspace.s3.ap-south-1.amazonaws.com/crdhs/private/2024/9/24/recording13769981833670648105.mp3,rZuArkTau__Y3Rtjdatnmg
https://crworkspace.s3.ap-south-1.amazonaws.com/crdhs/private/2024/9/26/recording11340483600819497397.mp3,9uaS8UX20lT-Kz9BUoGERw
https://crworkspace.s3.ap-south-1.amazonaws.com/crdhs/private/2024/11/26/recording.mp3,-8AhiNg6tiGz8N7jiEqUFA
https://crworkspace.s3.ap-south-1.amazonaws.com/crdhs/private/2024/11/26/recording.mp3,-8AhiNg6tiGz8N7jiEqUFA
https://crworkspace.s3.ap-south-1.amazonaws.com/crdhs/private/2024/9/24/recording11765271669166751240.mp3,zZJ61loHUEHMmz7RyG8SAg
https://crworkspace.s3.ap-south-1.amazonaws.com/crdhs/private/2024/11/6/recording.mp3,--HarojsWojLTjUTow1RHA
https://crworkspace.s3.ap-south-1.amazonaws.com/crdhs/private/2024/11/21/recording.mp3,--CsMlwV1w_m0om101_Z1w
https://crworkspace.s3.ap-south-1.amazonaws.com/crdhs/private/2024/9/23/recording17210673913095621546.mp3,wXR0VyFATVtWeBTmyv5GoA
https://crworkspace.s3.ap-south-1.amazonaws.com/crdhs/private/2024/10/7/recording11726787813029277191.mp3,asVv_AFWhbCjjnknUUWRvA
https://crworkspace.s3.ap-south-1.amazonaws.com/crdhs/private/2024/11/6/recording.mp3,--HarojsWojLTjUTow1RHA
https://crworkspace.s3.ap-south-1.amazonaws.com/crdhs/private/2024/9/24/recording2738460927777921666.mp3,e3jhulNmSJ7qrJXFD6Etgg
https://crworkspace.s3.ap-south-1.amazonaws.com/crdhs/private/2024/9/24/recording18002636611903068718.mp3,NvPz011yJLqM_jTX5YacEw
https://crworkspace.s3.ap-south-1.amazonaws.com/crdhs/private/2024/9/24/recording16151039526141724642.mp3,xS8NMb-rEkWZjKdqmvYX-w
https://crworkspace.s3.ap-south-1.amazonaws.com/crdhs/private/2024/11/6/recording.mp3,--HarojsWojLTjUTow1RHA
https://crworkspace.s3.ap-south-1.amazonaws.com/crdhs/private/2024/11/21/recording.mp3,--CsMlwV1w_m0om101_Z1w
https://crworkspace.s3.ap-south-1.amazonaws.com/crdhs/private/2024/9/27/recording10829573427489830929.mp3,_PqPhSTD0h0NclJH2HEjdg
https://crworkspace.s3.ap-south-1.amazonaws.com/crdhs/private/2024/11/26/recording.mp3,-8AhiNg6tiGz8N7jiEqUFA
https://crworkspace.s3.ap-south-1.amazonaws.com/crdhs/private/2024/9/23/recording14512269352815019999.mp3,M-iHFBpgen2csZZPVK7LJQ
https://crworkspace.s3.ap-south-1.amazonaws.com/crdhs/private/2024/9/23/recording11707227414304617564.mp3,psckqiXPY4OMHBhiQc40Kw
https://crworkspace.s3.ap-south-1.amazonaws.com/crdhs/private/2024/11/26/recording.mp3,-8AhiNg6tiGz8N7jiEqUFA
https://crworkspace.s3.ap-south-1.amazonaws.com/crdhs/private/2024/11/6/recording.mp3,--HarojsWojLTjUTow1RHA
https://crworkspace.s3.ap-south-1.amazonaws.com/crdhs/private/2024/11/6/recording.mp3,--HarojsWojLTjUTow1RHA
https://crworkspace.s3.ap-south-1.amazonaws.com/crdhs/private/2024/11/6/recording.mp3,--HarojsWojLTjUTow1RHA
https://crworkspace.s3.ap-south-1.amazonaws.com/crdhs/private/2024/11/26/recording.mp3,-8AhiNg6tiGz8N7jiEqUFA
https://crworkspace.s3.ap-south-1.amazonaws.com/crdhs/private/2024/11/26/recording.mp3,-8AhiNg6tiGz8N7jiEqUFA
https://crworkspace.s3.ap-south-1.amazonaws.com/crdhs/private/2024/9/24/recording2265640919109198011.mp3,VPemZfRFrho5aa4QQZktzQ
https://crworkspace.s3.ap-south-1.amazonaws.com/crdhs/private/2024/11/21/recording.mp3,--CsMlwV1w_m0om101_Z1w
https://crworkspace.s3.ap-south-1.amazonaws.com/crdhs/private/2024/11/26/recording.mp3,-8AhiNg6tiGz8N7jiEqUFA
https://crworkspace.s3.ap-south-1.amazonaws.com/crdhs/private/2024/11/26/recording.mp3,-8AhiNg6tiGz8N7jiEqUFA
https://crworkspace.s3.ap-south-1.amazonaws.com/crdhs/private/2024/11/6/recording.mp3,--HarojsWojLTjUTow1RHA
https://crworkspace.s3.ap-south-1.amazonaws.com/crdhs/private/2024/11/6/recording.mp3,--HarojsWojLTjUTow1RHA
https://crworkspace.s3.ap-south-1.amazonaws.com/crdhs/private/2024/11/6/recording.mp3,--HarojsWojLTjUTow1RHA
https://crworkspace.s3.ap-south-1.amazonaws.com/crdhs/private/2024/11/6/recording.mp3,--HarojsWojLTjUTow1RHA
https://crworkspace.s3.ap-south-1.amazonaws.com/crdhs/private/2024/11/6/recording.mp3,--HarojsWojLTjUTow1RHA
https://crworkspace.s3.ap-south-1.amazonaws.com/crdhs/private/2024/11/26/recording.mp3,-8AhiNg6tiGz8N7jiEqUFA
https://crworkspace.s3.ap-south-1.amazonaws.com/crdhs/private/2024/11/21/recording.mp3,--CsMlwV1w_m0om101_Z1w
https://crworkspace.s3.ap-south-1.amazonaws.com/crdhs/private/2024/9/26/recording14726044468211721926.mp3,cFKyw1-oX3IbS_YmT6vR6Q
https://crworkspace.s3.ap-south-1.amazonaws.com/crdhs/private/2024/11/6/recording.mp3,--HarojsWojLTjUTow1RHA
https://crworkspace.s3.ap-south-1.amazonaws.com/crdhs/private/2024/11/6/recording.mp3,--HarojsWojLTjUTow1RHA
https://crworkspace.s3.ap-south-1.amazonaws.com/crdhs/private/2024/10/7/recording11539675929100573099.mp3,2NYgPNJNbgbR-5jFvqfamg
https://crworkspace.s3.ap-south-1.amazonaws.com/crdhs/private/2024/11/21/recording.mp3,--CsMlwV1w_m0om101_Z1w
https://crworkspace.s3.ap-south-1.amazonaws.com/crdhs/private/2024/11/6/recording.mp3,--HarojsWojLTjUTow1RHA
https://crworkspace.s3.ap-south-1.amazonaws.com/crdhs/private/2024/11/6/recording.mp3,--HarojsWojLTjUTow1RHA
https://crworkspace.s3.ap-south-1.amazonaws.com/crdhs/private/2024/9/24/recording7263626888990183978.mp3,R3q41bI_3ZZlGSgG3rwCew
https://crworkspace.s3.ap-south-1.amazonaws.com/crdhs/private/2024/11/26/recording.mp3,-8AhiNg6tiGz8N7jiEqUFA
https://crworkspace.s3.ap-south-1.amazonaws.com/crdhs/private/2024/11/6/recording.mp3,--HarojsWojLTjUTow1RHA
https://crworkspace.s3.ap-south-1.amazonaws.com/crdhs/private/2024/11/6/recording.mp3,--HarojsWojLTjUTow1RHA
https://crworkspace.s3.ap-south-1.amazonaws.com/crdhs/private/2024/11/6/recording.mp3,--HarojsWojLTjUTow1RHA
https://crworkspace.s3.ap-south-1.amazonaws.com/crdhs/private/2024/11/21/recording.mp3,--CsMlwV1w_m0om101_Z1w
https://crworkspace.s3.ap-south-1.amazonaws.com/crdhs/private/2024/11/21/recording.mp3,--CsMlwV1w_m0om101_Z1w
https://crworkspace.s3.ap-south-1.amazonaws.com/crdhs/private/2024/11/26/recording.mp3,-8AhiNg6tiGz8N7jiEqUFA
https://crworkspace.s3.ap-south-1.amazonaws.com/crdhs/private/2024/11/26/recording.mp3,-8AhiNg6tiGz8N7jiEqUFA
https://crworkspace.s3.ap-south-1.amazonaws.com/crdhs/private/2024/11/26/recording.mp3,-8AhiNg6tiGz8N7jiEqUFA
https://crworkspace.s3.ap-south-1.amazonaws.com/crdhs/private/2024/11/26/recording.mp3,-8AhiNg6tiGz8N7jiEqUFA
https://crworkspace.s3.ap-south-1.amazonaws.com/crdhs/private/2024/9/20/recording5164512763484263517.mp3,vbNhFbfGzhkDN0cjCDlcxg
https://crworkspace.s3.ap-south-1.amazonaws.com/crdhs/private/2024/11/26/recording.mp3,-8AhiNg6tiGz8N7jiEqUFA
https://crworkspace.s3.ap-south-1.amazonaws.com/crdhs/private/2024/11/21/recording.mp3,--CsMlwV1w_m0om101_Z1w
https://crworkspace.s3.ap-south-1.amazonaws.com/crdhs/private/2024/9/23/recording3728764798177432620.mp3,-29ZC9q6d78QKMwAmnDgQw
https://crworkspace.s3.ap-south-1.amazonaws.com/crdhs/private/2024/9/20/recording7517427067960190420.mp3,3TqqXsykYdNRmnjScjE4wg
https://crworkspace.s3.ap-south-1.amazonaws.com/crdhs/private/2024/9/23/recording12335141903422090812.mp3,NKkVKMtOFVYOUzjC6gwqwA
https://crworkspace.s3.ap-south-1.amazonaws.com/crdhs/private/2024/9/23/recording4852321804135845178.mp3,WhQFaw0iAfZEP1o-iit_HA
https://crworkspace.s3.ap-south-1.amazonaws.com/crdhs/private/2024/9/24/recording7119486491931418207.mp3,Or53U9zkv3u3HCWeRkeJyw
https://crworkspace.s3.ap-south-1.amazonaws.com/crdhs/private/2024/9/23/recording7069167428153415352.mp3,RyK2kt4efkmec8nYZMXOpA
https://crworkspace.s3.ap-south-1.amazonaws.com/crdhs/private/2024/10/6/recording10004264084581830302.mp3,0meQ2YYvrYPfhocwOlE4HA
https://crworkspace.s3.ap-south-1.amazonaws.com/crdhs/private/2024/9/21/recording16292485108087454556.mp3,4rlUkIUYDjtfuKd4XI8_5w
https://crworkspace.s3.ap-south-1.amazonaws.com/crdhs/private/2024/11/6/recording.mp3,--HarojsWojLTjUTow1RHA
https://crworkspace.s3.ap-south-1.amazonaws.com/crdhs/private/2024/11/26/recording.mp3,-8AhiNg6tiGz8N7jiEqUFA
https://crworkspace.s3.ap-south-1.amazonaws.com/crdhs/private/2024/9/21/recording12239569832163292049.mp3,fMS9m6aJZw3sQ4BNPwY82A
https://crworkspace.s3.ap-south-1.amazonaws.com/crdhs/private/2024/9/24/recording9523077558584563259.mp3,6irutplSoQSSLkludyBYJA
https://crworkspace.s3.ap-south-1.amazonaws.com/crdhs/private/2024/11/21/recording.mp3,--CsMlwV1w_m0om101_Z1w
https://crworkspace.s3.ap-south-1.amazonaws.com/crdhs/private/2024/11/21/recording.mp3,--CsMlwV1w_m0om101_Z1w
https://crworkspace.s3.ap-south-1.amazonaws.com/crdhs/private/2024/9/23/recording217605771553118715.mp3,7tkTz8EaNZq4tMdUA583HA
https://crworkspace.s3.ap-south-1.amazonaws.com/crdhs/private/2024/11/6/recording.mp3,--HarojsWojLTjUTow1RHA
https://crworkspace.s3.ap-south-1.amazonaws.com/crdhs/private/2024/9/20/recording1918289266380739900.mp3,OHME3WbxYGjoyLmIgp3alQ
https://crworkspace.s3.ap-south-1.amazonaws.com/crdhs/private/2024/9/27/recording15531206466867570212.mp3,2sDfYbGNhNn8DOSULKKkJQ
https://crworkspace.s3.ap-south-1.amazonaws.com/crdhs/private/2024/9/21/recording9668798684943402977.mp3,fG7Zv8CKQEIuRkL6ad-Xeg
https://crworkspace.s3.ap-south-1.amazonaws.com/crdhs/private/2024/9/21/recording12973132064643071466.mp3,7pesPbFVuwyZKb_VehRL_g
https://crworkspace.s3.ap-south-1.amazonaws.com/crdhs/private/2024/9/20/recording3138085009610167752.mp3,gfnIrXq-rhuOKYyZQ3WdsA
https://crworkspace.s3.ap-south-1.amazonaws.com/crdhs/private/2024/9/20/recording9493160267510744360.mp3,ZRbH73iyS-TSDkYroA4igA
https://crworkspace.s3.ap-south-1.amazonaws.com/crdhs/private/2024/9/24/recording16187952354024491737.mp3,FTZ4k1IjqMLDePq8hfNRgA
https://crworkspace.s3.ap-south-1.amazonaws.com/crdhs/private/2024/11/6/recording.mp3,--HarojsWojLTjUTow1RHA
https://crworkspace.s3.ap-south-1.amazonaws.com/crdhs/private/2024/11/6/recording.mp3,--HarojsWojLTjUTow1RHA
https://crworkspace.s3.ap-south-1.amazonaws.com/crdhs/private/2024/9/20/recording10976006813074636118.mp3,GBXldNv5OFICdji-7UZFUw
https://crworkspace.s3.ap-south-1.amazonaws.com/crdhs/private/2024/9/21/recording7815039068770134036.mp3,9b54DdLkdLridx1l_3Celg
https://crworkspace.s3.ap-south-1.amazonaws.com/crdhs/private/2024/9/21/recording12958239699696845022.mp3,JtVhEBSwlxwnIktL-RUCoA
https://crworkspace.s3.ap-south-1.amazonaws.com/crdhs/private/2024/9/23/recording18193873122504649293.mp3,hgfOGo9R8KiLaovaslR2wQ
https://crworkspace.s3.ap-south-1.amazonaws.com/crdhs/private/2024/9/23/recording11818160072690764906.mp3,06rMNXFJPNJshSuTriz-yQ
https://crworkspace.s3.ap-south-1.amazonaws.com/crdhs/private/2024/9/21/recording2271676078665983914.mp3,MOegGMbBEaKf8TPuXR5dTQ
https://crworkspace.s3.ap-south-1.amazonaws.com/crdhs/private/2024/9/23/recording2794857383997206501.mp3,J8qx-fdAvV9ftHTbNTTAnQ
https://crworkspace.s3.ap-south-1.amazonaws.com/crdhs/private/2024/9/28/recording2856638184521692876.mp3,i_IVXuypD-qsnhvE3XeDMA
https://crworkspace.s3.ap-south-1.amazonaws.com/crdhs/private/2024/9/23/recording8498415988789680708.mp3,nbzejrYMAPC1uc7YoD0MQw
https://crworkspace.s3.ap-south-1.amazonaws.com/crdhs/private/2024/9/20/recording4651032439618587177.mp3,Ofi8iNIM6duOpR3QQcTq5Q
https://crworkspace.s3.ap-south-1.amazonaws.com/crdhs/private/2024/9/24/recording15289667833921430428.mp3,h-ujTppoiwTZNgHrWPD8vg
https://crworkspace.s3.ap-south-1.amazonaws.com/crdhs/private/2024/9/20/recording5707117909205479922.mp3,NK2EVTcFAwjioL-GURxJNw
https://crworkspace.s3.ap-south-1.amazonaws.com/crdhs/private/2024/11/26/recording.mp3,-8AhiNg6tiGz8N7jiEqUFA
https://crworkspace.s3.ap-south-1.amazonaws.com/crdhs/private/2024/9/20/recording8813566561942274718.mp3,VUG5SBbR34i80vXQ6kdVnQ
https://crworkspace.s3.ap-south-1.amazonaws.com/crdhs/private/2024/9/26/recording14901556249703489117.mp3,aqNYzJIw-stTORAP8CGyjw
https://crworkspace.s3.ap-south-1.amazonaws.com/crdhs/private/2024/9/21/recording5703435389524735099.mp3,LLYMlPp3QMKZy1QRVdWfUQ
https://crworkspace.s3.ap-south-1.amazonaws.com/crdhs/private/2024/9/23/recording9761481914153612235.mp3,9tbk4QA8xyeXatkmYkb7qA
https://crworkspace.s3.ap-south-1.amazonaws.com/crdhs/private/2024/9/23/recording11636442883745562700.mp3,zRlt6G_6LSjOxjwZCJyflw
https://crworkspace.s3.ap-south-1.amazonaws.com/crdhs/private/2024/9/23/recording14928551327536458499.mp3,YbPdqdkFv4dL0l3WvzMyTA
https://crworkspace.s3.ap-south-1.amazonaws.com/crdhs/private/2024/9/24/recording14966679613406346818.mp3,X1TMY0ul6zkVrSoOYw-cUw
https://crworkspace.s3.ap-south-1.amazonaws.com/crdhs/private/2024/9/23/recording4008572288899970161.mp3,thZmn5f0a3z6aw3wNYyswA
https://crworkspace.s3.ap-south-1.amazonaws.com/crdhs/private/2024/9/20/recording7336190775447272836.mp3,A_l5-iIM7P88_iqvm5SFog
https://crworkspace.s3.ap-south-1.amazonaws.com/crdhs/private/2024/9/23/recording4346394110275569427.mp3,HYdYTzmk7QmhprYqeQP50w
https://crworkspace.s3.ap-south-1.amazonaws.com/crdhs/private/2024/9/20/recording2292141161544244783.mp3,A2nyxIa4tE9dNJ7X39XOZg
https://crworkspace.s3.ap-south-1.amazonaws.com/crdhs/private/2024/9/21/recording8957157976072660053.mp3,djziIQE_hP4cxyF_A3ilvg
https://crworkspace.s3.ap-south-1.amazonaws.com/crdhs/private/2024/9/20/recording13974840647767062347.mp3,Rh_-C5FlYjZkZC23gNTeKA
https://crworkspace.s3.ap-south-1.amazonaws.com/crdhs/private/2024/9/23/recording2655254924944391505.mp3,s2ghXl9E4KLtrVkcfoh8Lw
https://crworkspace.s3.ap-south-1.amazonaws.com/crdhs/private/2024/9/20/recording10918479690198769297.mp3,qOyzBviRyyhwdM_ceeqXfA
https://crworkspace.s3.ap-south-1.amazonaws.com/crdhs/private/2024/9/23/recording14702884393789925719.mp3,9aYbVmlMoiHHWmARZTbBDg
https://crworkspace.s3.ap-south-1.amazonaws.com/crdhs/private/2024/9/24/recording11813648986913796206.mp3,pJn3x44vCUS8uFYBWiUCgA
https://crworkspace.s3.ap-south-1.amazonaws.com/crdhs/private/2024/9/23/recording2377567432633456556.mp3,CPlN2OwqlWg9wRSb69K0xg
https://crworkspace.s3.ap-south-1.amazonaws.com/crdhs/private/2024/9/23/recording16750721077495891571.mp3,hGDKTsO7AafDMOwPXEXPlw
https://crworkspace.s3.ap-south-1.amazonaws.com/crdhs/private/2024/9/23/recording9173701875384393316.mp3,9sMBtvFWrGaMJv8vqZYmfg
https://crworkspace.s3.ap-south-1.amazonaws.com/crdhs/private/2024/9/23/recording11518024298834308002.mp3,MQqP0sCDCbrEmQgJxKUFPQ
https://crworkspace.s3.ap-south-1.amazonaws.com/crdhs/private/2024/9/23/recording17464689373860425986.mp3,04NIBx9_zcd50NmKhrvpTQ
https://crworkspace.s3.ap-south-1.amazonaws.com/crdhs/private/2024/9/21/recording11627388356651467314.mp3,54YKjsAPJYykYZl9JSI2uw
https://crworkspace.s3.ap-south-1.amazonaws.com/crdhs/private/2024/9/20/recording3586063407429496395.mp3,KQuiXAxFoLjXRG9OUC-trg
https://crworkspace.s3.ap-south-1.amazonaws.com/crdhs/private/2024/9/20/recording12050745382637861935.mp3,2t-Ym9AiKx74bSrS7yXumw
https://crworkspace.s3.ap-south-1.amazonaws.com/crdhs/private/2024/11/21/recording.mp3,--CsMlwV1w_m0om101_Z1w
https://crworkspace.s3.ap-south-1.amazonaws.com/crdhs/private/2024/9/27/recording9042897803395358368.mp3,g9DClbf5f3Ko1nAU4rb8Qw
https://crworkspace.s3.ap-south-1.amazonaws.com/crdhs/private/2024/9/24/recording402330219258175007.mp3,ka8uTpsQwx7jz-otMJW0mg
https://crworkspace.s3.ap-south-1.amazonaws.com/crdhs/private/2024/11/26/recording.mp3,-8AhiNg6tiGz8N7jiEqUFA
https://crworkspace.s3.ap-south-1.amazonaws.com/crdhs/private/2024/11/26/recording.mp3,-8AhiNg6tiGz8N7jiEqUFA
https://crworkspace.s3.ap-south-1.amazonaws.com/crdhs/private/2024/9/20/recording7171880455612540275.mp3,9ikbjS4vGzNJ6GNL214kqQ
https://crworkspace.s3.ap-south-1.amazonaws.com/crdhs/private/2024/9/20/recording10191903028145486732.mp3,36yuwy-6hmjnXfZe9t4gRQ
https://crworkspace.s3.ap-south-1.amazonaws.com/crdhs/private/2024/9/23/recording17897596501509075915.mp3,WQt1Gr9aaaV-fx2gGNaONA
https://crworkspace.s3.ap-south-1.amazonaws.com/crdhs/private/2024/11/21/recording.mp3,--CsMlwV1w_m0om101_Z1w
https://crworkspace.s3.ap-south-1.amazonaws.com/crdhs/private/2024/9/23/recording1502612388883873529.mp3,cYMhHuTLEqnV2JKJ68DxsA
https://crworkspace.s3.ap-south-1.amazonaws.com/crdhs/private/2024/11/6/recording.mp3,--HarojsWojLTjUTow1RHA
https://crworkspace.s3.ap-south-1.amazonaws.com/crdhs/private/2024/9/23/recording16119875359671670020.mp3,zgvl4tzI5JwNZKW-Nm-__g
https://crworkspace.s3.ap-south-1.amazonaws.com/crdhs/private/2024/11/21/recording.mp3,--CsMlwV1w_m0om101_Z1w
https://crworkspace.s3.ap-south-1.amazonaws.com/crdhs/private/2024/9/23/recording3973911548814957145.mp3,K1zjKdGdA_M-dHI26qcHfQ
https://crworkspace.s3.ap-south-1.amazonaws.com/crdhs/private/2024/9/23/recording18440088848739018360.mp3,FmS5bf3b9niWEJvqp4t9Sw
https://crworkspace.s3.ap-south-1.amazonaws.com/crdhs/private/2024/9/20/recording2033333799964499148.mp3,4We3ksrkbItm4vW6Nyi_qw
https://crworkspace.s3.ap-south-1.amazonaws.com/crdhs/private/2024/11/6/recording.mp3,--HarojsWojLTjUTow1RHA
https://crworkspace.s3.ap-south-1.amazonaws.com/crdhs/private/2024/11/26/recording.mp3,-8AhiNg6tiGz8N7jiEqUFA
https://crworkspace.s3.ap-south-1.amazonaws.com/crdhs/private/2024/9/27/recording4920930683886851717.mp3,AW-rJjqoBi2eS2tRVKQ4Lw
https://crworkspace.s3.ap-south-1.amazonaws.com/crdhs/private/2024/9/23/recording362325749579140336.mp3,ck2kBscz1aGR69FJLYPbwg
https://crworkspace.s3.ap-south-1.amazonaws.com/crdhs/private/2024/9/21/recording8063550933293718464.mp3,CqAxtW4vXkxB-SFkz20skg
https://crworkspace.s3.ap-south-1.amazonaws.com/crdhs/private/2024/9/20/recording6313315536646133180.mp3,fePWGzrzA9wHwCKCpZ_5Bw
https://crworkspace.s3.ap-south-1.amazonaws.com/crdhs/private/2024/9/23/recording994996565999046351.mp3,1I-L6BQaCA2yBPPpqhcUDw
https://crworkspace.s3.ap-south-1.amazonaws.com/crdhs/private/2024/9/21/recording3075230931945426333.mp3,4PrJ6jnlWE_70Wf1mt1ANQ
https://crworkspace.s3.ap-south-1.amazonaws.com/crdhs/private/2024/9/23/recording18087052013012432483.mp3,-vmBmIXza8vWIHY1cYQBTg
https://crworkspace.s3.ap-south-1.amazonaws.com/crdhs/private/2024/9/23/recording18397792482923103980.mp3,qklBpnpyfI7fuc2btPgtZA
https://crworkspace.s3.ap-south-1.amazonaws.com/crdhs/private/2024/9/23/recording1830066482004779908.mp3,0jlcAgBatszpZl-nbKzIAg
https://crworkspace.s3.ap-south-1.amazonaws.com/crdhs/private/2024/9/23/recording8001299594878586533.mp3,Ggu___aD95NHykq2IGMbbw
https://crworkspace.s3.ap-south-1.amazonaws.com/crdhs/private/2024/9/20/recording10990725417385369148.mp3,HTvS19KnOPJKlg-2Av6eGg
https://crworkspace.s3.ap-south-1.amazonaws.com/crdhs/private/2024/9/20/recording8570507447424872342.mp3,hwrCVVUAcSj9nmsXtP5kUA
https://crworkspace.s3.ap-south-1.amazonaws.com/crdhs/private/2024/9/25/recording12405319923419619193.mp3,3DCcVhfSKr82sYx0-b7IRg
https://crworkspace.s3.ap-south-1.amazonaws.com/crdhs/private/2024/9/23/recording10354164678789003126.mp3,x0crByupFaPQ16WHX_JtDg
https://crworkspace.s3.ap-south-1.amazonaws.com/crdhs/private/2024/9/20/recording1789321317893233003.mp3,V2PkMu_CEdH0VCMHAbF3iA
https://crworkspace.s3.ap-south-1.amazonaws.com/crdhs/private/2024/9/21/recording4675518187142108551.mp3,twAsLfpscr-nUpaVrbl0fQ
https://crworkspace.s3.ap-south-1.amazonaws.com/crdhs/private/2024/9/25/recording6416939390058423099.mp3,EZAqdVW5Vk7h1-h3wVdjQw
https://crworkspace.s3.ap-south-1.amazonaws.com/crdhs/private/2024/9/23/recording14410175860062555483.mp3,bs0qiFJWzW9H1C3u4yNkaQ
https://crworkspace.s3.ap-south-1.amazonaws.com/crdhs/private/2024/9/23/recording14079821218964422637.mp3,LTsluPNkZymVaZJUX2Tdgg
https://crworkspace.s3.ap-south-1.amazonaws.com/crdhs/private/2024/11/6/recording.mp3,--HarojsWojLTjUTow1RHA
https://crworkspace.s3.ap-south-1.amazonaws.com/crdhs/private/2024/11/21/recording.mp3,--CsMlwV1w_m0om101_Z1w
https://crworkspace.s3.ap-south-1.amazonaws.com/crdhs/private/2024/9/23/recording1859636264038531347.mp3,zKqNt4TCSe8rm_CRj7nDGg
https://crworkspace.s3.ap-south-1.amazonaws.com/crdhs/private/2024/11/21/recording.mp3,--CsMlwV1w_m0om101_Z1w
https://crworkspace.s3.ap-south-1.amazonaws.com/crdhs/private/2024/9/23/recording15995598464914018552.mp3,20_A3UqsZaSZHZ4jJ7gPuQ
https://crworkspace.s3.ap-south-1.amazonaws.com/crdhs/private/2024/11/21/recording.mp3,--CsMlwV1w_m0om101_Z1w
https://crworkspace.s3.ap-south-1.amazonaws.com/crdhs/private/2024/9/21/recording6234189807586839921.mp3,DtMWnkaWPkkP-HseDWYmfA
https://crworkspace.s3.ap-south-1.amazonaws.com/crdhs/private/2024/11/6/recording.mp3,--HarojsWojLTjUTow1RHA
https://crworkspace.s3.ap-south-1.amazonaws.com/crdhs/private/2024/9/20/recording15944948411108967137.mp3,faZLApU5qOlCG6qT8xpQKw
https://crworkspace.s3.ap-south-1.amazonaws.com/crdhs/private/2024/9/24/recording18312772557969276415.mp3,iawqT8Jg6XM3S289BSIeUw
https://crworkspace.s3.ap-south-1.amazonaws.com/crdhs/private/2024/9/23/recording16925222854876679149.mp3,B1m_xnqiBvfCx1zgwvgbHA
https://crworkspace.s3.ap-south-1.amazonaws.com/crdhs/private/2024/9/21/recording7068104935237391257.mp3,aZUYqZVimU1-fpUD6bHG8A
https://crworkspace.s3.ap-south-1.amazonaws.com/crdhs/private/2024/9/20/recording9950799053623528848.mp3,n2_O0Ax8y-XZK-JG63lnNg
https://crworkspace.s3.ap-south-1.amazonaws.com/crdhs/private/2024/10/6/recording4647244909837145653.mp3,8cCviOg7hpABMWVvE6U-pA
https://crworkspace.s3.ap-south-1.amazonaws.com/crdhs/private/2024/11/6/recording.mp3,--HarojsWojLTjUTow1RHA
https://crworkspace.s3.ap-south-1.amazonaws.com/crdhs/private/2024/11/26/recording.mp3,-8AhiNg6tiGz8N7jiEqUFA
https://crworkspace.s3.ap-south-1.amazonaws.com/crdhs/private/2024/9/23/recording14336079615664439800.mp3,0uifExNCe_cUoZaD334jdw
https://crworkspace.s3.ap-south-1.amazonaws.com/crdhs/private/2024/11/6/recording.mp3,--HarojsWojLTjUTow1RHA
https://crworkspace.s3.ap-south-1.amazonaws.com/crdhs/private/2024/11/6/recording.mp3,--HarojsWojLTjUTow1RHA
https://crworkspace.s3.ap-south-1.amazonaws.com/crdhs/private/2024/9/24/recording17335702416181548363.mp3,L6JwBc5UH_F9-zv5gmAeRg
https://crworkspace.s3.ap-south-1.amazonaws.com/crdhs/private/2024/10/7/recording8235358512202379266.mp3,1LGmfmM28Tzp_Qtl6O_Jfw
https://crworkspace.s3.ap-south-1.amazonaws.com/crdhs/private/2024/9/24/recording14792003853449590994.mp3,1XhmzfPrcnwRS9QYdJwdGg
https://crworkspace.s3.ap-south-1.amazonaws.com/crdhs/private/2024/11/6/recording.mp3,--HarojsWojLTjUTow1RHA
https://crworkspace.s3.ap-south-1.amazonaws.com/crdhs/private/2024/11/6/recording.mp3,--HarojsWojLTjUTow1RHA
https://crworkspace.s3.ap-south-1.amazonaws.com/crdhs/private/2024/9/26/recording240481539492307195.mp3,RCO-9okt64SEUqvea0R_rg
https://crworkspace.s3.ap-south-1.amazonaws.com/crdhs/private/2024/10/7/recording13930984412512713236.mp3,d-VwtW0BZm8MbCHp_svNJw
https://crworkspace.s3.ap-south-1.amazonaws.com/crdhs/private/2024/11/6/recording.mp3,--HarojsWojLTjUTow1RHA
https://crworkspace.s3.ap-south-1.amazonaws.com/crdhs/private/2024/11/6/recording.mp3,--HarojsWojLTjUTow1RHA
https://crworkspace.s3.ap-south-1.amazonaws.com/crdhs/private/2024/10/7/recording4694536927382194020.mp3,stxif3iVx9uEV9pyO1TfcQ
https://crworkspace.s3.ap-south-1.amazonaws.com/crdhs/private/2024/10/6/recording17744026838705499174.mp3,vid_tCNr7ZcpWHEChCJI7Q
https://crworkspace.s3.ap-south-1.amazonaws.com/crdhs/private/2024/11/21/recording.mp3,--CsMlwV1w_m0om101_Z1w
https://crworkspace.s3.ap-south-1.amazonaws.com/crdhs/private/2024/10/6/recording1350754542114853066.mp3,tOMzO160UAAjjC8psETy3g
https://crworkspace.s3.ap-south-1.amazonaws.com/crdhs/private/2024/9/26/recording13337825670122090492.mp3,pX9UDdsVAS45ny0SkRhpyw
https://crworkspace.s3.ap-south-1.amazonaws.com/crdhs/private/2024/9/27/recording2697003173424322539.mp3,l2aM__W7mnpPIe2-v65kkA
https://crworkspace.s3.ap-south-1.amazonaws.com/crdhs/private/2024/9/23/recording11242943176731834211.mp3,4XnXlY1Pwog_p4mpU5ZOLg
https://crworkspace.s3.ap-south-1.amazonaws.com/crdhs/private/2024/9/27/recording8447502134501969071.mp3,sqPopz3hJS8HC4bJiz1wng
https://crworkspace.s3.ap-south-1.amazonaws.com/crdhs/private/2024/9/23/recording8952524603616872914.mp3,y301dnWW_tyvnrU73yf8Vw
https://crworkspace.s3.ap-south-1.amazonaws.com/crdhs/private/2024/11/6/recording.mp3,--HarojsWojLTjUTow1RHA
https://crworkspace.s3.ap-south-1.amazonaws.com/crdhs/private/2024/11/6/recording.mp3,--HarojsWojLTjUTow1RHA
https://crworkspace.s3.ap-south-1.amazonaws.com/crdhs/private/2024/11/6/recording.mp3,--HarojsWojLTjUTow1RHA
https://crworkspace.s3.ap-south-1.amazonaws.com/crdhs/private/2024/9/24/recording1530783430019572497.mp3,DDHtXTEcpgBe2Z_Rd-ElRQ
https://crworkspace.s3.ap-south-1.amazonaws.com/crdhs/private/2024/9/26/recording14942805883231495245.mp3,QOMbP3PbXJAuOWKbsIntmw
https://crworkspace.s3.ap-south-1.amazonaws.com/crdhs/private/2024/9/23/recording6606021992024546219.mp3,7rJkbV6DRca-gVH99AOy3w
https://crworkspace.s3.ap-south-1.amazonaws.com/crdhs/private/2024/10/6/recording17784066373954715251.mp3,S7nhZk88Y14aR846_EKCPA
https://crworkspace.s3.ap-south-1.amazonaws.com/crdhs/private/2024/9/23/recording8874803095746261418.mp3,y4UKWitJ6-GAHSSYK6qFbg
https://crworkspace.s3.ap-south-1.amazonaws.com/crdhs/private/2024/11/6/recording.mp3,--HarojsWojLTjUTow1RHA
https://crworkspace.s3.ap-south-1.amazonaws.com/crdhs/private/2024/9/25/recording12438310777375447371.mp3,5spicbQ4dxbMnhKCYV-h_A
https://crworkspace.s3.ap-south-1.amazonaws.com/crdhs/private/2024/9/26/recording221676076661340550.mp3,c_sNtMUxNj1Qpdm09sRDeA
https://crworkspace.s3.ap-south-1.amazonaws.com/crdhs/private/2024/9/26/recording8888913434878894162.mp3,8L_s6ms5HYjayX2-YbXLVQ
https://crworkspace.s3.ap-south-1.amazonaws.com/crdhs/private/2024/9/23/recording15309324067638583387.mp3,1EVgrq6A5oZb4If9iDkDfQ
https://crworkspace.s3.ap-south-1.amazonaws.com/crdhs/private/2024/9/25/recording15513131756290872284.mp3,DERi-l5TJ_MHC-oh2vKY4w
https://crworkspace.s3.ap-south-1.amazonaws.com/crdhs/private/2024/9/21/recording14452219034288572792.mp3,fGD3ESsunT-NPxx6CnayVA
https://crworkspace.s3.ap-south-1.amazonaws.com/crdhs/private/2024/9/23/recording17396318981600814043.mp3,y-gQO1qJ-CF2-Tb_IcCQ_A
https://crworkspace.s3.ap-south-1.amazonaws.com/crdhs/private/2024/9/23/recording2331647248387905074.mp3,VThran8aA8EsgLOUhPsqtw
https://crworkspace.s3.ap-south-1.amazonaws.com/crdhs/private/2024/9/20/recording9570456139081408573.mp3,N9QS_1TG9E-snWU7gAHLuQ
https://crworkspace.s3.ap-south-1.amazonaws.com/crdhs/private/2024/9/20/recording15357961400964597713.mp3,o4yjAs9sd3ykxayD_25dDA
https://crworkspace.s3.ap-south-1.amazonaws.com/crdhs/private/2024/9/20/recording9145350372478728926.mp3,KAmRiBZ2jLqW7Gti7FJzkQ
https://crworkspace.s3.ap-south-1.amazonaws.com/crdhs/private/2024/9/21/recording16917261697229885425.mp3,IcNPz8cJUW8A6RFZV26KvQ
https://crworkspace.s3.ap-south-1.amazonaws.com/crdhs/private/2024/9/26/recording6119353676261324486.mp3,nQc67Vw5uFr_90NhI1EUEg
https://crworkspace.s3.ap-south-1.amazonaws.com/crdhs/private/2024/9/26/recording11954756107262131464.mp3,MQsrAB3QECLoy8B7M7JzXw
https://crworkspace.s3.ap-south-1.amazonaws.com/crdhs/private/2024/9/21/recording686436399086685375.mp3,5y8zCzXYSK-BmmYUlxPXeQ
https://crworkspace.s3.ap-south-1.amazonaws.com/crdhs/private/2024/9/24/recording18397113286477529145.mp3,YCHnR6XLKRjAHYcCipFkvA
https://crworkspace.s3.ap-south-1.amazonaws.com/crdhs/private/2024/9/20/recording17496348911653308151.mp3,0VJ_h5B3RpUU1gN3lxTtBw
https://crworkspace.s3.ap-south-1.amazonaws.com/crdhs/private/2024/9/21/recording1815674474470276366.mp3,Fog0McH1Euha7cgq43Z0ag
https://crworkspace.s3.ap-south-1.amazonaws.com/crdhs/private/2024/9/24/recording6050469220259204768.mp3,f0UC_a9FbZPvW8tblqOgxA
https://crworkspace.s3.ap-south-1.amazonaws.com/crdhs/private/2024/9/20/recording6200178948540566333.mp3,x8HrVQQ-qpkkGPiuzQVpUQ
https://crworkspace.s3.ap-south-1.amazonaws.com/crdhs/private/2024/9/26/recording10215875013416384677.mp3,D9SSbgkwqFv4FAIeX-GYJQ
https://crworkspace.s3.ap-south-1.amazonaws.com/crdhs/private/2024/9/21/recording9936779368104189830.mp3,wIUAQgjh7UCKxiZT1mO8Rw
https://crworkspace.s3.ap-south-1.amazonaws.com/crdhs/private/2024/9/20/recording4934330256370155464.mp3,ZwkfMvlD_pCrgxC7te8q9A
https://crworkspace.s3.ap-south-1.amazonaws.com/crdhs/private/2024/9/20/recording13437372879320629522.mp3,-mI91dtpe1eFFAaNf4x4xg
https://crworkspace.s3.ap-south-1.amazonaws.com/crdhs/private/2024/9/23/recording16746298761851505096.mp3,o5a186R0cGXYDO0_OZ64Gg
https://crworkspace.s3.ap-south-1.amazonaws.com/crdhs/private/2024/9/20/recording3682028432207606250.mp3,bCzks1YaD_39HKVr155ENQ
https://crworkspace.s3.ap-south-1.amazonaws.com/crdhs/private/2024/9/20/recording10102100153454661259.mp3,ukrpqvzlheVpBmNSBhRGmg
https://crworkspace.s3.ap-south-1.amazonaws.com/crdhs/private/2024/11/26/recording.mp3,-8AhiNg6tiGz8N7jiEqUFA
https://crworkspace.s3.ap-south-1.amazonaws.com/crdhs/private/2024/9/23/recording16552071158275030572.mp3,jkSflQY2PzesaHxgJipVNg
https://crworkspace.s3.ap-south-1.amazonaws.com/crdhs/private/2024/11/6/recording.mp3,--HarojsWojLTjUTow1RHA
https://crworkspace.s3.ap-south-1.amazonaws.com/crdhs/private/2024/9/21/recording715744862362470278.mp3,OOmDCosMa4Z73Dy5rOkx4g
https://crworkspace.s3.ap-south-1.amazonaws.com/crdhs/private/2024/11/26/recording.mp3,-8AhiNg6tiGz8N7jiEqUFA
https://crworkspace.s3.ap-south-1.amazonaws.com/crdhs/private/2024/9/21/recording17580514245261320300.mp3,1nL6NlJm9QIjb3rz9cmFNA
https://crworkspace.s3.ap-south-1.amazonaws.com/crdhs/private/2024/9/23/recording13994193099824159019.mp3,Ec2LDIthI_xUgGtPnVwdPw
https://crworkspace.s3.ap-south-1.amazonaws.com/crdhs/private/2024/9/24/recording3911832162031042073.mp3,X_9oyE0QtM2GjIcunf8aYA
https://crworkspace.s3.ap-south-1.amazonaws.com/crdhs/private/2024/9/23/recording12730087059950552304.mp3,Lag5tP_fSpse8PVKxHNzGg
https://crworkspace.s3.ap-south-1.amazonaws.com/crdhs/private/2024/9/21/recording15710802060712445032.mp3,9veuliRqys4StM6SDz91zQ
https://crworkspace.s3.ap-south-1.amazonaws.com/crdhs/private/2024/10/6/recording13843380185080015288.mp3,0GArR0yrVDnRPCCRM3hf5A
https://crworkspace.s3.ap-south-1.amazonaws.com/crdhs/private/2024/11/21/recording.mp3,--CsMlwV1w_m0om101_Z1w
https://crworkspace.s3.ap-south-1.amazonaws.com/crdhs/private/2024/9/23/recording3288902617114187859.mp3,4lzRxzcxiJ-98xAGVp_0VA
https://crworkspace.s3.ap-south-1.amazonaws.com/crdhs/private/2024/9/20/recording1366021849958562300.mp3,sSEsBJknNf5tZEHxPn7C4A
https://crworkspace.s3.ap-south-1.amazonaws.com/crdhs/private/2024/11/26/recording.mp3,-8AhiNg6tiGz8N7jiEqUFA
https://crworkspace.s3.ap-south-1.amazonaws.com/crdhs/private/2024/9/25/recording6402983249599696364.mp3,QNv3mQE0oOmQH7_5vHL5sg
https://crworkspace.s3.ap-south-1.amazonaws.com/crdhs/private/2024/9/23/recording1600737040486790624.mp3,RydQgK9PYIhyWgz2avWNGQ
https://crworkspace.s3.ap-south-1.amazonaws.com/crdhs/private/2024/9/23/recording3132281173832159488.mp3,k69Zn5ZZhnhViXV23d-5Fw
https://crworkspace.s3.ap-south-1.amazonaws.com/crdhs/private/2024/11/6/recording.mp3,--HarojsWojLTjUTow1RHA
https://crworkspace.s3.ap-south-1.amazonaws.com/crdhs/private/2024/11/21/recording.mp3,--CsMlwV1w_m0om101_Z1w
https://crworkspace.s3.ap-south-1.amazonaws.com/crdhs/private/2024/9/23/recording14550086810633384311.mp3,9p0NwgnD9BdSYW15dVawvA
https://crworkspace.s3.ap-south-1.amazonaws.com/crdhs/private/2024/9/27/recording9965392876664821296.mp3,MoD-SxriKevh68Rxphxy_Q
https://crworkspace.s3.ap-south-1.amazonaws.com/crdhs/private/2024/11/26/recording.mp3,-8AhiNg6tiGz8N7jiEqUFA
https://crworkspace.s3.ap-south-1.amazonaws.com/crdhs/private/2024/11/21/recording.mp3,--CsMlwV1w_m0om101_Z1w
https://crworkspace.s3.ap-south-1.amazonaws.com/crdhs/private/2024/11/6/recording.mp3,--HarojsWojLTjUTow1RHA
https://crworkspace.s3.ap-south-1.amazonaws.com/crdhs/private/2024/10/6/recording2709648517535589815.mp3,Xaf8OSiibYsNUWUsjMaqiQ
https://crworkspace.s3.ap-south-1.amazonaws.com/crdhs/private/2024/11/26/recording.mp3,-8AhiNg6tiGz8N7jiEqUFA
https://crworkspace.s3.ap-south-1.amazonaws.com/crdhs/private/2024/11/26/recording.mp3,-8AhiNg6tiGz8N7jiEqUFA
https://crworkspace.s3.ap-south-1.amazonaws.com/crdhs/private/2024/11/21/recording.mp3,--CsMlwV1w_m0om101_Z1w
https://crworkspace.s3.ap-south-1.amazonaws.com/crdhs/private/2024/11/21/recording.mp3,--CsMlwV1w_m0om101_Z1w
https://crworkspace.s3.ap-south-1.amazonaws.com/crdhs/private/2024/11/6/recording.mp3,--HarojsWojLTjUTow1RHA
https://crworkspace.s3.ap-south-1.amazonaws.com/crdhs/private/2024/11/6/recording.mp3,--HarojsWojLTjUTow1RHA
https://crworkspace.s3.ap-south-1.amazonaws.com/crdhs/private/2024/9/24/recording17167910735507219169.mp3,oa-p6RbKjxUSjN4q_nyRRg
https://crworkspace.s3.ap-south-1.amazonaws.com/crdhs/private/2024/11/6/recording.mp3,--HarojsWojLTjUTow1RHA
https://crworkspace.s3.ap-south-1.amazonaws.com/crdhs/private/2024/9/25/recording10416341920220214901.mp3,72R_FMqMdqu1T7B0dXRbYg
https://crworkspace.s3.ap-south-1.amazonaws.com/crdhs/private/2024/10/7/recording12387934750012053285.mp3,IPMe3Y_m_NJgVlG80J8-1A
https://crworkspace.s3.ap-south-1.amazonaws.com/crdhs/private/2024/9/27/recording13570461295411453641.mp3,MdGYl2TdMeoiTHz1k-wzsg
https://crworkspace.s3.ap-south-1.amazonaws.com/crdhs/private/2024/11/26/recording.mp3,-8AhiNg6tiGz8N7jiEqUFA
https://crworkspace.s3.ap-south-1.amazonaws.com/crdhs/private/2024/10/7/recording14384644730354480503.mp3,zhWfs-2tw4C3R5eYZE-Xxg
https://crworkspace.s3.ap-south-1.amazonaws.com/crdhs/private/2024/11/26/recording.mp3,-8AhiNg6tiGz8N7jiEqUFA
https://crworkspace.s3.ap-south-1.amazonaws.com/crdhs/private/2024/9/23/recording6003273566913788563.mp3,rDMryhWA7BFCOsu33BmF6g
https://crworkspace.s3.ap-south-1.amazonaws.com/crdhs/private/2024/11/6/recording.mp3,--HarojsWojLTjUTow1RHA
https://crworkspace.s3.ap-south-1.amazonaws.com/crdhs/private/2024/11/6/recording.mp3,--HarojsWojLTjUTow1RHA
https://crworkspace.s3.ap-south-1.amazonaws.com/crdhs/private/2024/9/20/recording2252258322963469574.mp3,JY_K8ua704bVRYQUwlQ4-w
https://crworkspace.s3.ap-south-1.amazonaws.com/crdhs/private/2024/9/26/recording7112638046283474352.mp3,BftfnD8tIufUL7LF2qHlXQ
https://crworkspace.s3.ap-south-1.amazonaws.com/crdhs/private/2024/10/6/recording11119323597985111549.mp3,h085IeRXO47_Lzo9qRUAuw
https://crworkspace.s3.ap-south-1.amazonaws.com/crdhs/private/2024/11/26/recording.mp3,-8AhiNg6tiGz8N7jiEqUFA
https://crworkspace.s3.ap-south-1.amazonaws.com/crdhs/private/2024/9/23/recording8096664825043703607.mp3,pQTrvPqmq_D3b63hiTnOWg
https://crworkspace.s3.ap-south-1.amazonaws.com/crdhs/private/2024/11/6/recording.mp3,--HarojsWojLTjUTow1RHA
https://crworkspace.s3.ap-south-1.amazonaws.com/crdhs/private/2024/11/26/recording.mp3,-8AhiNg6tiGz8N7jiEqUFA
https://crworkspace.s3.ap-south-1.amazonaws.com/crdhs/private/2024/9/25/recording61049212095453065.mp3,_MHVN56LTMzTXiz-UUZ-Mw
https://crworkspace.s3.ap-south-1.amazonaws.com/crdhs/private/2024/10/7/recording3863276112364362411.mp3,GHXrM0y_dyBIjLR_87kVtw
https://crworkspace.s3.ap-south-1.amazonaws.com/crdhs/private/2024/9/25/recording15096877716920190427.mp3,uQ98f06hGCTeF2xhPvI33w
https://crworkspace.s3.ap-south-1.amazonaws.com/crdhs/private/2024/11/6/recording.mp3,--HarojsWojLTjUTow1RHA
https://crworkspace.s3.ap-south-1.amazonaws.com/crdhs/private/2024/10/6/recording12053391213264333361.mp3,YlYD_fWNQrKSXrL7hrZfjA
https://crworkspace.s3.ap-south-1.amazonaws.com/crdhs/private/2024/11/26/recording.mp3,-8AhiNg6tiGz8N7jiEqUFA
https://crworkspace.s3.ap-south-1.amazonaws.com/crdhs/private/2024/9/20/recording692040697604955850.mp3,xksKp-6i5eOA7G2MWAsFnw
https://crworkspace.s3.ap-south-1.amazonaws.com/crdhs/private/2024/9/26/recording6542494478910820942.mp3,d3NPTDBApDTzykdZvbIUzA
https://crworkspace.s3.ap-south-1.amazonaws.com/crdhs/private/2024/11/26/recording.mp3,-8AhiNg6tiGz8N7jiEqUFA
https://crworkspace.s3.ap-south-1.amazonaws.com/crdhs/private/2024/10/7/recording11761645323848762357.mp3,KJ3BREAj8NfvNIu-Z1sN-g
https://crworkspace.s3.ap-south-1.amazonaws.com/crdhs/private/2024/9/25/recording16372095053841531919.mp3,aClDNAf97qrKYIoXvaG8Sg
https://crworkspace.s3.ap-south-1.amazonaws.com/crdhs/private/2024/11/26/recording.mp3,-8AhiNg6tiGz8N7jiEqUFA
https://crworkspace.s3.ap-south-1.amazonaws.com/crdhs/private/2024/9/23/recording16280390790175743967.mp3,Hd5uKmVXdqkdzlzcBUopww
https://crworkspace.s3.ap-south-1.amazonaws.com/crdhs/private/2024/11/26/recording.mp3,-8AhiNg6tiGz8N7jiEqUFA
https://crworkspace.s3.ap-south-1.amazonaws.com/crdhs/private/2024/11/21/recording.mp3,--CsMlwV1w_m0om101_Z1w
https://crworkspace.s3.ap-south-1.amazonaws.com/crdhs/private/2024/9/21/recording17184918227166768315.mp3,LUSByrZ9C0o3aD2PG6HA9w
https://crworkspace.s3.ap-south-1.amazonaws.com/crdhs/private/2024/11/26/recording.mp3,-8AhiNg6tiGz8N7jiEqUFA
https://crworkspace.s3.ap-south-1.amazonaws.com/crdhs/private/2024/11/26/recording.mp3,-8AhiNg6tiGz8N7jiEqUFA
https://crworkspace.s3.ap-south-1.amazonaws.com/crdhs/private/2024/11/21/recording.mp3,--CsMlwV1w_m0om101_Z1w
https://crworkspace.s3.ap-south-1.amazonaws.com/crdhs/private/2024/11/6/recording.mp3,--HarojsWojLTjUTow1RHA
https://crworkspace.s3.ap-south-1.amazonaws.com/crdhs/private/2024/10/6/recording16584501036525126738.mp3,CEqAjpA7rUin9aPWfBJ2qQ
https://crworkspace.s3.ap-south-1.amazonaws.com/crdhs/private/2024/9/27/recording7980155997279559066.mp3,jaDpaiMh-NV-r2D9WOtQ1Q
https://crworkspace.s3.ap-south-1.amazonaws.com/crdhs/private/2024/9/20/recording603506087179224941.mp3,Kfiz3EC260EYKwvEYN4yzg
https://crworkspace.s3.ap-south-1.amazonaws.com/crdhs/private/2024/9/27/recording8514593400614689917.mp3,phD3m0hTVe65QOTV_49mqA
https://crworkspace.s3.ap-south-1.amazonaws.com/crdhs/private/2024/9/23/recording3227179895021634509.mp3,bZ9fSbaxVmWU9pb4n5XcZw
https://crworkspace.s3.ap-south-1.amazonaws.com/crdhs/private/2024/11/6/recording.mp3,--HarojsWojLTjUTow1RHA
https://crworkspace.s3.ap-south-1.amazonaws.com/crdhs/private/2024/11/21/recording.mp3,--CsMlwV1w_m0om101_Z1w
https://crworkspace.s3.ap-south-1.amazonaws.com/crdhs/private/2024/10/7/recording16172788196704535878.mp3,Qb6lWgawHPKzPHTeczAG2g
https://crworkspace.s3.ap-south-1.amazonaws.com/crdhs/private/2024/11/26/recording.mp3,-8AhiNg6tiGz8N7jiEqUFA
https://crworkspace.s3.ap-south-1.amazonaws.com/crdhs/private/2024/11/21/recording.mp3,--CsMlwV1w_m0om101_Z1w
https://crworkspace.s3.ap-south-1.amazonaws.com/crdhs/private/2024/9/23/recording1722385062633674870.mp3,gum1idqgtYjf0egE-yFQrA
https://crworkspace.s3.ap-south-1.amazonaws.com/crdhs/private/2024/11/21/recording.mp3,--CsMlwV1w_m0om101_Z1w
https://crworkspace.s3.ap-south-1.amazonaws.com/crdhs/private/2024/10/7/recording10420450906534847514.mp3,FUJ6KuqTQ-JE4ZS2EiqwYA
https://crworkspace.s3.ap-south-1.amazonaws.com/crdhs/private/2024/9/25/recording17085531760639322651.mp3,fsfTPfd8N7W1KVUCT_HbsQ
https://crworkspace.s3.ap-south-1.amazonaws.com/crdhs/private/2024/11/6/recording.mp3,--HarojsWojLTjUTow1RHA
https://crworkspace.s3.ap-south-1.amazonaws.com/crdhs/private/2024/11/26/recording.mp3,-8AhiNg6tiGz8N7jiEqUFA
https://crworkspace.s3.ap-south-1.amazonaws.com/crdhs/private/2024/9/27/recording5951079058413115952.mp3,kcbkS3J6UVyDFsnScQ198w
https://crworkspace.s3.ap-south-1.amazonaws.com/crdhs/private/2024/9/23/recording15541420355628068966.mp3,T3sd4_YpLMM8_OPPtN-LQw
https://crworkspace.s3.ap-south-1.amazonaws.com/crdhs/private/2024/11/6/recording.mp3,--HarojsWojLTjUTow1RHA
https://crworkspace.s3.ap-south-1.amazonaws.com/crdhs/private/2024/9/23/recording11517008321712513528.mp3,bq4yBvrfSSIlCMxP-EunEQ
https://crworkspace.s3.ap-south-1.amazonaws.com/crdhs/private/2024/10/7/recording667950227676930461.mp3,zb8bvI0Vl2X9WoUNZ38BWw
https://crworkspace.s3.ap-south-1.amazonaws.com/crdhs/private/2024/9/25/recording6161499381921713489.mp3,Fh0XhNsrGnibYloqu_0cLg
https://crworkspace.s3.ap-south-1.amazonaws.com/crdhs/private/2024/9/23/recording3029412933836471442.mp3,nJHGGONUJQrdTtDy51AcoA
https://crworkspace.s3.ap-south-1.amazonaws.com/crdhs/private/2024/11/6/recording.mp3,--HarojsWojLTjUTow1RHA
https://crworkspace.s3.ap-south-1.amazonaws.com/crdhs/private/2024/11/26/recording.mp3,-8AhiNg6tiGz8N7jiEqUFA
https://crworkspace.s3.ap-south-1.amazonaws.com/crdhs/private/2024/9/23/recording5534714822192921301.mp3,OZErpAzXiQbATjzLTOIA_Q
https://crworkspace.s3.ap-south-1.amazonaws.com/crdhs/private/2024/9/20/recording7291833131873929420.mp3,il-YkK4y37W1t4vC38Ja2g
https://crworkspace.s3.ap-south-1.amazonaws.com/crdhs/private/2024/11/6/recording.mp3,--HarojsWojLTjUTow1RHA
https://crworkspace.s3.ap-south-1.amazonaws.com/crdhs/private/2024/9/24/recording11610079899247817086.mp3,m_6Ns_pZBdeyaiAv90vc2g
https://crworkspace.s3.ap-south-1.amazonaws.com/crdhs/private/2024/11/26/recording.mp3,-8AhiNg6tiGz8N7jiEqUFA
https://crworkspace.s3.ap-south-1.amazonaws.com/crdhs/private/2024/10/6/recording5594338623373452094.mp3,2oE_uqIL1sRbJkOz9ZHnng
https://crworkspace.s3.ap-south-1.amazonaws.com/crdhs/private/2024/11/21/recording.mp3,--CsMlwV1w_m0om101_Z1w
https://crworkspace.s3.ap-south-1.amazonaws.com/crdhs/private/2024/9/26/recording6029092189616284016.mp3,2kEq7gghTeL5Y_2B6AhU0A
https://crworkspace.s3.ap-south-1.amazonaws.com/crdhs/private/2024/9/23/recording5202459401208701099.mp3,XPUSOun5YmQC9Dpd0ABCIQ
https://crworkspace.s3.ap-south-1.amazonaws.com/crdhs/private/2024/10/7/recording14089193628690030430.mp3,Ti_d9UmCk36nH3di57FRvA
https://crworkspace.s3.ap-south-1.amazonaws.com/crdhs/private/2024/10/7/recording9365160628181392635.mp3,UXD4nyAOXp6by7rx0VwXIA
https://crworkspace.s3.ap-south-1.amazonaws.com/crdhs/private/2024/10/7/recording8133813785214580469.mp3,Dxi8tLXBgInL33O3wEpPhg
https://crworkspace.s3.ap-south-1.amazonaws.com/crdhs/private/2024/11/6/recording.mp3,--HarojsWojLTjUTow1RHA
https://crworkspace.s3.ap-south-1.amazonaws.com/crdhs/private/2024/10/6/recording15063122005360303000.mp3,J92cnBoRrWmDRTaYJWAODQ
https://crworkspace.s3.ap-south-1.amazonaws.com/crdhs/private/2024/11/26/recording.mp3,-8AhiNg6tiGz8N7jiEqUFA
https://crworkspace.s3.ap-south-1.amazonaws.com/crdhs/private/2024/11/21/recording.mp3,--CsMlwV1w_m0om101_Z1w
https://crworkspace.s3.ap-south-1.amazonaws.com/crdhs/private/2024/11/21/recording.mp3,--CsMlwV1w_m0om101_Z1w
https://crworkspace.s3.ap-south-1.amazonaws.com/crdhs/private/2024/11/21/recording.mp3,--CsMlwV1w_m0om101_Z1w
https://crworkspace.s3.ap-south-1.amazonaws.com/crdhs/private/2024/11/26/recording.mp3,-8AhiNg6tiGz8N7jiEqUFA
https://crworkspace.s3.ap-south-1.amazonaws.com/crdhs/private/2024/11/21/recording.mp3,--CsMlwV1w_m0om101_Z1w
https://crworkspace.s3.ap-south-1.amazonaws.com/crdhs/private/2024/11/6/recording.mp3,--HarojsWojLTjUTow1RHA
https://crworkspace.s3.ap-south-1.amazonaws.com/crdhs/private/2024/11/6/recording.mp3,--HarojsWojLTjUTow1RHA
https://crworkspace.s3.ap-south-1.amazonaws.com/crdhs/private/2024/11/6/recording.mp3,--HarojsWojLTjUTow1RHA
https://crworkspace.s3.ap-south-1.amazonaws.com/crdhs/private/2024/9/27/recording17848258924831523549.mp3,yXh87-MN8XrGhkX1tWEpHw
https://crworkspace.s3.ap-south-1.amazonaws.com/crdhs/private/2024/11/6/recording.mp3,--HarojsWojLTjUTow1RHA
https://crworkspace.s3.ap-south-1.amazonaws.com/crdhs/private/2024/9/23/recording7596099218670442981.mp3,NEQDIouG3dzhHnUeE3OZow
https://crworkspace.s3.ap-south-1.amazonaws.com/crdhs/private/2024/9/20/recording2294972613534363930.mp3,YY55BX5QsgaPQ_5DUKebjg
https://crworkspace.s3.ap-south-1.amazonaws.com/crdhs/private/2024/9/24/recording14049305009591158207.mp3,fWEE17PYgQNwdcJaGRrTZw
https://crworkspace.s3.ap-south-1.amazonaws.com/crdhs/private/2024/11/21/recording.mp3,--CsMlwV1w_m0om101_Z1w
https://crworkspace.s3.ap-south-1.amazonaws.com/crdhs/private/2024/11/6/recording.mp3,--HarojsWojLTjUTow1RHA
https://crworkspace.s3.ap-south-1.amazonaws.com/crdhs/private/2024/11/6/recording.mp3,--HarojsWojLTjUTow1RHA
https://crworkspace.s3.ap-south-1.amazonaws.com/crdhs/private/2024/9/23/recording2306577203244386984.mp3,jps0J_t9Ze0SUn8fP1b7kQ
https://crworkspace.s3.ap-south-1.amazonaws.com/crdhs/private/2024/11/6/recording.mp3,--HarojsWojLTjUTow1RHA
https://crworkspace.s3.ap-south-1.amazonaws.com/crdhs/private/2024/9/24/recording6696866715377570339.mp3,9FPORreYNwdHHfZWrXMdqQ
https://crworkspace.s3.ap-south-1.amazonaws.com/crdhs/private/2024/9/20/recording322335303465213751.mp3,FoNky0xwOlZNqIua5u5R-A
https://crworkspace.s3.ap-south-1.amazonaws.com/crdhs/private/2024/11/6/recording.mp3,--HarojsWojLTjUTow1RHA
https://crworkspace.s3.ap-south-1.amazonaws.com/crdhs/private/2024/11/6/recording.mp3,--HarojsWojLTjUTow1RHA
https://crworkspace.s3.ap-south-1.amazonaws.com/crdhs/private/2024/9/23/recording2730516458896337122.mp3,odQ07VFHdg3_bSy2orHE1Q
https://crworkspace.s3.ap-south-1.amazonaws.com/crdhs/private/2024/9/23/recording1627924360778569519.mp3,uKMNtb3Uz8npOIb-U7GhrQ
https://crworkspace.s3.ap-south-1.amazonaws.com/crdhs/private/2024/11/6/recording.mp3,--HarojsWojLTjUTow1RHA
https://crworkspace.s3.ap-south-1.amazonaws.com/crdhs/private/2024/9/23/recording3617381814116901651.mp3,d8INPHdXJAnEuskF620ACA
https://crworkspace.s3.ap-south-1.amazonaws.com/crdhs/private/2024/10/7/recording15598841850210451865.mp3,txK3GZYSX7y8iYF52gNtBg
https://crworkspace.s3.ap-south-1.amazonaws.com/crdhs/private/2024/11/26/recording.mp3,-8AhiNg6tiGz8N7jiEqUFA
https://crworkspace.s3.ap-south-1.amazonaws.com/crdhs/private/2024/11/26/recording.mp3,-8AhiNg6tiGz8N7jiEqUFA
https://crworkspace.s3.ap-south-1.amazonaws.com/crdhs/private/2024/9/25/recording13957824633428252771.mp3,afA0Eov5MuImUu9M6mWDoQ
https://crworkspace.s3.ap-south-1.amazonaws.com/crdhs/private/2024/9/23/recording14423014301711284289.mp3,U016PU6Gg3TleQWKlsun4A
https://crworkspace.s3.ap-south-1.amazonaws.com/crdhs/private/2024/11/26/recording.mp3,-8AhiNg6tiGz8N7jiEqUFA
https://crworkspace.s3.ap-south-1.amazonaws.com/crdhs/private/2024/11/26/recording.mp3,-8AhiNg6tiGz8N7jiEqUFA
https://crworkspace.s3.ap-south-1.amazonaws.com/crdhs/private/2024/11/26/recording.mp3,-8AhiNg6tiGz8N7jiEqUFA
https://crworkspace.s3.ap-south-1.amazonaws.com/crdhs/private/2024/11/6/recording.mp3,--HarojsWojLTjUTow1RHA
https://crworkspace.s3.ap-south-1.amazonaws.com/crdhs/private/2024/9/20/recording11231107081477248122.mp3,_T4-WtlJuzcUTrQL8uPYSQ
https://crworkspace.s3.ap-south-1.amazonaws.com/crdhs/private/2024/9/24/recording3670182929533685928.mp3,ARn5R-7ynwIOzCbkP-UzAQ
https://crworkspace.s3.ap-south-1.amazonaws.com/crdhs/private/2024/9/23/recording8796160516792323837.mp3,KFQINEIJkqTnZIC1RMY-fA
https://crworkspace.s3.ap-south-1.amazonaws.com/crdhs/private/2024/10/7/recording8815050329625374468.mp3,MHDWaFXW1S3MIwVV9NcbjA
https://crworkspace.s3.ap-south-1.amazonaws.com/crdhs/private/2024/9/25/recording9580575430266468397.mp3,8Oyx4H_jq_GG8T_vcwBmfQ
https://crworkspace.s3.ap-south-1.amazonaws.com/crdhs/private/2024/11/26/recording.mp3,-8AhiNg6tiGz8N7jiEqUFA
https://crworkspace.s3.ap-south-1.amazonaws.com/crdhs/private/2024/11/26/recording.mp3,-8AhiNg6tiGz8N7jiEqUFA
https://crworkspace.s3.ap-south-1.amazonaws.com/crdhs/private/2024/11/6/recording.mp3,--HarojsWojLTjUTow1RHA
https://crworkspace.s3.ap-south-1.amazonaws.com/crdhs/private/2024/9/20/recording15809695575884030913.mp3,09y5pxljvvU1oMQuaALtpA
https://crworkspace.s3.ap-south-1.amazonaws.com/crdhs/private/2024/9/23/recording9113978215673466448.mp3,vcxshi7F3JrK-R-LElnUJA
https://crworkspace.s3.ap-south-1.amazonaws.com/crdhs/private/2024/9/20/recording18215008388930146297.mp3,ECa-LicIVUirHL85LCrSAw
https://crworkspace.s3.ap-south-1.amazonaws.com/crdhs/private/2024/9/23/recording2106127662653371134.mp3,2Q6rUn9c02FEWtp1kYbH0Q
https://crworkspace.s3.ap-south-1.amazonaws.com/crdhs/private/2024/10/6/recording6978519269866401594.mp3,7ovXbD0mM-9Y0pN4TWwwVA
https://crworkspace.s3.ap-south-1.amazonaws.com/crdhs/private/2024/11/21/recording.mp3,--CsMlwV1w_m0om101_Z1w
https://crworkspace.s3.ap-south-1.amazonaws.com/crdhs/private/2024/10/6/recording8896794554789476414.mp3,0Ow75gR16btJdBYBTj4F9A
https://crworkspace.s3.ap-south-1.amazonaws.com/crdhs/private/2024/9/23/recording12330732377770729080.mp3,EKDJgdm_OckjptnvfQGlWw
https://crworkspace.s3.ap-south-1.amazonaws.com/crdhs/private/2024/11/26/recording.mp3,-8AhiNg6tiGz8N7jiEqUFA
https://crworkspace.s3.ap-south-1.amazonaws.com/crdhs/private/2024/11/6/recording.mp3,--HarojsWojLTjUTow1RHA
https://crworkspace.s3.ap-south-1.amazonaws.com/crdhs/private/2024/10/6/recording8006902266684738368.mp3,vZwtdNC65bJct1N8W2w4ug
https://crworkspace.s3.ap-south-1.amazonaws.com/crdhs/private/2024/9/27/recording2965950880802846303.mp3,aGjBtnTjkTfzG87V4eKIDA
https://crworkspace.s3.ap-south-1.amazonaws.com/crdhs/private/2024/10/6/recording5611197530812939687.mp3,QbzIcjL50yxgggnO2AdQXQ
https://crworkspace.s3.ap-south-1.amazonaws.com/crdhs/private/2024/11/6/recording.mp3,--HarojsWojLTjUTow1RHA
https://crworkspace.s3.ap-south-1.amazonaws.com/crdhs/private/2024/11/21/recording.mp3,--CsMlwV1w_m0om101_Z1w
https://crworkspace.s3.ap-south-1.amazonaws.com/crdhs/private/2024/11/21/recording.mp3,--CsMlwV1w_m0om101_Z1w
https://crworkspace.s3.ap-south-1.amazonaws.com/crdhs/private/2024/9/23/recording4368717915790084816.mp3,uMohdlNbvsghaF0JaPIASA
https://crworkspace.s3.ap-south-1.amazonaws.com/crdhs/private/2024/9/21/recording8434012559884667306.mp3,s3_0xedHsUlrsUvm2aGVhw
https://crworkspace.s3.ap-south-1.amazonaws.com/crdhs/private/2024/9/21/recording15107323420820323420.mp3,HBgWYMH-aF3PWW9HGs8WJw
https://crworkspace.s3.ap-south-1.amazonaws.com/crdhs/private/2024/9/23/recording7240046418340318653.mp3,Ta_BLIyftHxByP4f6IXiYA
https://crworkspace.s3.ap-south-1.amazonaws.com/crdhs/private/2024/11/6/recording.mp3,--HarojsWojLTjUTow1RHA
https://crworkspace.s3.ap-south-1.amazonaws.com/crdhs/private/2024/9/21/recording9847402131128329284.mp3,y3bIlSLcSZLHGyLDqQRgsA
https://crworkspace.s3.ap-south-1.amazonaws.com/crdhs/private/2024/9/23/recording12989588442715070269.mp3,eEnihNFodgT8JcZwbew4_A
https://crworkspace.s3.ap-south-1.amazonaws.com/crdhs/private/2024/9/23/recording16848640303262754181.mp3,fLNBbUOj-oHaswwxbMmwPg
https://crworkspace.s3.ap-south-1.amazonaws.com/crdhs/private/2024/11/26/recording.mp3,-8AhiNg6tiGz8N7jiEqUFA
https://crworkspace.s3.ap-south-1.amazonaws.com/crdhs/private/2024/9/27/recording3898030798303037350.mp3,67bcnnKAgM6vz81ULRSmrw
https://crworkspace.s3.ap-south-1.amazonaws.com/crdhs/private/2024/9/27/recording3491153840865082388.mp3,IKF_aQEHM12LstDk38hLaQ
https://crworkspace.s3.ap-south-1.amazonaws.com/crdhs/private/2024/9/23/recording12011961408914504454.mp3,bZ_sYbjC2opiboAn5lcY4Q
https://crworkspace.s3.ap-south-1.amazonaws.com/crdhs/private/2024/10/6/recording9938136009892257750.mp3,1ddaFrrdubi96yHLRpcQhg
https://crworkspace.s3.ap-south-1.amazonaws.com/crdhs/private/2024/11/21/recording.mp3,--CsMlwV1w_m0om101_Z1w
https://crworkspace.s3.ap-south-1.amazonaws.com/crdhs/private/2024/10/7/recording9647683501927180662.mp3,2wtXVAX5a931RcZ55Txcxw
https://crworkspace.s3.ap-south-1.amazonaws.com/crdhs/private/2024/9/23/recording5994368852418670601.mp3,VDAoMCmJU2jLdgAlV-PdDA
https://crworkspace.s3.ap-south-1.amazonaws.com/crdhs/private/2024/9/21/recording1850407387427388678.mp3,HMckVsdhC7iaUDupJwHQjA
https://crworkspace.s3.ap-south-1.amazonaws.com/crdhs/private/2024/9/21/recording10405343599617772361.mp3,ksNs_T3OKEhN7vqx1o84mA
https://crworkspace.s3.ap-south-1.amazonaws.com/crdhs/private/2024/9/20/recording2347886763653633547.mp3,4CR8o9lmCWsata5ts_lPiA
https://crworkspace.s3.ap-south-1.amazonaws.com/crdhs/private/2024/9/23/recording10932034595204572980.mp3,3Gk6OeSZXX_ccj4M1FcnNA
https://crworkspace.s3.ap-south-1.amazonaws.com/crdhs/private/2024/9/21/recording15068967056701147172.mp3,9feDIwfNs2XyoD4BTk_M4w
https://crworkspace.s3.ap-south-1.amazonaws.com/crdhs/private/2024/9/25/recording17358117991771457478.mp3,BaYggR1eti4vFgzWhzn8kw
https://crworkspace.s3.ap-south-1.amazonaws.com/crdhs/private/2024/9/21/recording2200071019799100727.mp3,f4oPfzcuJ8Rdex-c6GZBIw
https://crworkspace.s3.ap-south-1.amazonaws.com/crdhs/private/2024/9/20/recording15115173268077977633.mp3,4ZScCtCnagU9mlxff1ptGQ
https://crworkspace.s3.ap-south-1.amazonaws.com/crdhs/private/2024/9/23/recording7865527854630126482.mp3,YtfkJoo-0gfF_Gd5uOrQfw
https://crworkspace.s3.ap-south-1.amazonaws.com/crdhs/private/2024/9/23/recording14094422090338805266.mp3,XLul7VvR3fx5PMiaaRUA_w
https://crworkspace.s3.ap-south-1.amazonaws.com/crdhs/private/2024/9/23/recording13937526743746564913.mp3,wXO9fds5Z9uN1crGhEQaXQ
https://crworkspace.s3.ap-south-1.amazonaws.com/crdhs/private/2024/9/21/recording1729021767647617368.mp3,mcJoihJT9tLwjX9GLal3zQ
https://crworkspace.s3.ap-south-1.amazonaws.com/crdhs/private/2024/9/21/recording7466150058819871436.mp3,2PnRoEQi3JyFp679JBb_GA
https://crworkspace.s3.ap-south-1.amazonaws.com/crdhs/private/2024/9/20/recording2302491334254261386.mp3,3MVjX39XVVDwrTS654fHJA
https://crworkspace.s3.ap-south-1.amazonaws.com/crdhs/private/2024/9/20/recording10449613260396276195.mp3,cflw_T_LHhAvtkyEoMtXxA
https://crworkspace.s3.ap-south-1.amazonaws.com/crdhs/private/2024/9/23/recording15078041321775890960.mp3,c7O5S0w0Cnda-C55nti-lA
https://crworkspace.s3.ap-south-1.amazonaws.com/crdhs/private/2024/9/20/recording12956025751860782453.mp3,Ef9RXw_aTAfRafeFXEYd_g
https://crworkspace.s3.ap-south-1.amazonaws.com/crdhs/private/2024/9/23/recording4162492723837024961.mp3,a1Zdu4NkCAUiVCPR3Q4D7w
https://crworkspace.s3.ap-south-1.amazonaws.com/crdhs/private/2024/9/20/recording15804081811851617730.mp3,R7zBxqg49uGV3SLTdUfCTg
https://crworkspace.s3.ap-south-1.amazonaws.com/crdhs/private/2024/9/23/recording17113264109317576843.mp3,-7oj7K5aRBZrAjhUQWCqRA
https://crworkspace.s3.ap-south-1.amazonaws.com/crdhs/private/2024/11/6/recording.mp3,--HarojsWojLTjUTow1RHA
https://crworkspace.s3.ap-south-1.amazonaws.com/crdhs/private/2024/9/24/recording5936027007349733269.mp3,66SmLlSJwOem8n_hEnuQCw
https://crworkspace.s3.ap-south-1.amazonaws.com/crdhs/private/2024/9/23/recording9876824128964907541.mp3,NM5tqxYk_toew0QvdMg1VQ
https://crworkspace.s3.ap-south-1.amazonaws.com/crdhs/private/2024/9/24/recording9147048866374728404.mp3,N-fBebzHDmb1BanzMXHBAw
https://crworkspace.s3.ap-south-1.amazonaws.com/crdhs/private/2024/9/20/recording15607469780165075084.mp3,ADB-gCrcMJaNz_pa7pycpg
https://crworkspace.s3.ap-south-1.amazonaws.com/crdhs/private/2024/9/25/recording8514778984560072097.mp3,o3dFD6FWHmyUDs5IouNiPQ
https://crworkspace.s3.ap-south-1.amazonaws.com/crdhs/private/2024/9/26/recording9611595286928836154.mp3,nOEgu2jE74q80yiDu90VKg
https://crworkspace.s3.ap-south-1.amazonaws.com/crdhs/private/2024/11/21/recording.mp3,--CsMlwV1w_m0om101_Z1w
https://crworkspace.s3.ap-south-1.amazonaws.com/crdhs/private/2024/9/24/recording8574310430793106533.mp3,kiLCyAueF2N_4flJCxC0fA
https://crworkspace.s3.ap-south-1.amazonaws.com/crdhs/private/2024/9/21/recording7233184350276805286.mp3,NEXUK5UAJaq3mBfs5Fad1A
https://crworkspace.s3.ap-south-1.amazonaws.com/crdhs/private/2024/9/20/recording6108393390274887471.mp3,YB2MC8pf6nRpBlnleE3xEA
https://crworkspace.s3.ap-south-1.amazonaws.com/crdhs/private/2024/9/20/recording5250645236140245873.mp3,ct2LjWeYVm8p29S2ClSBDg
https://crworkspace.s3.ap-south-1.amazonaws.com/crdhs/private/2024/9/21/recording1174662297842967574.mp3,xkljY7jeCCrHRikyEh7gJQ
https://crworkspace.s3.ap-south-1.amazonaws.com/crdhs/private/2024/9/20/recording17753357730809057567.mp3,cPeFLQHKvSK9S9qLPDo-BQ
https://crworkspace.s3.ap-south-1.amazonaws.com/crdhs/private/2024/9/23/recording11520694997479516127.mp3,6Y2E4fJpt4NQ5C9RrwDbAw
https://crworkspace.s3.ap-south-1.amazonaws.com/crdhs/private/2024/9/24/recording17503311665059869180.mp3,Gd6lp_PUnNjCbDUSUFGsBg
https://crworkspace.s3.ap-south-1.amazonaws.com/crdhs/private/2024/9/23/recording5907743400810804661.mp3,PCKFkUAsIfZCf_RJf9nqHQ
https://crworkspace.s3.ap-south-1.amazonaws.com/crdhs/private/2024/9/20/recording1473640791940055280.mp3,TlpouYrz7hjU8A9a0HzXRg
https://crworkspace.s3.ap-south-1.amazonaws.com/crdhs/private/2024/9/21/recording11830503288573723108.mp3,8wyB8Qu19-xezDltc9V9_A
https://crworkspace.s3.ap-south-1.amazonaws.com/crdhs/private/2024/9/20/recording434584355511949523.mp3,cKn1-xFGv9xR0i73Je7ZVw
https://crworkspace.s3.ap-south-1.amazonaws.com/crdhs/private/2024/9/25/recording11930583968535253566.mp3,hInpgcAnCk40wJ4Z3v6MgQ
https://crworkspace.s3.ap-south-1.amazonaws.com/crdhs/private/2024/9/24/recording1895883612219207266.mp3,1jtrGqxwynDej9ZdOqelKQ
https://crworkspace.s3.ap-south-1.amazonaws.com/crdhs/private/2024/9/20/recording14497972416275556088.mp3,mXEs4J5F3Yc0UX_QM2HrdA
https://crworkspace.s3.ap-south-1.amazonaws.com/crdhs/private/2024/9/20/recording7896544600542028117.mp3,2Kf2VhkLZGa8pa1p18pYhA
https://crworkspace.s3.ap-south-1.amazonaws.com/crdhs/private/2024/11/26/recording.mp3,-8AhiNg6tiGz8N7jiEqUFA
https://crworkspace.s3.ap-south-1.amazonaws.com/crdhs/private/2024/9/23/recording11630705570077009442.mp3,ZvwNe1Zp5NB6tEYdYD2vYg
https://crworkspace.s3.ap-south-1.amazonaws.com/crdhs/private/2024/9/21/recording6729393287990647509.mp3,6-UvQ9GiaoW6V_ZVojCOyg
https://crworkspace.s3.ap-south-1.amazonaws.com/crdhs/private/2024/9/20/recording11874551976596092209.mp3,9lWk2dn_l6lpTauGTnLQCA
https://crworkspace.s3.ap-south-1.amazonaws.com/crdhs/private/2024/11/26/recording.mp3,-8AhiNg6tiGz8N7jiEqUFA
https://crworkspace.s3.ap-south-1.amazonaws.com/crdhs/private/2024/9/25/recording16579310051180904389.mp3,etzF69xd0DZUhnfec4JirA
https://crworkspace.s3.ap-south-1.amazonaws.com/crdhs/private/2024/9/20/recording1249275920507248290.mp3,RZhost6yUWmfCdna0KqHHg
https://crworkspace.s3.ap-south-1.amazonaws.com/crdhs/private/2024/9/24/recording8378532615298504843.mp3,JMGyowNzW2dTqpt6prbtfQ
https://crworkspace.s3.ap-south-1.amazonaws.com/crdhs/private/2024/9/27/recording13518602000044403459.mp3,2hWQoFEeDhSM37TCm6uZDw
https://crworkspace.s3.ap-south-1.amazonaws.com/crdhs/private/2024/9/23/recording531283591516659441.mp3,ujhnRWkTQBiAAmmtovWTPA
https://crworkspace.s3.ap-south-1.amazonaws.com/crdhs/private/2024/11/21/recording.mp3,--CsMlwV1w_m0om101_Z1w
https://crworkspace.s3.ap-south-1.amazonaws.com/crdhs/private/2024/9/20/recording2646437580798776309.mp3,rVAnrIFz9iVUM_4VKvly7w
https://crworkspace.s3.ap-south-1.amazonaws.com/crdhs/private/2024/9/21/recording9041541729959532869.mp3,u5vV5pPWBuujbadnFC_Mng
https://crworkspace.s3.ap-south-1.amazonaws.com/crdhs/private/2024/9/20/recording8797761608097487242.mp3,m1HzT266TGtJUnBNlAfgqQ
https://crworkspace.s3.ap-south-1.amazonaws.com/crdhs/private/2024/9/25/recording3752026739634084736.mp3,UeN3SCBZHr13qdlAGPlJyQ
https://crworkspace.s3.ap-south-1.amazonaws.com/crdhs/private/2024/9/20/recording2156238850513297131.mp3,nLQhfJTih5yTb1Bo8HlYtg
https://crworkspace.s3.ap-south-1.amazonaws.com/crdhs/private/2024/9/21/recording4253319255209485938.mp3,wJUB6sP1JFdX3bnIUR5CPg
https://crworkspace.s3.ap-south-1.amazonaws.com/crdhs/private/2024/11/6/recording.mp3,--HarojsWojLTjUTow1RHA
https://crworkspace.s3.ap-south-1.amazonaws.com/crdhs/private/2024/9/26/recording13090066120941370269.mp3,7vabbuZdN7Y5zanHSilXKA
https://crworkspace.s3.ap-south-1.amazonaws.com/crdhs/private/2024/9/23/recording16905899239074458496.mp3,o8SvoGmz2FVGGkAVeL_ZqA
https://crworkspace.s3.ap-south-1.amazonaws.com/crdhs/private/2024/11/6/recording.mp3,--HarojsWojLTjUTow1RHA
https://crworkspace.s3.ap-south-1.amazonaws.com/crdhs/private/2024/9/21/recording9750911039157469816.mp3,UC_MQcc9wyfQrvD5x3cBtA
https://crworkspace.s3.ap-south-1.amazonaws.com/crdhs/private/2024/9/20/recording4481143822785106521.mp3,KMT9we7XB67Li-bG5tHtVw
https://crworkspace.s3.ap-south-1.amazonaws.com/crdhs/private/2024/9/23/recording17888997254245788771.mp3,rN4gT7FH5j0eNjkqy4PdyQ
https://crworkspace.s3.ap-south-1.amazonaws.com/crdhs/private/2024/9/20/recording15505112431243386581.mp3,xBHlND1U7ipDN0URu5UHcQ
https://crworkspace.s3.ap-south-1.amazonaws.com/crdhs/private/2024/9/20/recording7528221990496025541.mp3,i6HLsLUbHILcReuEutvo9Q
https://crworkspace.s3.ap-south-1.amazonaws.com/crdhs/private/2024/9/26/recording353439202688379807.mp3,aecbrXDqibH7Q4yUm3OiEA
https://crworkspace.s3.ap-south-1.amazonaws.com/crdhs/private/2024/9/24/recording14067025829594344868.mp3,KNHDE5sxDGMzcl1OeCMkkA
https://crworkspace.s3.ap-south-1.amazonaws.com/crdhs/private/2024/9/21/recording14127255005348524968.mp3,UI2qZ2ph7lgiFXAAQWYs3g
https://crworkspace.s3.ap-south-1.amazonaws.com/crdhs/private/2024/10/6/recording4310023591614224948.mp3,YWRbTfkqXeXQiFN0NjgpXg
https://crworkspace.s3.ap-south-1.amazonaws.com/crdhs/private/2024/9/20/recording15130301281291399838.mp3,dGx8ymN3xA5SrH2LMnujOQ
https://crworkspace.s3.ap-south-1.amazonaws.com/crdhs/private/2024/9/20/recording3330058014703562805.mp3,l9AvLAY7qOe8Nos64JW8Xg
https://crworkspace.s3.ap-south-1.amazonaws.com/crdhs/private/2024/11/21/recording.mp3,--CsMlwV1w_m0om101_Z1w
https://crworkspace.s3.ap-south-1.amazonaws.com/crdhs/private/2024/9/21/recording1700406575044279537.mp3,ofZoiIGf0k210yBi42CTEA
https://crworkspace.s3.ap-south-1.amazonaws.com/crdhs/private/2024/9/20/recording16137063964455990118.mp3,JcQrwXfYCLNuF65LTWqYlw
https://crworkspace.s3.ap-south-1.amazonaws.com/crdhs/private/2024/9/23/recording6263133963121530511.mp3,1K23I0hWjruRtJIr0Y9x6A
https://crworkspace.s3.ap-south-1.amazonaws.com/crdhs/private/2024/9/21/recording10200512253628079131.mp3,7lQQLdkcn4-IT5TiSmCzhQ
https://crworkspace.s3.ap-south-1.amazonaws.com/crdhs/private/2024/9/24/recording4423763528504817939.mp3,nrvE8RuJrPYnNs0gFuQyfg
https://crworkspace.s3.ap-south-1.amazonaws.com/crdhs/private/2024/9/24/recording1037812717574177157.mp3,vRmJt6YPNZcSKCHZL2o1kA
https://crworkspace.s3.ap-south-1.amazonaws.com/crdhs/private/2024/9/21/recording18088871480013024273.mp3,CI3IyXTiy7mmLVfGWJvOFw
https://crworkspace.s3.ap-south-1.amazonaws.com/crdhs/private/2024/9/23/recording1274680778785845572.mp3,ShbLSc2OntGGMZ7bzhhIUw
https://crworkspace.s3.ap-south-1.amazonaws.com/crdhs/private/2024/11/6/recording.mp3,--HarojsWojLTjUTow1RHA
https://crworkspace.s3.ap-south-1.amazonaws.com/crdhs/private/2024/9/20/recording2611793227172455806.mp3,ecYNCpFwvrCAEVMEdFB4qw
https://crworkspace.s3.ap-south-1.amazonaws.com/crdhs/private/2024/11/21/recording.mp3,--CsMlwV1w_m0om101_Z1w
https://crworkspace.s3.ap-south-1.amazonaws.com/crdhs/private/2024/9/20/recording1748725689570368323.mp3,ytkiB9JPOCNdIil1wPRvOw
https://crworkspace.s3.ap-south-1.amazonaws.com/crdhs/private/2024/11/21/recording.mp3,--CsMlwV1w_m0om101_Z1w
https://crworkspace.s3.ap-south-1.amazonaws.com/crdhs/private/2024/11/6/recording.mp3,--HarojsWojLTjUTow1RHA
https://crworkspace.s3.ap-south-1.amazonaws.com/crdhs/private/2024/9/24/recording7873706498064719792.mp3,CmyHDzA6lxy2LJ4lb43hNQ
https://crworkspace.s3.ap-south-1.amazonaws.com/crdhs/private/2024/9/23/recording17366705319539085195.mp3,qqObK66yOkwbg5GYbUyVMQ
https://crworkspace.s3.ap-south-1.amazonaws.com/crdhs/private/2024/9/20/recording13598568692055184826.mp3,d9jxa0q-O75nxxXrugAw1Q
https://crworkspace.s3.ap-south-1.amazonaws.com/crdhs/private/2024/9/20/recording7052745417829557309.mp3,sNo7ickDkpSW5fUObvcPag
https://crworkspace.s3.ap-south-1.amazonaws.com/crdhs/private/2024/9/20/recording8291962148857321254.mp3,hEvI4zwQ8yr0JVKoBc2wfA
https://crworkspace.s3.ap-south-1.amazonaws.com/crdhs/private/2024/9/24/recording5828138435373524296.mp3,YoMz7FPlHj6ODB2Jb-Z_WA
https://crworkspace.s3.ap-south-1.amazonaws.com/crdhs/private/2024/9/23/recording10650288831642065865.mp3,8Mc9Oc1wDe2MW4uk7XZABg
https://crworkspace.s3.ap-south-1.amazonaws.com/crdhs/private/2024/9/23/recording11854634687123928801.mp3,pDtUMBvS_SYZlRIU3_jtcA
https://crworkspace.s3.ap-south-1.amazonaws.com/crdhs/private/2024/11/26/recording.mp3,-8AhiNg6tiGz8N7jiEqUFA
https://crworkspace.s3.ap-south-1.amazonaws.com/crdhs/private/2024/10/6/recording9050237036417273678.mp3,wGkjmGmFuPCiylsSy0UE_g
https://crworkspace.s3.ap-south-1.amazonaws.com/crdhs/private/2024/9/20/recording13750148124535859625.mp3,sxLE8C7ZuHNPH3ohq89Z_A
https://crworkspace.s3.ap-south-1.amazonaws.com/crdhs/private/2024/9/21/recording6002060635148695247.mp3,4mYX8VQiJ4KPJmhc67i46A
https://crworkspace.s3.ap-south-1.amazonaws.com/crdhs/private/2024/9/20/recording15839279188350001722.mp3,8ctUcwBJz4rOtYMSs6piFQ
https://crworkspace.s3.ap-south-1.amazonaws.com/crdhs/private/2024/9/20/recording6634926086497550190.mp3,jHO39su6A2JdhDSCgKdwDg
https://crworkspace.s3.ap-south-1.amazonaws.com/crdhs/private/2024/11/6/recording.mp3,--HarojsWojLTjUTow1RHA
https://crworkspace.s3.ap-south-1.amazonaws.com/crdhs/private/2024/10/7/recording9021543503211579679.mp3,m6lCy24t5ioNuefv1O3OBQ
https://crworkspace.s3.ap-south-1.amazonaws.com/crdhs/private/2024/9/20/recording2481531655317473097.mp3,LQEVdzE3JLgl0IKbjYyZlA
https://crworkspace.s3.ap-south-1.amazonaws.com/crdhs/private/2024/11/6/recording.mp3,--HarojsWojLTjUTow1RHA
https://crworkspace.s3.ap-south-1.amazonaws.com/crdhs/private/2024/9/24/recording12155264123571071942.mp3,8c0ZMOwiwS4yRny8CKdZNQ
https://crworkspace.s3.ap-south-1.amazonaws.com/crdhs/private/2024/9/21/recording2504719366174843375.mp3,F7iNi2M80nV1WFisUl_IxA
https://crworkspace.s3.ap-south-1.amazonaws.com/crdhs/private/2024/9/20/recording18083769569258328396.mp3,E4jVBmyPikjdUX-6woM6xQ
https://crworkspace.s3.ap-south-1.amazonaws.com/crdhs/private/2024/9/23/recording9034136468773535683.mp3,SRxnKzGsnGmYq3Ri2jNozw
https://crworkspace.s3.ap-south-1.amazonaws.com/crdhs/private/2024/9/20/recording2406366267085122829.mp3,_jPh6roQUeeovuSermjKTQ
https://crworkspace.s3.ap-south-1.amazonaws.com/crdhs/private/2024/9/24/recording16598431490961199121.mp3,jmUUzv1IpICes_bDeHILMw
https://crworkspace.s3.ap-south-1.amazonaws.com/crdhs/private/2024/9/23/recording15288312306426395797.mp3,IFf7qcmxWQZrrQF6sfNFDA
https://crworkspace.s3.ap-south-1.amazonaws.com/crdhs/private/2024/9/24/recording2437536747030753765.mp3,YDdVoPnji7gAB54ghHqlig
https://crworkspace.s3.ap-south-1.amazonaws.com/crdhs/private/2024/9/20/recording13326066269814416338.mp3,Nh2tWgj-cx1GybDUvFh24g
https://crworkspace.s3.ap-south-1.amazonaws.com/crdhs/private/2024/9/20/recording1964914899538407465.mp3,3zKiRMa_jO15EOM6zQ3qZg
https://crworkspace.s3.ap-south-1.amazonaws.com/crdhs/private/2024/11/21/recording.mp3,--CsMlwV1w_m0om101_Z1w
https://crworkspace.s3.ap-south-1.amazonaws.com/crdhs/private/2024/9/20/recording7860292839422999396.mp3,MC2FATKb6nV1A-ZVNcWHJg
https://crworkspace.s3.ap-south-1.amazonaws.com/crdhs/private/2024/9/20/recording4614938173624509432.mp3,muaohhciBhzYLawgwYImZw
https://crworkspace.s3.ap-south-1.amazonaws.com/crdhs/private/2024/9/20/recording10006372130251893905.mp3,sReugSQBZbkrJ8U5-ne8PA
https://crworkspace.s3.ap-south-1.amazonaws.com/crdhs/private/2024/9/26/recording190516561979600583.mp3,cpLHZeTThJ_tau8Pn6PABw
https://crworkspace.s3.ap-south-1.amazonaws.com/crdhs/private/2024/9/23/recording10739563407092376602.mp3,dnUtChE95ohhyzFGX7hphQ
https://crworkspace.s3.ap-south-1.amazonaws.com/crdhs/private/2024/9/20/recording17034529609036853882.mp3,ySWR1MGCB15Y7DD-Rt-Uhw
https://crworkspace.s3.ap-south-1.amazonaws.com/crdhs/private/2024/9/20/recording15989996687710846763.mp3,bESH9_f37pbdxLpcw8NLhw
https://crworkspace.s3.ap-south-1.amazonaws.com/crdhs/private/2024/9/20/recording12081080189801641785.mp3,fhrJRNRCSe7jATJT7CdCwQ
https://crworkspace.s3.ap-south-1.amazonaws.com/crdhs/private/2024/9/24/recording16882403598426399879.mp3,CEeJt6TT5_eFFMIpK6IpSQ
https://crworkspace.s3.ap-south-1.amazonaws.com/crdhs/private/2024/11/26/recording.mp3,-8AhiNg6tiGz8N7jiEqUFA
https://crworkspace.s3.ap-south-1.amazonaws.com/crdhs/private/2024/9/20/recording7798398396760502113.mp3,ebiv0d5RNa23svg5ctftWw
https://crworkspace.s3.ap-south-1.amazonaws.com/crdhs/private/2024/9/20/recording15744629905221596383.mp3,OLnHX_46RLJughxInNLKng
https://crworkspace.s3.ap-south-1.amazonaws.com/crdhs/private/2024/9/21/recording17966987243651361838.mp3,Tff5oLPGIVkXTWy-KnoWpA
https://crworkspace.s3.ap-south-1.amazonaws.com/crdhs/private/2024/9/23/recording977902122460308557.mp3,znatTSFvWm1DSzRBZVy4NQ
https://crworkspace.s3.ap-south-1.amazonaws.com/crdhs/private/2024/9/23/recording6620167323435316407.mp3,jDnjjrDT507AEvZCLg--5g
https://crworkspace.s3.ap-south-1.amazonaws.com/crdhs/private/2024/9/20/recording11706118223912559359.mp3,TxqU_hzQJGX4ed9bMCCa0Q
https://crworkspace.s3.ap-south-1.amazonaws.com/crdhs/private/2024/9/20/recording15403352866726656997.mp3,mWwf7-DEGGUhFJZ8K4G_Bg
https://crworkspace.s3.ap-south-1.amazonaws.com/crdhs/private/2024/9/23/recording14639202959086216681.mp3,3K2iBKwysi1k6XgOwPNvZg
https://crworkspace.s3.ap-south-1.amazonaws.com/crdhs/private/2024/9/23/recording10073698270988296161.mp3,kqECzAUShilbPGPQ6MXrSg
https://crworkspace.s3.ap-south-1.amazonaws.com/crdhs/private/2024/9/21/recording12398693351361620431.mp3,fbmMLyDHQdA6fvSb51h-qQ
https://crworkspace.s3.ap-south-1.amazonaws.com/crdhs/private/2024/9/25/recording10455983606220512496.mp3,ZSQZViObbpDR_kJnJ4mVxA
https://crworkspace.s3.ap-south-1.amazonaws.com/crdhs/private/2024/9/23/recording9222967215584814600.mp3,lMlAluM3m0Ta7DGwvDGsjw
https://crworkspace.s3.ap-south-1.amazonaws.com/crdhs/private/2024/11/26/recording.mp3,-8AhiNg6tiGz8N7jiEqUFA
https://crworkspace.s3.ap-south-1.amazonaws.com/crdhs/private/2024/11/26/recording.mp3,-8AhiNg6tiGz8N7jiEqUFA
https://crworkspace.s3.ap-south-1.amazonaws.com/crdhs/private/2024/9/23/recording5061212679168176861.mp3,iROyMLKOe70wToZCtt1-8Q
https://crworkspace.s3.ap-south-1.amazonaws.com/crdhs/private/2024/9/23/recording1535939392979175879.mp3,HddYrgKvPiiFaMG2Xl7XWw
https://crworkspace.s3.ap-south-1.amazonaws.com/crdhs/private/2024/11/6/recording.mp3,--HarojsWojLTjUTow1RHA
https://crworkspace.s3.ap-south-1.amazonaws.com/crdhs/private/2024/9/23/recording1695031376890297859.mp3,CvNtNw-A9P6nsevCbXWUbw
https://crworkspace.s3.ap-south-1.amazonaws.com/crdhs/private/2024/9/25/recording110001758927642403.mp3,1k_7_EnNmrGwrSRcoUAGoQ
https://crworkspace.s3.ap-south-1.amazonaws.com/crdhs/private/2024/9/23/recording14252503455670689495.mp3,q7CkQqC3sFOai77qv6HxyA
https://crworkspace.s3.ap-south-1.amazonaws.com/crdhs/private/2024/9/23/recording15773900018564250652.mp3,O3fd0gNxMekhibn-KBmokg
https://crworkspace.s3.ap-south-1.amazonaws.com/crdhs/private/2024/9/21/recording3640943318547624746.mp3,VwTRuRDghpJwlLBn8UIlGQ
https://crworkspace.s3.ap-south-1.amazonaws.com/crdhs/private/2024/9/20/recording18279555163403918619.mp3,TdYBHLU7_kTN_CKi7j2aeQ
https://crworkspace.s3.ap-south-1.amazonaws.com/crdhs/private/2024/11/26/recording.mp3,-8AhiNg6tiGz8N7jiEqUFA
https://crworkspace.s3.ap-south-1.amazonaws.com/crdhs/private/2024/10/7/recording5288947068202006930.mp3,-aG9xaT1c2UKvTj6leP9iw
https://crworkspace.s3.ap-south-1.amazonaws.com/crdhs/private/2024/9/21/recording6831178869814751371.mp3,1tQJH4f61NTqARXLvqJz9A
https://crworkspace.s3.ap-south-1.amazonaws.com/crdhs/private/2024/9/20/recording2834364634385614136.mp3,4O0kycp1jjqn7CcBeuAU-Q
https://crworkspace.s3.ap-south-1.amazonaws.com/crdhs/private/2024/9/24/recording10140283682487088532.mp3,FuhQEaLP4_JAfHkfSX_a-A
https://crworkspace.s3.ap-south-1.amazonaws.com/crdhs/private/2024/9/23/recording8943786005851688118.mp3,Ks2H9Le3XWAg89pHkTo_bg
https://crworkspace.s3.ap-south-1.amazonaws.com/crdhs/private/2024/9/24/recording1601539301322165747.mp3,ZFTrxHN9WDfEVWnQnr280g
https://crworkspace.s3.ap-south-1.amazonaws.com/crdhs/private/2024/9/20/recording107251185506172035.mp3,3uhv0ZDtBn0WzgnslKMetA
https://crworkspace.s3.ap-south-1.amazonaws.com/crdhs/private/2024/9/21/recording6586219206229497982.mp3,ssd3Qk4YBGeYL5Dmq0stdQ
https://crworkspace.s3.ap-south-1.amazonaws.com/crdhs/private/2024/9/24/recording4659974533393316715.mp3,q5AJ2WUhfSoWugSLnJYI3Q
https://crworkspace.s3.ap-south-1.amazonaws.com/crdhs/private/2024/9/20/recording3021921219367824772.mp3,vWJKDqmt75YqB1PhRXdunQ
https://crworkspace.s3.ap-south-1.amazonaws.com/crdhs/private/2024/9/27/recording10721946501079684740.mp3,z2Yqx1T3Axl1fNuceEwIVQ
https://crworkspace.s3.ap-south-1.amazonaws.com/crdhs/private/2024/9/20/recording18153680858844103635.mp3,UL_skxLmx_0uSpgkCZy3Xg
https://crworkspace.s3.ap-south-1.amazonaws.com/crdhs/private/2024/9/26/recording17258787138649819278.mp3,RqpX9NST4SgouMC32SRxwQ
https://crworkspace.s3.ap-south-1.amazonaws.com/crdhs/private/2024/9/23/recording2856976562131034258.mp3,jzGEmL_Vn2Exu-O9LjZS8Q
https://crworkspace.s3.ap-south-1.amazonaws.com/crdhs/private/2024/9/20/recording4865981226733462746.mp3,HmUaMCqGguqrzn4vM-11Xw
https://crworkspace.s3.ap-south-1.amazonaws.com/crdhs/private/2024/9/23/recording8417249684240524511.mp3,j28j9CT3k7B5u1UZ6gL59Q
https://crworkspace.s3.ap-south-1.amazonaws.com/crdhs/private/2024/9/20/recording7145614255987119256.mp3,BzB4YwrcqmMmeoySx4qMEA
https://crworkspace.s3.ap-south-1.amazonaws.com/crdhs/private/2024/9/21/recording18016734915393633549.mp3,NGPIqS3gYpv_ZsPYDl7YVw
https://crworkspace.s3.ap-south-1.amazonaws.com/crdhs/private/2024/9/23/recording152840035270631672.mp3,dNIh09pV5D7hAcOPeLHu7Q
https://crworkspace.s3.ap-south-1.amazonaws.com/crdhs/private/2024/9/23/recording4388189780932723766.mp3,QLznNZxUlTj5KiU8helQdQ
https://crworkspace.s3.ap-south-1.amazonaws.com/crdhs/private/2024/9/20/recording1213859111540447758.mp3,eLbvVgwBEcLsVsS0Q_lBTw
https://crworkspace.s3.ap-south-1.amazonaws.com/crdhs/private/2024/9/23/recording11697071115056957493.mp3,5bN97TBgDDqY90alUBgiVw
https://crworkspace.s3.ap-south-1.amazonaws.com/crdhs/private/2024/9/21/recording11596872061821620268.mp3,l6ZFSRC4HcmM-unt610haA
https://crworkspace.s3.ap-south-1.amazonaws.com/crdhs/private/2024/9/21/recording17865953711462767226.mp3,7lLhPcEL0ht8BPsz7HJE7A
https://crworkspace.s3.ap-south-1.amazonaws.com/crdhs/private/2024/9/20/recording8393535487686455298.mp3,0KdPCWY4mnH_XDnKpYQ4og
https://crworkspace.s3.ap-south-1.amazonaws.com/crdhs/private/2024/9/23/recording17236869797773029703.mp3,s55wMPTGbCaj0fe0q5062A
https://crworkspace.s3.ap-south-1.amazonaws.com/crdhs/private/2024/11/6/recording.mp3,--HarojsWojLTjUTow1RHA
https://crworkspace.s3.ap-south-1.amazonaws.com/crdhs/private/2024/9/24/recording4104842318295352637.mp3,qTe64Elb7FNiMB18JvAPeA
https://crworkspace.s3.ap-south-1.amazonaws.com/crdhs/private/2024/9/20/recording5181358321694598221.mp3,eKRfR7BfGnOV9SQbS3swQw
https://crworkspace.s3.ap-south-1.amazonaws.com/crdhs/private/2024/11/26/recording.mp3,-8AhiNg6tiGz8N7jiEqUFA
https://crworkspace.s3.ap-south-1.amazonaws.com/crdhs/private/2024/9/23/recording10541221304807549954.mp3,ufsSLegJQBbBAZjxZiblTQ
https://crworkspace.s3.ap-south-1.amazonaws.com/crdhs/private/2024/9/20/recording2905517586590020490.mp3,IJ-DNYZOezY4e0835p2BoQ
https://crworkspace.s3.ap-south-1.amazonaws.com/crdhs/private/2024/9/25/recording7041834985681713581.mp3,SwNhe5A3PAqjPMIC6JIOQQ
https://crworkspace.s3.ap-south-1.amazonaws.com/crdhs/private/2024/9/21/recording8638797991794972714.mp3,RUBp8MqFe8KNRWyBpqNz8Q
https://crworkspace.s3.ap-south-1.amazonaws.com/crdhs/private/2024/9/20/recording8842731522891609496.mp3,ABwM6-kR1Owk7fs1Ka_fVQ
https://crworkspace.s3.ap-south-1.amazonaws.com/crdhs/private/2024/9/24/recording8810773577666946908.mp3,IgmT0TTZa0zsXcrShJoKnA
https://crworkspace.s3.ap-south-1.amazonaws.com/crdhs/private/2024/9/20/recording2695703093515250630.mp3,PyooSl11RcA8j2pqto9QKg
https://crworkspace.s3.ap-south-1.amazonaws.com/crdhs/private/2024/9/23/recording1346513627639114367.mp3,apojXLA5pUAV3BOW4RQSOg
https://crworkspace.s3.ap-south-1.amazonaws.com/crdhs/private/2024/9/21/recording1386489467492547844.mp3,bIR-dBjcXny1RDPzq6VvgQ
https://crworkspace.s3.ap-south-1.amazonaws.com/crdhs/private/2024/11/6/recording.mp3,--HarojsWojLTjUTow1RHA
https://crworkspace.s3.ap-south-1.amazonaws.com/crdhs/private/2024/11/26/recording.mp3,-8AhiNg6tiGz8N7jiEqUFA
https://crworkspace.s3.ap-south-1.amazonaws.com/crdhs/private/2024/9/20/recording5340618713388100656.mp3,ZkXmR4gZpACQufwov9zZuA
https://crworkspace.s3.ap-south-1.amazonaws.com/crdhs/private/2024/9/27/recording15307234026331377951.mp3,TSg6jeiZ0aElTx8O9mOjOA
https://crworkspace.s3.ap-south-1.amazonaws.com/crdhs/private/2024/9/23/recording13107237350619685011.mp3,SMjz7zHtMQj143sWWp3ADA
https://crworkspace.s3.ap-south-1.amazonaws.com/crdhs/private/2024/9/23/recording17612441012639977303.mp3,Xw5JJVYAttm-no3ugz1QUg
https://crworkspace.s3.ap-south-1.amazonaws.com/crdhs/private/2024/9/24/recording7128511847687617885.mp3,88DDBHtNviYe1bSmEEnDLQ
https://crworkspace.s3.ap-south-1.amazonaws.com/crdhs/private/2024/9/21/recording10375549028221341220.mp3,kLIK87HzM1t06clqm_sjiw
https://crworkspace.s3.ap-south-1.amazonaws.com/crdhs/private/2024/11/21/recording.mp3,--CsMlwV1w_m0om101_Z1w
https://crworkspace.s3.ap-south-1.amazonaws.com/crdhs/private/2024/9/24/recording4473787777653167601.mp3,zeW9khTAXJiHw26G4tSxug
https://crworkspace.s3.ap-south-1.amazonaws.com/crdhs/private/2024/9/20/recording12176192367221392364.mp3,wabS9Ief4DxyKURQYUraNw
https://crworkspace.s3.ap-south-1.amazonaws.com/crdhs/private/2024/9/20/recording7468640720590173354.mp3,su-dFYZR_x9rqky_qB5OLg
https://crworkspace.s3.ap-south-1.amazonaws.com/crdhs/private/2024/9/24/recording7503657458771277668.mp3,9dYr4B0iZ4AwW7YxurdhVg
https://crworkspace.s3.ap-south-1.amazonaws.com/crdhs/private/2024/9/20/recording9015970908759008690.mp3,f8e27JqDakgAc49HBV1Zgg
https://crworkspace.s3.ap-south-1.amazonaws.com/crdhs/private/2024/9/21/recording16290977915472069780.mp3,xYsiBJDJJvVNoSlVRMY2Fg
https://crworkspace.s3.ap-south-1.amazonaws.com/crdhs/private/2024/9/23/recording7037975346640865708.mp3,7TBUEn5gfWGW9zvqoPNdBg
https://crworkspace.s3.ap-south-1.amazonaws.com/crdhs/private/2024/11/26/recording.mp3,-8AhiNg6tiGz8N7jiEqUFA
https://crworkspace.s3.ap-south-1.amazonaws.com/crdhs/private/2024/9/23/recording1020940855792754796.mp3,bO0MXH2vA3gThyTh1vZUaQ
https://crworkspace.s3.ap-south-1.amazonaws.com/crdhs/private/2024/9/20/recording4826162634748663023.mp3,BWVB5bGNu-HjVp7MAk1T6Q
https://crworkspace.s3.ap-south-1.amazonaws.com/crdhs/private/2024/9/23/recording11498283575052640931.mp3,VDyh-9wa4VW8iuBLIEu2eQ
https://crworkspace.s3.ap-south-1.amazonaws.com/crdhs/private/2024/9/23/recording5164643251257499575.mp3,Q1tyXsuZQJ0y8TDKp8dMGQ
https://crworkspace.s3.ap-south-1.amazonaws.com/crdhs/private/2024/9/23/recording14877781857841809901.mp3,qeewiNioPlV8QpLqujeWmg
https://crworkspace.s3.ap-south-1.amazonaws.com/crdhs/private/2024/9/25/recording13074626683045493942.mp3,n5QsGg-DSTK4GgK_cxQO0Q
https://crworkspace.s3.ap-south-1.amazonaws.com/crdhs/private/2024/9/20/recording798902683492785532.mp3,gbJXnxqXWiqavBQKImdLQw
https://crworkspace.s3.ap-south-1.amazonaws.com/crdhs/private/2024/9/24/recording1474182358540614755.mp3,Yj5vWWffAUy8FbPQIz7lQQ
https://crworkspace.s3.ap-south-1.amazonaws.com/crdhs/private/2024/9/27/recording11311307542374600144.mp3,-sxIB-a0ebtsU1rWTdHm7g
https://crworkspace.s3.ap-south-1.amazonaws.com/crdhs/private/2024/11/6/recording.mp3,--HarojsWojLTjUTow1RHA
https://crworkspace.s3.ap-south-1.amazonaws.com/crdhs/private/2024/11/6/recording.mp3,--HarojsWojLTjUTow1RHA
https://crworkspace.s3.ap-south-1.amazonaws.com/crdhs/private/2024/9/23/recording618707377406052338.mp3,yKxcuHLuoewql0ptFtr01g
https://crworkspace.s3.ap-south-1.amazonaws.com/crdhs/private/2024/11/26/recording.mp3,-8AhiNg6tiGz8N7jiEqUFA
https://crworkspace.s3.ap-south-1.amazonaws.com/crdhs/private/2024/9/27/recording12650439232993275319.mp3,CRwfGsCgrvbpFqcsZcZP4A
https://crworkspace.s3.ap-south-1.amazonaws.com/crdhs/private/2024/11/6/recording.mp3,--HarojsWojLTjUTow1RHA
https://crworkspace.s3.ap-south-1.amazonaws.com/crdhs/private/2024/11/6/recording.mp3,--HarojsWojLTjUTow1RHA
https://crworkspace.s3.ap-south-1.amazonaws.com/crdhs/private/2024/9/24/recording13998451003263215627.mp3,UIP9G1HioMU372hs6krt8A
https://crworkspace.s3.ap-south-1.amazonaws.com/crdhs/private/2024/9/25/recording13243939424019569317.mp3,r28T6OI8W64t0T4aOhAJGg
https://crworkspace.s3.ap-south-1.amazonaws.com/crdhs/private/2024/11/6/recording.mp3,--HarojsWojLTjUTow1RHA
https://crworkspace.s3.ap-south-1.amazonaws.com/crdhs/private/2024/11/21/recording.mp3,--CsMlwV1w_m0om101_Z1w
https://crworkspace.s3.ap-south-1.amazonaws.com/crdhs/private/2024/11/6/recording.mp3,--HarojsWojLTjUTow1RHA
https://crworkspace.s3.ap-south-1.amazonaws.com/crdhs/private/2024/11/26/recording.mp3,-8AhiNg6tiGz8N7jiEqUFA
https://crworkspace.s3.ap-south-1.amazonaws.com/crdhs/private/2024/11/21/recording.mp3,--CsMlwV1w_m0om101_Z1w
https://crworkspace.s3.ap-south-1.amazonaws.com/crdhs/private/2024/11/21/recording.mp3,--CsMlwV1w_m0om101_Z1w
https://crworkspace.s3.ap-south-1.amazonaws.com/crdhs/private/2024/11/21/recording.mp3,--CsMlwV1w_m0om101_Z1w
https://crworkspace.s3.ap-south-1.amazonaws.com/crdhs/private/2024/11/21/recording.mp3,--CsMlwV1w_m0om101_Z1w
https://crworkspace.s3.ap-south-1.amazonaws.com/crdhs/private/2024/9/26/recording4351584973812262411.mp3,PBE1VX75JeoH2oLX5G1qzg
https://crworkspace.s3.ap-south-1.amazonaws.com/crdhs/private/2024/11/21/recording.mp3,--CsMlwV1w_m0om101_Z1w
https://crworkspace.s3.ap-south-1.amazonaws.com/crdhs/private/2024/11/26/recording.mp3,-8AhiNg6tiGz8N7jiEqUFA
https://crworkspace.s3.ap-south-1.amazonaws.com/crdhs/private/2024/11/6/recording.mp3,--HarojsWojLTjUTow1RHA
https://crworkspace.s3.ap-south-1.amazonaws.com/crdhs/private/2024/9/28/recording14015255441953453207.mp3,b-ksuKu4mngd9woChgtZPQ
https://crworkspace.s3.ap-south-1.amazonaws.com/crdhs/private/2024/11/21/recording.mp3,--CsMlwV1w_m0om101_Z1w
https://crworkspace.s3.ap-south-1.amazonaws.com/crdhs/private/2024/11/21/recording.mp3,--CsMlwV1w_m0om101_Z1w
https://crworkspace.s3.ap-south-1.amazonaws.com/crdhs/private/2024/11/21/recording.mp3,--CsMlwV1w_m0om101_Z1w
https://crworkspace.s3.ap-south-1.amazonaws.com/crdhs/private/2024/11/21/recording.mp3,--CsMlwV1w_m0om101_Z1w
https://crworkspace.s3.ap-south-1.amazonaws.com/crdhs/private/2024/11/6/recording.mp3,--HarojsWojLTjUTow1RHA
https://crworkspace.s3.ap-south-1.amazonaws.com/crdhs/private/2024/11/26/recording.mp3,-8AhiNg6tiGz8N7jiEqUFA
https://crworkspace.s3.ap-south-1.amazonaws.com/crdhs/private/2024/9/20/recording14916087701013801636.mp3,05wZtLNyaQigu-04i-ohQw
https://crworkspace.s3.ap-south-1.amazonaws.com/crdhs/private/2024/9/26/recording4012231934124398540.mp3,ryoeKmBDop-h0mFRZnOZDw
https://crworkspace.s3.ap-south-1.amazonaws.com/crdhs/private/2024/9/20/recording3737373192226605373.mp3,E3xrd0fdgyBciImHIr9pbA
https://crworkspace.s3.ap-south-1.amazonaws.com/crdhs/private/2024/11/21/recording.mp3,--CsMlwV1w_m0om101_Z1w
https://crworkspace.s3.ap-south-1.amazonaws.com/crdhs/private/2024/9/23/recording15006907032937160895.mp3,IjE8diakZUhgXAtCS53KgA
https://crworkspace.s3.ap-south-1.amazonaws.com/crdhs/private/2024/11/21/recording.mp3,--CsMlwV1w_m0om101_Z1w
https://crworkspace.s3.ap-south-1.amazonaws.com/crdhs/private/2024/9/23/recording18002013175218358180.mp3,dP3jvfliybA0GTXyRlsdng
https://crworkspace.s3.ap-south-1.amazonaws.com/crdhs/private/2024/11/21/recording.mp3,--CsMlwV1w_m0om101_Z1w
https://crworkspace.s3.ap-south-1.amazonaws.com/crdhs/private/2024/9/26/recording5203203228191226392.mp3,A2apjguQuyI-1Crh_8jZLg
https://crworkspace.s3.ap-south-1.amazonaws.com/crdhs/private/2024/11/6/recording.mp3,--HarojsWojLTjUTow1RHA
https://crworkspace.s3.ap-south-1.amazonaws.com/crdhs/private/2024/9/24/recording14200221751779754387.mp3,OrXNTdtwyWaK3ZKu4w0IHQ
https://crworkspace.s3.ap-south-1.amazonaws.com/crdhs/private/2024/11/21/recording.mp3,--CsMlwV1w_m0om101_Z1w
https://crworkspace.s3.ap-south-1.amazonaws.com/crdhs/private/2024/9/20/recording16205482555339226512.mp3,d9Bw4eo4R8LovMSWnYlISQ
https://crworkspace.s3.ap-south-1.amazonaws.com/crdhs/private/2024/11/21/recording.mp3,--CsMlwV1w_m0om101_Z1w
https://crworkspace.s3.ap-south-1.amazonaws.com/crdhs/private/2024/9/23/recording12267905620014900255.mp3,_8ih9xvT5sgoEnRlCAfXkA
https://crworkspace.s3.ap-south-1.amazonaws.com/crdhs/private/2024/9/27/recording4108513759296483863.mp3,USmXg0ES2-cmy94jQQtGTA
https://crworkspace.s3.ap-south-1.amazonaws.com/crdhs/private/2024/11/21/recording.mp3,--CsMlwV1w_m0om101_Z1w
https://crworkspace.s3.ap-south-1.amazonaws.com/crdhs/private/2024/11/6/recording.mp3,--HarojsWojLTjUTow1RHA
https://crworkspace.s3.ap-south-1.amazonaws.com/crdhs/private/2024/11/21/recording.mp3,--CsMlwV1w_m0om101_Z1w
https://crworkspace.s3.ap-south-1.amazonaws.com/crdhs/private/2024/11/26/recording.mp3,-8AhiNg6tiGz8N7jiEqUFA
https://crworkspace.s3.ap-south-1.amazonaws.com/crdhs/private/2024/11/26/recording.mp3,-8AhiNg6tiGz8N7jiEqUFA
https://crworkspace.s3.ap-south-1.amazonaws.com/crdhs/private/2024/9/24/recording11220828822134960825.mp3,uFBNx1kenJrNrxjcvdJuig
https://crworkspace.s3.ap-south-1.amazonaws.com/crdhs/private/2024/11/26/recording.mp3,-8AhiNg6tiGz8N7jiEqUFA
https://crworkspace.s3.ap-south-1.amazonaws.com/crdhs/private/2024/11/26/recording.mp3,-8AhiNg6tiGz8N7jiEqUFA
https://crworkspace.s3.ap-south-1.amazonaws.com/crdhs/private/2024/11/26/recording.mp3,-8AhiNg6tiGz8N7jiEqUFA
https://crworkspace.s3.ap-south-1.amazonaws.com/crdhs/private/2024/9/24/recording15569022426324318303.mp3,xegRI67qUZqY2oKUq2vBJw
https://crworkspace.s3.ap-south-1.amazonaws.com/crdhs/private/2024/11/21/recording.mp3,--CsMlwV1w_m0om101_Z1w
https://crworkspace.s3.ap-south-1.amazonaws.com/crdhs/private/2024/11/21/recording.mp3,--CsMlwV1w_m0om101_Z1w
https://crworkspace.s3.ap-south-1.amazonaws.com/crdhs/private/2024/11/21/recording.mp3,--CsMlwV1w_m0om101_Z1w
https://crworkspace.s3.ap-south-1.amazonaws.com/crdhs/private/2024/9/21/recording395355032475324066.mp3,1NcMYw3Jpq0NMhWKBNXSVA
https://crworkspace.s3.ap-south-1.amazonaws.com/crdhs/private/2024/11/6/recording.mp3,--HarojsWojLTjUTow1RHA
https://crworkspace.s3.ap-south-1.amazonaws.com/crdhs/private/2024/9/21/recording13755989997910034166.mp3,pFxHkFK_7D6h-o4nPwc2pQ
https://crworkspace.s3.ap-south-1.amazonaws.com/crdhs/private/2024/9/20/recording9545381268069787937.mp3,lLP9OCOtFJu-0ODjqBWRzw
https://crworkspace.s3.ap-south-1.amazonaws.com/crdhs/private/2024/9/24/recording5478236023191035621.mp3,YxyE1YuMakj_o_QmTbhIWQ
https://crworkspace.s3.ap-south-1.amazonaws.com/crdhs/private/2024/10/6/recording8565592329378696085.mp3,KlpNBF4UpLN02scipQVKLA
https://crworkspace.s3.ap-south-1.amazonaws.com/crdhs/private/2024/9/21/recording9780936679625347394.mp3,sKHK-iEoolVq4MBNcQ76iQ
https://crworkspace.s3.ap-south-1.amazonaws.com/crdhs/private/2024/9/23/recording4953302062188427231.mp3,BsoOPBFzFPMjHQKpPDZ8dA
https://crworkspace.s3.ap-south-1.amazonaws.com/crdhs/private/2024/11/6/recording.mp3,--HarojsWojLTjUTow1RHA
https://crworkspace.s3.ap-south-1.amazonaws.com/crdhs/private/2024/9/23/recording15468017483722409354.mp3,0mB-4MWuA1xezdEbHz-teg
https://crworkspace.s3.ap-south-1.amazonaws.com/crdhs/private/2024/10/7/recording17759527468627014866.mp3,XKJKMAfkUr0P57VBwEkfEg
https://crworkspace.s3.ap-south-1.amazonaws.com/crdhs/private/2024/9/24/recording781993033482727928.mp3,EvsPxtNZsGy1gsd1lBvrXA
https://crworkspace.s3.ap-south-1.amazonaws.com/crdhs/private/2024/9/23/recording12770173931713262095.mp3,s-ZAYuwZSM9-KlaH68J-5A
https://crworkspace.s3.ap-south-1.amazonaws.com/crdhs/private/2024/11/26/recording.mp3,-8AhiNg6tiGz8N7jiEqUFA
https://crworkspace.s3.ap-south-1.amazonaws.com/crdhs/private/2024/10/6/recording13495725074727057996.mp3,-lURW7bTT6eqT3uVZuW_ew
https://crworkspace.s3.ap-south-1.amazonaws.com/crdhs/private/2024/10/7/recording13528725768712443184.mp3,0PCDIfRmx7FNlbknwVrlfA
https://crworkspace.s3.ap-south-1.amazonaws.com/crdhs/private/2024/9/25/recording8082792582570739880.mp3,m-L7mGjB68XPAsSrlLajIw
https://crworkspace.s3.ap-south-1.amazonaws.com/crdhs/private/2024/9/23/recording13329377867897659372.mp3,1OCJQut1jUKVtrj4w2EgPw
https://crworkspace.s3.ap-south-1.amazonaws.com/crdhs/private/2024/11/26/recording.mp3,-8AhiNg6tiGz8N7jiEqUFA
https://crworkspace.s3.ap-south-1.amazonaws.com/crdhs/private/2024/9/23/recording6252831988115912220.mp3,noTrKtDyWtilgYOZq_Cpww
https://crworkspace.s3.ap-south-1.amazonaws.com/crdhs/private/2024/11/6/recording.mp3,--HarojsWojLTjUTow1RHA
https://crworkspace.s3.ap-south-1.amazonaws.com/crdhs/private/2024/9/24/recording9081129221382543132.mp3,ifFGbVxgfg3ly868IbF4eg
https://crworkspace.s3.ap-south-1.amazonaws.com/crdhs/private/2024/9/23/recording15458904141281711292.mp3,A1Ms4ToDbJEIWHwhzUp62Q
https://crworkspace.s3.ap-south-1.amazonaws.com/crdhs/private/2024/9/27/recording6759828102710681539.mp3,A3AUJOBiShHBAHpFpNXY-Q
https://crworkspace.s3.ap-south-1.amazonaws.com/crdhs/private/2024/11/6/recording.mp3,--HarojsWojLTjUTow1RHA
https://crworkspace.s3.ap-south-1.amazonaws.com/crdhs/private/2024/9/26/recording14054610796616140832.mp3,EOtPpTvv5wqlnJwSaXOgNw
https://crworkspace.s3.ap-south-1.amazonaws.com/crdhs/private/2024/9/23/recording14002574005757536975.mp3,1lxKi7MxuWKb0G2lB8KudQ
https://crworkspace.s3.ap-south-1.amazonaws.com/crdhs/private/2024/11/6/recording.mp3,--HarojsWojLTjUTow1RHA
https://crworkspace.s3.ap-south-1.amazonaws.com/crdhs/private/2024/9/24/recording1739637315920162206.mp3,dj154nF5KPSSmOb31frJyQ
https://crworkspace.s3.ap-south-1.amazonaws.com/crdhs/private/2024/11/6/recording.mp3,--HarojsWojLTjUTow1RHA
https://crworkspace.s3.ap-south-1.amazonaws.com/crdhs/private/2024/9/24/recording183713000374649401.mp3,HXTtGwzNhEROiVb7Q-YaJg
https://crworkspace.s3.ap-south-1.amazonaws.com/crdhs/private/2024/9/20/recording6566515202460080963.mp3,8SYcXDe_q_MVmplH4ax9dg
https://crworkspace.s3.ap-south-1.amazonaws.com/crdhs/private/2024/11/26/recording.mp3,-8AhiNg6tiGz8N7jiEqUFA
https://crworkspace.s3.ap-south-1.amazonaws.com/crdhs/private/2024/11/6/recording.mp3,--HarojsWojLTjUTow1RHA
https://crworkspace.s3.ap-south-1.amazonaws.com/crdhs/private/2024/9/21/recording11098023174835960873.mp3,5yFh4cf_b2roLgZXQY45jg
https://crworkspace.s3.ap-south-1.amazonaws.com/crdhs/private/2024/11/6/recording.mp3,--HarojsWojLTjUTow1RHA
https://crworkspace.s3.ap-south-1.amazonaws.com/crdhs/private/2024/10/7/recording11870399902693277769.mp3,-QEtjOmkfrZnObnaj_AM5g
https://crworkspace.s3.ap-south-1.amazonaws.com/crdhs/private/2024/11/21/recording.mp3,--CsMlwV1w_m0om101_Z1w
https://crworkspace.s3.ap-south-1.amazonaws.com/crdhs/private/2024/9/23/recording1993179803708629783.mp3,8F60ES98RTIEsk7LYjpi3g
https://crworkspace.s3.ap-south-1.amazonaws.com/crdhs/private/2024/9/24/recording3248311565417395637.mp3,ZuhWs5IvRNvlP1ZbHDQvLA
https://crworkspace.s3.ap-south-1.amazonaws.com/crdhs/private/2024/11/21/recording.mp3,--CsMlwV1w_m0om101_Z1w
https://crworkspace.s3.ap-south-1.amazonaws.com/crdhs/private/2024/9/20/recording4694269915079991272.mp3,r5keUlLGLq4PkiZ2pNkwnQ
https://crworkspace.s3.ap-south-1.amazonaws.com/crdhs/private/2024/9/25/recording6595224666539379656.mp3,7bYmFb1FAu1V1cn-UsQADA
https://crworkspace.s3.ap-south-1.amazonaws.com/crdhs/private/2024/9/23/recording1489626984685549984.mp3,xqgZZkMPDjh_0koFBsR0Xw
https://crworkspace.s3.ap-south-1.amazonaws.com/crdhs/private/2024/9/23/recording16308767371747696271.mp3,sM8urGNW7t4rA40tXOzcOQ
https://crworkspace.s3.ap-south-1.amazonaws.com/crdhs/private/2024/9/23/recording16870303475807093932.mp3,ird3pHj8eyF5q6hUSv2bsA
https://crworkspace.s3.ap-south-1.amazonaws.com/crdhs/private/2024/11/21/recording.mp3,--CsMlwV1w_m0om101_Z1w
https://crworkspace.s3.ap-south-1.amazonaws.com/crdhs/private/2024/9/23/recording8657810205032651979.mp3,Pu-Hs-oxfb3P_SMJEn-u2g
https://crworkspace.s3.ap-south-1.amazonaws.com/crdhs/private/2024/9/21/recording4491069956228739255.mp3,5f6qm_tWk-EL8S2rzdQSaw
https://crworkspace.s3.ap-south-1.amazonaws.com/crdhs/private/2024/9/21/recording7657678727814042223.mp3,zv5lh0aiqHL_AYEpyhBXQQ
https://crworkspace.s3.ap-south-1.amazonaws.com/crdhs/private/2024/9/23/recording18398134604693219980.mp3,-vUiYbjNbSS_GQCf0CtwmA
https://crworkspace.s3.ap-south-1.amazonaws.com/crdhs/private/2024/9/23/recording14111170052041434820.mp3,9qgUahoYtt1gLBkl8EidKw
https://crworkspace.s3.ap-south-1.amazonaws.com/crdhs/private/2024/11/6/recording.mp3,--HarojsWojLTjUTow1RHA
https://crworkspace.s3.ap-south-1.amazonaws.com/crdhs/private/2024/11/6/recording.mp3,--HarojsWojLTjUTow1RHA
https://crworkspace.s3.ap-south-1.amazonaws.com/crdhs/private/2024/11/6/recording.mp3,--HarojsWojLTjUTow1RHA
https://crworkspace.s3.ap-south-1.amazonaws.com/crdhs/private/2024/10/7/recording10107643082754565840.mp3,QHSChaQD0ksD3sUza936hg
https://crworkspace.s3.ap-south-1.amazonaws.com/crdhs/private/2024/9/20/recording1382809324134216612.mp3,IBhHQU0TBfiqVSsgMgZmeQ
https://crworkspace.s3.ap-south-1.amazonaws.com/crdhs/private/2024/11/6/recording.mp3,--HarojsWojLTjUTow1RHA
https://crworkspace.s3.ap-south-1.amazonaws.com/crdhs/private/2024/11/21/recording.mp3,--CsMlwV1w_m0om101_Z1w
https://crworkspace.s3.ap-south-1.amazonaws.com/crdhs/private/2024/9/25/recording14426241882330366845.mp3,b8X3q7OrLmLbuan7OU8OFQ
https://crworkspace.s3.ap-south-1.amazonaws.com/crdhs/private/2024/9/23/recording18138665502326497713.mp3,tgxICX_ujUsRLrITiVyTOg
https://crworkspace.s3.ap-south-1.amazonaws.com/crdhs/private/2024/9/21/recording16380356062610675137.mp3,EAICIe-Ml-d_M_JUujDRFw
https://crworkspace.s3.ap-south-1.amazonaws.com/crdhs/private/2024/11/6/recording.mp3,--HarojsWojLTjUTow1RHA
https://crworkspace.s3.ap-south-1.amazonaws.com/crdhs/private/2024/9/21/recording17219708382834274053.mp3,X7OgHDVio7U7-uu1LtGBUw
https://crworkspace.s3.ap-south-1.amazonaws.com/crdhs/private/2024/9/20/recording17801499879847864923.mp3,9ddtiHUUKG6_kMHqr7gZ6g
https://crworkspace.s3.ap-south-1.amazonaws.com/crdhs/private/2024/11/21/recording.mp3,--CsMlwV1w_m0om101_Z1w
https://crworkspace.s3.ap-south-1.amazonaws.com/crdhs/private/2024/11/26/recording.mp3,-8AhiNg6tiGz8N7jiEqUFA
https://crworkspace.s3.ap-south-1.amazonaws.com/crdhs/private/2024/9/20/recording8284402248995808080.mp3,knk5rj9sPpkrk8MTKdQZ3A
https://crworkspace.s3.ap-south-1.amazonaws.com/crdhs/private/2024/9/28/recording17213686829461729405.mp3,gEclTOhu7VqSl__9VWKYIA
https://crworkspace.s3.ap-south-1.amazonaws.com/crdhs/private/2024/9/20/recording5306416177108158286.mp3,a7LtFU5Ya7LRLkcchEkq7w
https://crworkspace.s3.ap-south-1.amazonaws.com/crdhs/private/2024/9/21/recording17646922275417202084.mp3,00TAixM00qBQ7nEvwYMC6Q
https://crworkspace.s3.ap-south-1.amazonaws.com/crdhs/private/2024/9/23/recording7133287853950337995.mp3,JC5U6EXcIJ59EUuZT1plnQ
https://crworkspace.s3.ap-south-1.amazonaws.com/crdhs/private/2024/11/21/recording.mp3,--CsMlwV1w_m0om101_Z1w
https://crworkspace.s3.ap-south-1.amazonaws.com/crdhs/private/2024/10/6/recording12102234529608202757.mp3,0j345KSt6aVnfGkfpit1dQ
https://crworkspace.s3.ap-south-1.amazonaws.com/crdhs/private/2024/10/7/recording13412718296662770997.mp3,86f6cvYEYCUklxUIqztI2w
https://crworkspace.s3.ap-south-1.amazonaws.com/crdhs/private/2024/11/6/recording.mp3,--HarojsWojLTjUTow1RHA
https://crworkspace.s3.ap-south-1.amazonaws.com/crdhs/private/2024/9/23/recording12967840316654899909.mp3,xSt9-Z9KzW6jAOIzXZ5EdQ
https://crworkspace.s3.ap-south-1.amazonaws.com/crdhs/private/2024/11/6/recording.mp3,--HarojsWojLTjUTow1RHA
https://crworkspace.s3.ap-south-1.amazonaws.com/crdhs/private/2024/9/23/recording15996544801323009881.mp3,HPqo61nk8JuasAwMxC8k-Q
https://crworkspace.s3.ap-south-1.amazonaws.com/crdhs/private/2024/9/26/recording7879268641201475805.mp3,ot6rRy42R6M2ttn7c4iLIA
https://crworkspace.s3.ap-south-1.amazonaws.com/crdhs/private/2024/9/27/recording8178613838084910771.mp3,NbgQysGyWp8SRXnAN_G_rw
https://crworkspace.s3.ap-south-1.amazonaws.com/crdhs/private/2024/9/25/recording7249583883607359247.mp3,-zyFRMyXg8CTRStiTpyxTg
https://crworkspace.s3.ap-south-1.amazonaws.com/crdhs/private/2024/11/26/recording.mp3,-8AhiNg6tiGz8N7jiEqUFA
https://crworkspace.s3.ap-south-1.amazonaws.com/crdhs/private/2024/9/24/recording8075973476046850495.mp3,nQLz9x_MeOn5Yu7fRe3qWw
https://crworkspace.s3.ap-south-1.amazonaws.com/crdhs/private/2024/9/23/recording17011068904618527509.mp3,OAPGNcvHb-lwHFPr9nN4_Q
https://crworkspace.s3.ap-south-1.amazonaws.com/crdhs/private/2024/11/6/recording.mp3,--HarojsWojLTjUTow1RHA
https://crworkspace.s3.ap-south-1.amazonaws.com/crdhs/private/2024/9/20/recording4109060860033374410.mp3,GNAjYH0tYklad0waAC-28A
https://crworkspace.s3.ap-south-1.amazonaws.com/crdhs/private/2024/9/24/recording17800088773465017220.mp3,tk9EVA_krjqKAwwbWNaUuw
https://crworkspace.s3.ap-south-1.amazonaws.com/crdhs/private/2024/9/23/recording10155653367644928349.mp3,XFfOHEk2tmWD3DQ4pGZtJQ
https://crworkspace.s3.ap-south-1.amazonaws.com/crdhs/private/2024/9/23/recording9512158862630330492.mp3,gHFbPn8ssiBEhkcGSWgS9Q
https://crworkspace.s3.ap-south-1.amazonaws.com/crdhs/private/2024/9/26/recording1251683530137638338.mp3,rvHsIxWy2VyNOCadW3UJZg
https://crworkspace.s3.ap-south-1.amazonaws.com/crdhs/private/2024/11/21/recording.mp3,--CsMlwV1w_m0om101_Z1w
https://crworkspace.s3.ap-south-1.amazonaws.com/crdhs/private/2024/11/6/recording.mp3,--HarojsWojLTjUTow1RHA
https://crworkspace.s3.ap-south-1.amazonaws.com/crdhs/private/2024/11/26/recording.mp3,-8AhiNg6tiGz8N7jiEqUFA
https://crworkspace.s3.ap-south-1.amazonaws.com/crdhs/private/2024/9/24/recording907855579353843747.mp3,rYTS7MpFdg-mh6MnvpJilg
https://crworkspace.s3.ap-south-1.amazonaws.com/crdhs/private/2024/11/21/recording.mp3,--CsMlwV1w_m0om101_Z1w
https://crworkspace.s3.ap-south-1.amazonaws.com/crdhs/private/2024/9/24/recording3337134636404311441.mp3,sZQd9UBX73_H-02AvxTlRg
https://crworkspace.s3.ap-south-1.amazonaws.com/crdhs/private/2024/9/20/recording10208863001253745365.mp3,YHosTv79TD1_u9MfugPepQ
https://crworkspace.s3.ap-south-1.amazonaws.com/crdhs/private/2024/10/7/recording13651381036694160521.mp3,fPtEHCR7TqVFSlOdZbmLwg
https://crworkspace.s3.ap-south-1.amazonaws.com/crdhs/private/2024/11/6/recording.mp3,--HarojsWojLTjUTow1RHA
https://crworkspace.s3.ap-south-1.amazonaws.com/crdhs/private/2024/11/6/recording.mp3,--HarojsWojLTjUTow1RHA
https://crworkspace.s3.ap-south-1.amazonaws.com/crdhs/private/2024/9/23/recording11995388488290373531.mp3,l1L-fdnwlZiT0Bkg4S5SWA
https://crworkspace.s3.ap-south-1.amazonaws.com/crdhs/private/2024/9/23/recording13177753793801080934.mp3,Gbn5gvtUQkDvm2A-wfZ9Wg
https://crworkspace.s3.ap-south-1.amazonaws.com/crdhs/private/2024/9/23/recording11145629654401633576.mp3,0S1WbDuKgQYb6-2E-MpexQ
https://crworkspace.s3.ap-south-1.amazonaws.com/crdhs/private/2024/11/26/recording.mp3,-8AhiNg6tiGz8N7jiEqUFA
https://crworkspace.s3.ap-south-1.amazonaws.com/crdhs/private/2024/11/26/recording.mp3,-8AhiNg6tiGz8N7jiEqUFA
https://crworkspace.s3.ap-south-1.amazonaws.com/crdhs/private/2024/11/21/recording.mp3,--CsMlwV1w_m0om101_Z1w
https://crworkspace.s3.ap-south-1.amazonaws.com/crdhs/private/2024/11/26/recording.mp3,-8AhiNg6tiGz8N7jiEqUFA
https://crworkspace.s3.ap-south-1.amazonaws.com/crdhs/private/2024/11/26/recording.mp3,-8AhiNg6tiGz8N7jiEqUFA
https://crworkspace.s3.ap-south-1.amazonaws.com/crdhs/private/2024/11/26/recording.mp3,-8AhiNg6tiGz8N7jiEqUFA
https://crworkspace.s3.ap-south-1.amazonaws.com/crdhs/private/2024/11/21/recording.mp3,--CsMlwV1w_m0om101_Z1w
https://crworkspace.s3.ap-south-1.amazonaws.com/crdhs/private/2024/9/23/recording6019129681798813401.mp3,7AwMyIptz44Pu-gaj-QFsQ
https://crworkspace.s3.ap-south-1.amazonaws.com/crdhs/private/2024/11/6/recording.mp3,--HarojsWojLTjUTow1RHA
https://crworkspace.s3.ap-south-1.amazonaws.com/crdhs/private/2024/9/26/recording3715215138959731429.mp3,gJd1P8JXrTrBmYy2zZlszg
https://crworkspace.s3.ap-south-1.amazonaws.com/crdhs/private/2024/9/24/recording8412696420498518204.mp3,VL_LJV0uECk2L_1SCXIvFA
https://crworkspace.s3.ap-south-1.amazonaws.com/crdhs/private/2024/9/23/recording6307634749605791926.mp3,s2PcaUpfbjbff5_qQ0OSJA
https://crworkspace.s3.ap-south-1.amazonaws.com/crdhs/private/2024/9/24/recording13340223729685465876.mp3,WAOdfD807a06r7IFO9kylw
https://crworkspace.s3.ap-south-1.amazonaws.com/crdhs/private/2024/11/26/recording.mp3,-8AhiNg6tiGz8N7jiEqUFA
https://crworkspace.s3.ap-south-1.amazonaws.com/crdhs/private/2024/11/21/recording.mp3,--CsMlwV1w_m0om101_Z1w
https://crworkspace.s3.ap-south-1.amazonaws.com/crdhs/private/2024/11/6/recording.mp3,--HarojsWojLTjUTow1RHA
https://crworkspace.s3.ap-south-1.amazonaws.com/crdhs/private/2024/11/6/recording.mp3,--HarojsWojLTjUTow1RHA
https://crworkspace.s3.ap-south-1.amazonaws.com/crdhs/private/2024/9/24/recording16405524694678328965.mp3,yGvk-RLwEL5Lxr1ooaaung
https://crworkspace.s3.ap-south-1.amazonaws.com/crdhs/private/2024/9/24/recording18183077082369407551.mp3,meFm5BIDaNriR5iNY4HI2w
https://crworkspace.s3.ap-south-1.amazonaws.com/crdhs/private/2024/11/21/recording.mp3,--CsMlwV1w_m0om101_Z1w
https://crworkspace.s3.ap-south-1.amazonaws.com/crdhs/private/2024/11/21/recording.mp3,--CsMlwV1w_m0om101_Z1w
https://crworkspace.s3.ap-south-1.amazonaws.com/crdhs/private/2024/11/6/recording.mp3,--HarojsWojLTjUTow1RHA
https://crworkspace.s3.ap-south-1.amazonaws.com/crdhs/private/2024/9/23/recording10494198162265525476.mp3,s-zB_H-VksJErRE5cLMtSg
https://crworkspace.s3.ap-south-1.amazonaws.com/crdhs/private/2024/11/6/recording.mp3,--HarojsWojLTjUTow1RHA
https://crworkspace.s3.ap-south-1.amazonaws.com/crdhs/private/2024/11/21/recording.mp3,--CsMlwV1w_m0om101_Z1w
https://crworkspace.s3.ap-south-1.amazonaws.com/crdhs/private/2024/11/21/recording.mp3,--CsMlwV1w_m0om101_Z1w
https://crworkspace.s3.ap-south-1.amazonaws.com/crdhs/private/2024/11/26/recording.mp3,-8AhiNg6tiGz8N7jiEqUFA
https://crworkspace.s3.ap-south-1.amazonaws.com/crdhs/private/2024/11/26/recording.mp3,-8AhiNg6tiGz8N7jiEqUFA
https://crworkspace.s3.ap-south-1.amazonaws.com/crdhs/private/2024/11/26/recording.mp3,-8AhiNg6tiGz8N7jiEqUFA
https://crworkspace.s3.ap-south-1.amazonaws.com/crdhs/private/2024/11/26/recording.mp3,-8AhiNg6tiGz8N7jiEqUFA
https://crworkspace.s3.ap-south-1.amazonaws.com/crdhs/private/2024/9/24/recording3952047688690895194.mp3,L90JE4dNqQrBvGplHQDl6g
https://crworkspace.s3.ap-south-1.amazonaws.com/crdhs/private/2024/11/6/recording.mp3,--HarojsWojLTjUTow1RHA
https://crworkspace.s3.ap-south-1.amazonaws.com/crdhs/private/2024/11/6/recording.mp3,--HarojsWojLTjUTow1RHA
https://crworkspace.s3.ap-south-1.amazonaws.com/crdhs/private/2024/9/21/recording826706967625358278.mp3,xysnTD0_wuHCTq9Ca2dJoA
https://crworkspace.s3.ap-south-1.amazonaws.com/crdhs/private/2024/11/6/recording.mp3,--HarojsWojLTjUTow1RHA
https://crworkspace.s3.ap-south-1.amazonaws.com/crdhs/private/2024/11/26/recording.mp3,-8AhiNg6tiGz8N7jiEqUFA
https://crworkspace.s3.ap-south-1.amazonaws.com/crdhs/private/2024/9/26/recording17811614499537618891.mp3,7mFi5Amtr2sKEZsKvYz3Zw
https://crworkspace.s3.ap-south-1.amazonaws.com/crdhs/private/2024/9/23/recording17347868516484634051.mp3,Se-oUk71QLEoXUSWzbnTtQ
https://crworkspace.s3.ap-south-1.amazonaws.com/crdhs/private/2024/11/21/recording.mp3,--CsMlwV1w_m0om101_Z1w
https://crworkspace.s3.ap-south-1.amazonaws.com/crdhs/private/2024/11/26/recording.mp3,-8AhiNg6tiGz8N7jiEqUFA
https://crworkspace.s3.ap-south-1.amazonaws.com/crdhs/private/2024/9/20/recording11869889832575701909.mp3,HbCdbmvn_Ux_VJvVaBe5UA
https://crworkspace.s3.ap-south-1.amazonaws.com/crdhs/private/2024/9/21/recording3094676835723853705.mp3,WSaf22rBTrzllZpzu9DqQQ
https://crworkspace.s3.ap-south-1.amazonaws.com/crdhs/private/2024/11/21/recording.mp3,--CsMlwV1w_m0om101_Z1w
https://crworkspace.s3.ap-south-1.amazonaws.com/crdhs/private/2024/9/23/recording221323743490987979.mp3,5wSXGeCeQRVVNk2POia_mQ
https://crworkspace.s3.ap-south-1.amazonaws.com/crdhs/private/2024/9/23/recording6700467020304813427.mp3,dbrRQWjydpjlzg-46_He-w
https://crworkspace.s3.ap-south-1.amazonaws.com/crdhs/private/2024/9/23/recording11564702768737187689.mp3,WE5_-eS0Y3FtwiDJMi3iyw
https://crworkspace.s3.ap-south-1.amazonaws.com/crdhs/private/2024/9/25/recording2555621110849183291.mp3,x9bxdcbuPZJu-RFIX6L8XA
https://crworkspace.s3.ap-south-1.amazonaws.com/crdhs/private/2024/9/27/recording5027079283621079928.mp3,dxttT2Bv2bJ1bqZyYWnduw
https://crworkspace.s3.ap-south-1.amazonaws.com/crdhs/private/2024/11/6/recording.mp3,--HarojsWojLTjUTow1RHA
https://crworkspace.s3.ap-south-1.amazonaws.com/crdhs/private/2024/11/21/recording.mp3,--CsMlwV1w_m0om101_Z1w
https://crworkspace.s3.ap-south-1.amazonaws.com/crdhs/private/2024/11/6/recording.mp3,--HarojsWojLTjUTow1RHA
https://crworkspace.s3.ap-south-1.amazonaws.com/crdhs/private/2024/11/6/recording.mp3,--HarojsWojLTjUTow1RHA
https://crworkspace.s3.ap-south-1.amazonaws.com/crdhs/private/2024/9/23/recording13246906151682377712.mp3,MvPP7Kj-XI-TXhQ4zlsWsA
https://crworkspace.s3.ap-south-1.amazonaws.com/crdhs/private/2024/9/20/recording2879895427201450341.mp3,l_StgGnte1hpX-FBBP1JLA
https://crworkspace.s3.ap-south-1.amazonaws.com/crdhs/private/2024/9/24/recording5920041598017125629.mp3,ZK74rYnztF7dCRZR2FMxIw
https://crworkspace.s3.ap-south-1.amazonaws.com/crdhs/private/2024/9/21/recording10788290161374788078.mp3,IwePL0-xWN9cOhsX5Me6lQ
https://crworkspace.s3.ap-south-1.amazonaws.com/crdhs/private/2024/9/23/recording9532966249810593801.mp3,lNlOI_KydanOjfO_QMfQwQ
https://crworkspace.s3.ap-south-1.amazonaws.com/crdhs/private/2024/9/20/recording15024786092784653657.mp3,drSzQCapVc7dVTE_CRAo-g
https://crworkspace.s3.ap-south-1.amazonaws.com/crdhs/private/2024/11/21/recording.mp3,--CsMlwV1w_m0om101_Z1w
https://crworkspace.s3.ap-south-1.amazonaws.com/crdhs/private/2024/11/6/recording.mp3,--HarojsWojLTjUTow1RHA
https://crworkspace.s3.ap-south-1.amazonaws.com/crdhs/private/2024/9/23/recording5186962329594018646.mp3,jyHbae1epuXfTDi8g9gVvw
https://crworkspace.s3.ap-south-1.amazonaws.com/crdhs/private/2024/9/24/recording8161260775875786786.mp3,ZeLM2e05WYn4VD8C4gdwEA
https://crworkspace.s3.ap-south-1.amazonaws.com/crdhs/private/2024/9/24/recording17527732535717351278.mp3,EkfSJaJ8cGyfC9L5HojNCQ
https://crworkspace.s3.ap-south-1.amazonaws.com/crdhs/private/2024/9/24/recording14241784076521907799.mp3,YPlyRPugKaoPrSVGAYT9hQ
https://crworkspace.s3.ap-south-1.amazonaws.com/crdhs/private/2024/9/23/recording7158666569902162612.mp3,cA7zyV75kdRwgv8mvxjVMw
https://crworkspace.s3.ap-south-1.amazonaws.com/crdhs/private/2024/12/8/recording.mp3,-1XRc32W8XtdNezq7w2NZg
https://crworkspace.s3.ap-south-1.amazonaws.com/crdhs/private/2024/11/6/recording.mp3,--HarojsWojLTjUTow1RHA
https://crworkspace.s3.ap-south-1.amazonaws.com/crdhs/private/2024/9/21/recording2498809092985226726.mp3,wdK9iyCSFzjb_drrkoMDdw
https://crworkspace.s3.ap-south-1.amazonaws.com/crdhs/private/2024/9/23/recording14006312271960978616.mp3,zK4HTPB9F8AVTW54vN6hfw
https://crworkspace.s3.ap-south-1.amazonaws.com/crdhs/private/2024/9/23/recording17192645054213805394.mp3,DZdTE_cIwMvICghmYmpC8w
https://crworkspace.s3.ap-south-1.amazonaws.com/crdhs/private/2024/9/26/recording2110729069510791418.mp3,EjR9uPfEu7zgGJmOv2e--g
https://crworkspace.s3.ap-south-1.amazonaws.com/crdhs/private/2024/9/21/recording4824368996741294906.mp3,SoGFkwTWZp6cmymhg8qvYw
https://crworkspace.s3.ap-south-1.amazonaws.com/crdhs/private/2024/11/26/recording.mp3,-8AhiNg6tiGz8N7jiEqUFA
https://crworkspace.s3.ap-south-1.amazonaws.com/crdhs/private/2024/9/23/recording10971696890951896625.mp3,LNCU2l4QhdNvIyNdEmGJxg
https://crworkspace.s3.ap-south-1.amazonaws.com/crdhs/private/2024/9/24/recording3064095621034776549.mp3,8-jNWvsQcxulT7YKObh7uw
https://crworkspace.s3.ap-south-1.amazonaws.com/crdhs/private/2024/11/26/recording.mp3,-8AhiNg6tiGz8N7jiEqUFA
https://crworkspace.s3.ap-south-1.amazonaws.com/crdhs/private/2024/11/21/recording.mp3,--CsMlwV1w_m0om101_Z1w
https://crworkspace.s3.ap-south-1.amazonaws.com/crdhs/private/2024/11/26/recording.mp3,-8AhiNg6tiGz8N7jiEqUFA
https://crworkspace.s3.ap-south-1.amazonaws.com/crdhs/private/2024/11/26/recording.mp3,-8AhiNg6tiGz8N7jiEqUFA
https://crworkspace.s3.ap-south-1.amazonaws.com/crdhs/private/2024/11/26/recording.mp3,-8AhiNg6tiGz8N7jiEqUFA
https://crworkspace.s3.ap-south-1.amazonaws.com/crdhs/private/2024/9/24/recording13702572588149617616.mp3,gpzaq-qAo2r0pudibInijA
https://crworkspace.s3.ap-south-1.amazonaws.com/crdhs/private/2024/9/27/recording12005893043461562216.mp3,TvFZ6Bs4ER-IC4D6Ox8oSg
https://crworkspace.s3.ap-south-1.amazonaws.com/crdhs/private/2024/11/6/recording.mp3,--HarojsWojLTjUTow1RHA
https://crworkspace.s3.ap-south-1.amazonaws.com/crdhs/private/2024/11/6/recording.mp3,--HarojsWojLTjUTow1RHA
https://crworkspace.s3.ap-south-1.amazonaws.com/crdhs/private/2024/9/21/recording4597276670272548553.mp3,_EjtNBNr78hAwCdWZX5C_w
https://crworkspace.s3.ap-south-1.amazonaws.com/crdhs/private/2024/11/21/recording.mp3,--CsMlwV1w_m0om101_Z1w
https://crworkspace.s3.ap-south-1.amazonaws.com/crdhs/private/2024/11/21/recording.mp3,--CsMlwV1w_m0om101_Z1w
https://crworkspace.s3.ap-south-1.amazonaws.com/crdhs/private/2024/10/6/recording10497698210852433133.mp3,alS7F0d_r8zWI3bpzJ6Y7g
https://crworkspace.s3.ap-south-1.amazonaws.com/crdhs/private/2024/9/21/recording8244345307834730988.mp3,e_RVYWlv6_0ESZK1O5WANA
https://crworkspace.s3.ap-south-1.amazonaws.com/crdhs/private/2024/9/27/recording16767173540825311890.mp3,nHrMAFpgL_lrnGql1NjtKA
https://crworkspace.s3.ap-south-1.amazonaws.com/crdhs/private/2024/11/21/recording.mp3,--CsMlwV1w_m0om101_Z1w
https://crworkspace.s3.ap-south-1.amazonaws.com/crdhs/private/2024/9/23/recording9132427883436328625.mp3,HfXqMcZqd_XmtCTwBx0GTg
https://crworkspace.s3.ap-south-1.amazonaws.com/crdhs/private/2024/11/6/recording.mp3,--HarojsWojLTjUTow1RHA
https://crworkspace.s3.ap-south-1.amazonaws.com/crdhs/private/2024/9/24/recording18158288238446551683.mp3,EA4R7Yfi815viyik_wTHMg
https://crworkspace.s3.ap-south-1.amazonaws.com/crdhs/private/2024/11/21/recording.mp3,--CsMlwV1w_m0om101_Z1w
https://crworkspace.s3.ap-south-1.amazonaws.com/crdhs/private/2024/11/26/recording.mp3,-8AhiNg6tiGz8N7jiEqUFA
https://crworkspace.s3.ap-south-1.amazonaws.com/crdhs/private/2024/10/6/recording5930741099118529875.mp3,G1AkQ7K6XFbZpaNl1vd-OA
https://crworkspace.s3.ap-south-1.amazonaws.com/crdhs/private/2024/11/21/recording.mp3,--CsMlwV1w_m0om101_Z1w
https://crworkspace.s3.ap-south-1.amazonaws.com/crdhs/private/2024/11/6/recording.mp3,--HarojsWojLTjUTow1RHA
https://crworkspace.s3.ap-south-1.amazonaws.com/crdhs/private/2024/9/23/recording12481482407612233113.mp3,lnbETJ_lqtXtn8vYVdanbQ
https://crworkspace.s3.ap-south-1.amazonaws.com/crdhs/private/2024/9/23/recording4315114771427075968.mp3,0puk35y2Wb-evWDRAVeg4g
https://crworkspace.s3.ap-south-1.amazonaws.com/crdhs/private/2024/11/21/recording.mp3,--CsMlwV1w_m0om101_Z1w
https://crworkspace.s3.ap-south-1.amazonaws.com/crdhs/private/2024/10/6/recording14924390625026844882.mp3,IPMwEFSGmIZOHM9imJuvBg
https://crworkspace.s3.ap-south-1.amazonaws.com/crdhs/private/2024/9/21/recording15542752193616833697.mp3,LZZhYpnRBiqUxmLFZeto9A
https://crworkspace.s3.ap-south-1.amazonaws.com/crdhs/private/2024/11/26/recording.mp3,-8AhiNg6tiGz8N7jiEqUFA
https://crworkspace.s3.ap-south-1.amazonaws.com/crdhs/private/2024/11/6/recording.mp3,--HarojsWojLTjUTow1RHA
https://crworkspace.s3.ap-south-1.amazonaws.com/crdhs/private/2024/11/6/recording.mp3,--HarojsWojLTjUTow1RHA
https://crworkspace.s3.ap-south-1.amazonaws.com/crdhs/private/2024/9/23/recording11107495545366624413.mp3,EuImKPgwyr7k3JIH7PiNeg
https://crworkspace.s3.ap-south-1.amazonaws.com/crdhs/private/2024/9/20/recording10282840253068703646.mp3,QiLMlCCHlm0_FUHGPIvMKw
https://crworkspace.s3.ap-south-1.amazonaws.com/crdhs/private/2024/10/6/recording15143169125708699374.mp3,Vy9ddH3V6gcP6oD96clGgQ
https://crworkspace.s3.ap-south-1.amazonaws.com/crdhs/private/2024/10/6/recording16300153457827039721.mp3,EkNqSMpYilcqJPB5VKXMEw
https://crworkspace.s3.ap-south-1.amazonaws.com/crdhs/private/2024/11/6/recording.mp3,--HarojsWojLTjUTow1RHA
https://crworkspace.s3.ap-south-1.amazonaws.com/crdhs/private/2024/11/26/recording.mp3,-8AhiNg6tiGz8N7jiEqUFA
https://crworkspace.s3.ap-south-1.amazonaws.com/crdhs/private/2024/11/6/recording.mp3,--HarojsWojLTjUTow1RHA
https://crworkspace.s3.ap-south-1.amazonaws.com/crdhs/private/2024/11/21/recording.mp3,--CsMlwV1w_m0om101_Z1w
https://crworkspace.s3.ap-south-1.amazonaws.com/crdhs/private/2024/10/6/recording3813768303575762331.mp3,h9gu_-R7K2rgwYeoifL7Qw
https://crworkspace.s3.ap-south-1.amazonaws.com/crdhs/private/2024/11/6/recording.mp3,--HarojsWojLTjUTow1RHA
https://crworkspace.s3.ap-south-1.amazonaws.com/crdhs/private/2024/11/6/recording.mp3,--HarojsWojLTjUTow1RHA
https://crworkspace.s3.ap-south-1.amazonaws.com/crdhs/private/2024/9/25/recording17636964639297055362.mp3,WnWfkVkYZetlw5Ey-UwERw
https://crworkspace.s3.ap-south-1.amazonaws.com/crdhs/private/2024/11/6/recording.mp3,--HarojsWojLTjUTow1RHA
https://crworkspace.s3.ap-south-1.amazonaws.com/crdhs/private/2024/11/26/recording.mp3,-8AhiNg6tiGz8N7jiEqUFA
https://crworkspace.s3.ap-south-1.amazonaws.com/crdhs/private/2024/11/6/recording.mp3,--HarojsWojLTjUTow1RHA
https://crworkspace.s3.ap-south-1.amazonaws.com/crdhs/private/2024/9/24/recording15844074587755391892.mp3,n5pc936KzqwDGWdWbB9XMw
https://crworkspace.s3.ap-south-1.amazonaws.com/crdhs/private/2024/9/26/recording14783058863140863965.mp3,4h6z6O-bX8B9EP-CtBNVWg
https://crworkspace.s3.ap-south-1.amazonaws.com/crdhs/private/2024/11/6/recording.mp3,--HarojsWojLTjUTow1RHA
https://crworkspace.s3.ap-south-1.amazonaws.com/crdhs/private/2024/11/26/recording.mp3,-8AhiNg6tiGz8N7jiEqUFA
https://crworkspace.s3.ap-south-1.amazonaws.com/crdhs/private/2024/9/21/recording14400110310363878586.mp3,s4xY4U5xKAJL7mUzdCpu1w
https://crworkspace.s3.ap-south-1.amazonaws.com/crdhs/private/2024/9/20/recording15305149301487168570.mp3,Qzcoc-WbQayrj2YVjOKEXw
https://crworkspace.s3.ap-south-1.amazonaws.com/crdhs/private/2024/11/6/recording.mp3,--HarojsWojLTjUTow1RHA
https://crworkspace.s3.ap-south-1.amazonaws.com/crdhs/private/2024/9/25/recording5602876169727427816.mp3,mGA0XwViJAlp9Y1jXAsmfQ
https://crworkspace.s3.ap-south-1.amazonaws.com/crdhs/private/2024/9/23/recording6787407165731589545.mp3,oXtb7JPh6iv3Fn7zB7jCFA
https://crworkspace.s3.ap-south-1.amazonaws.com/crdhs/private/2024/11/6/recording.mp3,--HarojsWojLTjUTow1RHA
https://crworkspace.s3.ap-south-1.amazonaws.com/crdhs/private/2024/11/6/recording.mp3,--HarojsWojLTjUTow1RHA
https://crworkspace.s3.ap-south-1.amazonaws.com/crdhs/private/2024/11/21/recording.mp3,--CsMlwV1w_m0om101_Z1w
https://crworkspace.s3.ap-south-1.amazonaws.com/crdhs/private/2024/11/26/recording.mp3,-8AhiNg6tiGz8N7jiEqUFA
https://crworkspace.s3.ap-south-1.amazonaws.com/crdhs/private/2024/9/20/recording694686477526014188.mp3,pzgeGzAJF78qts-Fru0I2A
https://crworkspace.s3.ap-south-1.amazonaws.com/crdhs/private/2024/9/24/recording16160085653202831912.mp3,315PLLHmD9cl-oiEsIRAHg
https://crworkspace.s3.ap-south-1.amazonaws.com/crdhs/private/2024/11/6/recording.mp3,--HarojsWojLTjUTow1RHA
https://crworkspace.s3.ap-south-1.amazonaws.com/crdhs/private/2024/11/6/recording.mp3,--HarojsWojLTjUTow1RHA
https://crworkspace.s3.ap-south-1.amazonaws.com/crdhs/private/2024/11/26/recording.mp3,-8AhiNg6tiGz8N7jiEqUFA
https://crworkspace.s3.ap-south-1.amazonaws.com/crdhs/private/2024/11/26/recording.mp3,-8AhiNg6tiGz8N7jiEqUFA
https://crworkspace.s3.ap-south-1.amazonaws.com/crdhs/private/2024/11/26/recording.mp3,-8AhiNg6tiGz8N7jiEqUFA
https://crworkspace.s3.ap-south-1.amazonaws.com/crdhs/private/2024/11/26/recording.mp3,-8AhiNg6tiGz8N7jiEqUFA
https://crworkspace.s3.ap-south-1.amazonaws.com/crdhs/private/2024/11/26/recording.mp3,-8AhiNg6tiGz8N7jiEqUFA
https://crworkspace.s3.ap-south-1.amazonaws.com/crdhs/private/2024/11/6/recording.mp3,--HarojsWojLTjUTow1RHA
https://crworkspace.s3.ap-south-1.amazonaws.com/crdhs/private/2024/11/26/recording.mp3,-8AhiNg6tiGz8N7jiEqUFA
https://crworkspace.s3.ap-south-1.amazonaws.com/crdhs/private/2024/11/6/recording.mp3,--HarojsWojLTjUTow1RHA
https://crworkspace.s3.ap-south-1.amazonaws.com/crdhs/private/2024/11/26/recording.mp3,-8AhiNg6tiGz8N7jiEqUFA
https://crworkspace.s3.ap-south-1.amazonaws.com/crdhs/private/2024/11/6/recording.mp3,--HarojsWojLTjUTow1RHA
https://crworkspace.s3.ap-south-1.amazonaws.com/crdhs/private/2024/9/24/recording13224032448389899846.mp3,nymzu8YiLXKDTyUErgzCaQ
https://crworkspace.s3.ap-south-1.amazonaws.com/crdhs/private/2024/10/6/recording6382818673192399890.mp3,nWdHD0tdCeygDCNyOFz2bA
https://crworkspace.s3.ap-south-1.amazonaws.com/crdhs/private/2024/11/6/recording.mp3,--HarojsWojLTjUTow1RHA
https://crworkspace.s3.ap-south-1.amazonaws.com/crdhs/private/2024/11/21/recording.mp3,--CsMlwV1w_m0om101_Z1w
https://crworkspace.s3.ap-south-1.amazonaws.com/crdhs/private/2024/10/6/recording10920003931190453916.mp3,ks4PfsVTB5simbwYN1P88w
https://crworkspace.s3.ap-south-1.amazonaws.com/crdhs/private/2024/11/21/recording.mp3,--CsMlwV1w_m0om101_Z1w
https://crworkspace.s3.ap-south-1.amazonaws.com/crdhs/private/2024/9/21/recording229121031791241359.mp3,fLbAK5BlyNiocXm-UzsJRg
https://crworkspace.s3.ap-south-1.amazonaws.com/crdhs/private/2024/9/25/recording16896084730554452496.mp3,byyPTAxx3cQAeN81eQLbKQ
https://crworkspace.s3.ap-south-1.amazonaws.com/crdhs/private/2024/9/21/recording6208942055086564670.mp3,IojVHAoGlIO6DKlRmsXdWA
https://crworkspace.s3.ap-south-1.amazonaws.com/crdhs/private/2024/9/25/recording15313356763178906499.mp3,6k-AGRZtrArU6--EYdwlLg
https://crworkspace.s3.ap-south-1.amazonaws.com/crdhs/private/2024/9/25/recording4962229577713630374.mp3,jgN-2ci7LBqB3T7lL6cFPQ
https://crworkspace.s3.ap-south-1.amazonaws.com/crdhs/private/2024/9/20/recording8649559438985670350.mp3,msYcfRtB1ZfCb-xBwNhu2A
https://crworkspace.s3.ap-south-1.amazonaws.com/crdhs/private/2024/9/23/recording9548943269962373251.mp3,6Vk3zvXrYftaOZaYqCUT5g
https://crworkspace.s3.ap-south-1.amazonaws.com/crdhs/private/2024/9/25/recording17525194419337928698.mp3,JyMANKqqlfhePG_MCc_5Eg
https://crworkspace.s3.ap-south-1.amazonaws.com/crdhs/private/2024/9/20/recording11622625625022232084.mp3,-d7YBy0g3VYB3nVIpXhm3g
https://crworkspace.s3.ap-south-1.amazonaws.com/crdhs/private/2024/9/23/recording1230454515351943789.mp3,vko5n6HM3Olnz0h86bPuug
https://crworkspace.s3.ap-south-1.amazonaws.com/crdhs/private/2024/9/23/recording1943088924610399484.mp3,LEc7lbRs83Gsh5fgUEWcSw
https://crworkspace.s3.ap-south-1.amazonaws.com/crdhs/private/2024/9/26/recording10753070091971469094.mp3,Q6m3kK44mHARIBj9Km2idA
https://crworkspace.s3.ap-south-1.amazonaws.com/crdhs/private/2024/9/21/recording8708375428418916746.mp3,8ml-KvzDZmSStIOni4c-yQ
https://crworkspace.s3.ap-south-1.amazonaws.com/crdhs/private/2024/9/20/recording12756845678835189752.mp3,KC4djngAi9e5142BNws9Ug
https://crworkspace.s3.ap-south-1.amazonaws.com/crdhs/private/2024/9/26/recording6699436363484658786.mp3,oh3l1ws0kUo66kTDD0Jfbg
https://crworkspace.s3.ap-south-1.amazonaws.com/crdhs/private/2024/9/23/recording16914859050483403062.mp3,aXiZeY8yWjE5XbEuw2GRmQ
https://crworkspace.s3.ap-south-1.amazonaws.com/crdhs/private/2024/9/26/recording10454759511830002404.mp3,Ew1Mrn0_uZN9j8qSdxaqdQ
https://crworkspace.s3.ap-south-1.amazonaws.com/crdhs/private/2024/9/20/recording17590102193987164302.mp3,GyBv7ftHn2ZRl-Zt31MP0w
https://crworkspace.s3.ap-south-1.amazonaws.com/crdhs/private/2024/9/25/recording12775781687198656245.mp3,0GrPcZX9W0J-dSs3cupuBw
https://crworkspace.s3.ap-south-1.amazonaws.com/crdhs/private/2024/9/23/recording5545969399147811791.mp3,HNdC8SmK3c6zQCTs7xTMVA
https://crworkspace.s3.ap-south-1.amazonaws.com/crdhs/private/2024/9/23/recording17783054953732319995.mp3,LP9g62ZY51fAzTX1gXDYZg
https://crworkspace.s3.ap-south-1.amazonaws.com/crdhs/private/2024/9/23/recording14573636734556572988.mp3,Q_iZBLtFe0Lgue93nl8qQw
https://crworkspace.s3.ap-south-1.amazonaws.com/crdhs/private/2024/9/26/recording16174716606163597500.mp3,fTg1yCIzFdXNWHb-8eC5aA
https://crworkspace.s3.ap-south-1.amazonaws.com/crdhs/private/2024/9/27/recording796704777294449798.mp3,dIdWluB-Pq6eE1DluDtyiQ
https://crworkspace.s3.ap-south-1.amazonaws.com/crdhs/private/2024/10/6/recording9349547823125201542.mp3,B-6WszyPOO8WRl9Hd91Cwg
https://crworkspace.s3.ap-south-1.amazonaws.com/crdhs/private/2024/9/26/recording8740640403171331280.mp3,uyYt49ah8mlD1dsgm7qI-Q
https://crworkspace.s3.ap-south-1.amazonaws.com/crdhs/private/2024/10/7/recording17248253474962551988.mp3,PF4Iaurhdb8ffWs14Nb7Vw
https://crworkspace.s3.ap-south-1.amazonaws.com/crdhs/private/2024/9/24/recording8575248552781746780.mp3,RZwflpjkuhchP9dndAI0_w
https://crworkspace.s3.ap-south-1.amazonaws.com/crdhs/private/2024/11/26/recording.mp3,-8AhiNg6tiGz8N7jiEqUFA
https://crworkspace.s3.ap-south-1.amazonaws.com/crdhs/private/2024/11/6/recording.mp3,--HarojsWojLTjUTow1RHA
https://crworkspace.s3.ap-south-1.amazonaws.com/crdhs/private/2024/11/6/recording.mp3,--HarojsWojLTjUTow1RHA
https://crworkspace.s3.ap-south-1.amazonaws.com/crdhs/private/2024/11/21/recording.mp3,--CsMlwV1w_m0om101_Z1w
https://crworkspace.s3.ap-south-1.amazonaws.com/crdhs/private/2024/11/6/recording.mp3,--HarojsWojLTjUTow1RHA
https://crworkspace.s3.ap-south-1.amazonaws.com/crdhs/private/2024/9/23/recording12300578872399270773.mp3,C-qdfl20kNQ71FrGQXEKGQ
https://crworkspace.s3.ap-south-1.amazonaws.com/crdhs/private/2024/11/6/recording.mp3,--HarojsWojLTjUTow1RHA
https://crworkspace.s3.ap-south-1.amazonaws.com/crdhs/private/2024/11/6/recording.mp3,--HarojsWojLTjUTow1RHA
https://crworkspace.s3.ap-south-1.amazonaws.com/crdhs/private/2024/11/21/recording.mp3,--CsMlwV1w_m0om101_Z1w
https://crworkspace.s3.ap-south-1.amazonaws.com/crdhs/private/2024/11/6/recording.mp3,--HarojsWojLTjUTow1RHA
https://crworkspace.s3.ap-south-1.amazonaws.com/crdhs/private/2024/11/6/recording.mp3,--HarojsWojLTjUTow1RHA
https://crworkspace.s3.ap-south-1.amazonaws.com/crdhs/private/2024/10/7/recording16395733697056699350.mp3,wqgeaay1xVC0rbQ7iMZaIg
https://crworkspace.s3.ap-south-1.amazonaws.com/crdhs/private/2024/11/6/recording.mp3,--HarojsWojLTjUTow1RHA
https://crworkspace.s3.ap-south-1.amazonaws.com/crdhs/private/2024/10/7/recording1705554868501615141.mp3,Z-MpUvPKHqaET1zqHuemQQ
https://crworkspace.s3.ap-south-1.amazonaws.com/crdhs/private/2024/11/6/recording.mp3,--HarojsWojLTjUTow1RHA
https://crworkspace.s3.ap-south-1.amazonaws.com/crdhs/private/2024/10/7/recording8930907874431046983.mp3,iTFFIcSnFT6X3CNfSbga-A
https://crworkspace.s3.ap-south-1.amazonaws.com/crdhs/private/2024/11/6/recording.mp3,--HarojsWojLTjUTow1RHA
https://crworkspace.s3.ap-south-1.amazonaws.com/crdhs/private/2024/9/26/recording11925735143094635401.mp3,-1d4P5O31va1Pz41rocD0w
https://crworkspace.s3.ap-south-1.amazonaws.com/crdhs/private/2024/10/6/recording4043221243117839593.mp3,GfBUEjUDlfVRsnE49-xpOg
https://crworkspace.s3.ap-south-1.amazonaws.com/crdhs/private/2024/10/6/recording3469714646171305390.mp3,bYVC-BfjADSI8tj-nH0eRQ
https://crworkspace.s3.ap-south-1.amazonaws.com/crdhs/private/2024/10/7/recording12057108823362632595.mp3,aTUQGeGIkBr35PBcFT_s4w
https://crworkspace.s3.ap-south-1.amazonaws.com/crdhs/private/2024/9/23/recording10962953660238793539.mp3,HDqFeAcOAlfd36NffLQLIg
https://crworkspace.s3.ap-south-1.amazonaws.com/crdhs/private/2024/9/23/recording13579646494147635203.mp3,d7dyqRXjPqrI39P7BqtxIQ
https://crworkspace.s3.ap-south-1.amazonaws.com/crdhs/private/2024/11/6/recording.mp3,--HarojsWojLTjUTow1RHA
https://crworkspace.s3.ap-south-1.amazonaws.com/crdhs/private/2024/9/23/recording10729683778088594120.mp3,DxAuBFDNAUi6ZqSf01xsBw
https://crworkspace.s3.ap-south-1.amazonaws.com/crdhs/private/2024/11/6/recording.mp3,--HarojsWojLTjUTow1RHA
https://crworkspace.s3.ap-south-1.amazonaws.com/crdhs/private/2024/9/24/recording1639759538462637267.mp3,xw0WitThSNRCIZqdp8Ejzg
https://crworkspace.s3.ap-south-1.amazonaws.com/crdhs/private/2024/10/7/recording3288453158086458099.mp3,XBy-CCN5mBspc27ikahhaA
https://crworkspace.s3.ap-south-1.amazonaws.com/crdhs/private/2024/9/23/recording12459985704070691456.mp3,sr_hWw0q5snxYlM_ZzlIDA
https://crworkspace.s3.ap-south-1.amazonaws.com/crdhs/private/2024/11/6/recording.mp3,--HarojsWojLTjUTow1RHA
https://crworkspace.s3.ap-south-1.amazonaws.com/crdhs/private/2024/9/27/recording16416596863801914846.mp3,rt2OG0dAWmI0RMybwG_tKA
https://crworkspace.s3.ap-south-1.amazonaws.com/crdhs/private/2024/9/23/recording16921471019705585005.mp3,gbgl0sgqEev6-Z5lMTk7jw
https://crworkspace.s3.ap-south-1.amazonaws.com/crdhs/private/2024/9/25/recording5733205064928870855.mp3,7_xUZSkU_Wc4-JFqd209lQ
https://crworkspace.s3.ap-south-1.amazonaws.com/crdhs/private/2024/9/27/recording3374468288751517961.mp3,FmpTlXEAXEzxpCTD-Lyyhg
https://crworkspace.s3.ap-south-1.amazonaws.com/crdhs/private/2024/9/20/recording10662023645326233114.mp3,poMZA_5b0Jn7XbjCOOEv1g
https://crworkspace.s3.ap-south-1.amazonaws.com/crdhs/private/2024/9/20/recording2032541676233483706.mp3,1CaaZpY9ryZYf-MKSdUzBQ
https://crworkspace.s3.ap-south-1.amazonaws.com/crdhs/private/2024/9/26/recording12670462151956962615.mp3,ufTdeOavB-J6o8w7GKiyvg
https://crworkspace.s3.ap-south-1.amazonaws.com/crdhs/private/2024/10/7/recording5586647323359089335.mp3,HxSOr2eA7MgjeWxqEfZfNw
https://crworkspace.s3.ap-south-1.amazonaws.com/crdhs/private/2024/9/23/recording16427024049121345292.mp3,LOlQeQnvoNl-GqwXyKDQkw
https://crworkspace.s3.ap-south-1.amazonaws.com/crdhs/private/2024/9/24/recording9621777258579369079.mp3,tvvnQfrJVyOwNuoksHB0qg
https://crworkspace.s3.ap-south-1.amazonaws.com/crdhs/private/2024/9/26/recording12338319708409838455.mp3,5jOWMYeOFTzdjS9S-NApfg
https://crworkspace.s3.ap-south-1.amazonaws.com/crdhs/private/2024/9/24/recording8028448939683905172.mp3,ZkuFPwP5A12uKYV9jsULgQ
https://crworkspace.s3.ap-south-1.amazonaws.com/crdhs/private/2024/9/23/recording6601104402791768226.mp3,WPu7mF-RVzm1-34pIy7zEw
https://crworkspace.s3.ap-south-1.amazonaws.com/crdhs/private/2024/9/23/recording10086525054195049987.mp3,dBJUeE61xmjnSE_NYpay6g
https://crworkspace.s3.ap-south-1.amazonaws.com/crdhs/private/2024/10/7/recording5378281590876571154.mp3,4TPjA3E-ybLRGc3LIuJ9Ww
https://crworkspace.s3.ap-south-1.amazonaws.com/crdhs/private/2024/11/26/recording.mp3,-8AhiNg6tiGz8N7jiEqUFA
https://crworkspace.s3.ap-south-1.amazonaws.com/crdhs/private/2024/9/27/recording7664892547415931997.mp3,O1udbO5POjtlfovEP8GmpQ
https://crworkspace.s3.ap-south-1.amazonaws.com/crdhs/private/2024/9/23/recording721052720512932117.mp3,COXojoh8xFL3cd0jmYEcOg
https://crworkspace.s3.ap-south-1.amazonaws.com/crdhs/private/2024/9/23/recording9300298226224523975.mp3,nClcv35R0WxhDwslxi9Llg
https://crworkspace.s3.ap-south-1.amazonaws.com/crdhs/private/2024/9/25/recording3368527323879156453.mp3,OsrfNQxfkPi1Zz5g4s-wFA
https://crworkspace.s3.ap-south-1.amazonaws.com/crdhs/private/2024/11/21/recording.mp3,--CsMlwV1w_m0om101_Z1w
https://crworkspace.s3.ap-south-1.amazonaws.com/crdhs/private/2024/11/26/recording.mp3,-8AhiNg6tiGz8N7jiEqUFA
https://crworkspace.s3.ap-south-1.amazonaws.com/crdhs/private/2024/11/21/recording.mp3,--CsMlwV1w_m0om101_Z1w
https://crworkspace.s3.ap-south-1.amazonaws.com/crdhs/private/2024/9/23/recording16414605935900499061.mp3,o5R87aVXq5cScSaT54XO5A
https://crworkspace.s3.ap-south-1.amazonaws.com/crdhs/private/2024/11/6/recording.mp3,--HarojsWojLTjUTow1RHA
https://crworkspace.s3.ap-south-1.amazonaws.com/crdhs/private/2024/9/23/recording9189875017654315834.mp3,v79Bdip3B6EdayVeyJ_I1Q
https://crworkspace.s3.ap-south-1.amazonaws.com/crdhs/private/2024/9/24/recording5972917425568556738.mp3,iCoUEaOWcDvNsyO8c6MWcw
https://crworkspace.s3.ap-south-1.amazonaws.com/crdhs/private/2024/11/26/recording.mp3,-8AhiNg6tiGz8N7jiEqUFA
https://crworkspace.s3.ap-south-1.amazonaws.com/crdhs/private/2024/9/26/recording2609411933729347080.mp3,Waj8OLPFmKQuzD3VqHlMDQ
https://crworkspace.s3.ap-south-1.amazonaws.com/crdhs/private/2024/9/23/recording14265797990393864973.mp3,ZvzcLGiftAv6MsAclMAYcA
https://crworkspace.s3.ap-south-1.amazonaws.com/crdhs/private/2024/11/26/recording.mp3,-8AhiNg6tiGz8N7jiEqUFA
https://crworkspace.s3.ap-south-1.amazonaws.com/crdhs/private/2024/10/6/recording15226319074047793786.mp3,RsNN8Ii019f4J9WIwIKvvA
https://crworkspace.s3.ap-south-1.amazonaws.com/crdhs/private/2024/9/23/recording5613059523276136337.mp3,zCqTgzrWhhz4xyvIbu63zQ
https://crworkspace.s3.ap-south-1.amazonaws.com/crdhs/private/2024/9/23/recording6009980714260946671.mp3,-bE3M_dNAyJStyctXDnK7g
https://crworkspace.s3.ap-south-1.amazonaws.com/crdhs/private/2024/9/23/recording11169611693578832264.mp3,_4HUmrBwSQ8uv21RvADAZQ
https://crworkspace.s3.ap-south-1.amazonaws.com/crdhs/private/2024/11/26/recording.mp3,-8AhiNg6tiGz8N7jiEqUFA
https://crworkspace.s3.ap-south-1.amazonaws.com/crdhs/private/2024/11/21/recording.mp3,--CsMlwV1w_m0om101_Z1w
https://crworkspace.s3.ap-south-1.amazonaws.com/crdhs/private/2024/11/26/recording.mp3,-8AhiNg6tiGz8N7jiEqUFA
https://crworkspace.s3.ap-south-1.amazonaws.com/crdhs/private/2024/11/26/recording.mp3,-8AhiNg6tiGz8N7jiEqUFA
https://crworkspace.s3.ap-south-1.amazonaws.com/crdhs/private/2024/10/7/recording4335437094862785376.mp3,yhMsqzwvxIJtd7Hr8cWUfw
https://crworkspace.s3.ap-south-1.amazonaws.com/crdhs/private/2024/11/6/recording.mp3,--HarojsWojLTjUTow1RHA
https://crworkspace.s3.ap-south-1.amazonaws.com/crdhs/private/2024/11/6/recording.mp3,--HarojsWojLTjUTow1RHA
https://crworkspace.s3.ap-south-1.amazonaws.com/crdhs/private/2024/11/21/recording.mp3,--CsMlwV1w_m0om101_Z1w
https://crworkspace.s3.ap-south-1.amazonaws.com/crdhs/private/2024/9/23/recording8923795447268369416.mp3,NqGevwNKaFRcRaVr9GaxMA
https://crworkspace.s3.ap-south-1.amazonaws.com/crdhs/private/2024/11/21/recording.mp3,--CsMlwV1w_m0om101_Z1w
https://crworkspace.s3.ap-south-1.amazonaws.com/crdhs/private/2024/9/23/recording5924181746477033765.mp3,z479topFQ8u1jW30cKQBTQ
https://crworkspace.s3.ap-south-1.amazonaws.com/crdhs/private/2024/9/23/recording5834177610634548878.mp3,qoYD9n_FDl59V37lo3dggw
https://crworkspace.s3.ap-south-1.amazonaws.com/crdhs/private/2024/11/21/recording.mp3,--CsMlwV1w_m0om101_Z1w
https://crworkspace.s3.ap-south-1.amazonaws.com/crdhs/private/2024/11/21/recording.mp3,--CsMlwV1w_m0om101_Z1w
https://crworkspace.s3.ap-south-1.amazonaws.com/crdhs/private/2024/9/27/recording2079814075339504846.mp3,S3NleA69aaqsxes7PaQhUg
https://crworkspace.s3.ap-south-1.amazonaws.com/crdhs/private/2024/11/6/recording.mp3,--HarojsWojLTjUTow1RHA
https://crworkspace.s3.ap-south-1.amazonaws.com/crdhs/private/2024/11/21/recording.mp3,--CsMlwV1w_m0om101_Z1w
https://crworkspace.s3.ap-south-1.amazonaws.com/crdhs/private/2024/9/23/recording9265171226678186594.mp3,Cp_J6Dh4PMd9O4e_EWxTqg
https://crworkspace.s3.ap-south-1.amazonaws.com/crdhs/private/2024/11/26/recording.mp3,-8AhiNg6tiGz8N7jiEqUFA
https://crworkspace.s3.ap-south-1.amazonaws.com/crdhs/private/2024/9/23/recording15170582113641324751.mp3,FdErsJSlnFJ5GndDs81jLg
https://crworkspace.s3.ap-south-1.amazonaws.com/crdhs/private/2024/11/26/recording.mp3,-8AhiNg6tiGz8N7jiEqUFA
https://crworkspace.s3.ap-south-1.amazonaws.com/crdhs/private/2024/11/26/recording.mp3,-8AhiNg6tiGz8N7jiEqUFA
https://crworkspace.s3.ap-south-1.amazonaws.com/crdhs/private/2024/11/26/recording.mp3,-8AhiNg6tiGz8N7jiEqUFA
https://crworkspace.s3.ap-south-1.amazonaws.com/crdhs/private/2024/11/26/recording.mp3,-8AhiNg6tiGz8N7jiEqUFA
https://crworkspace.s3.ap-south-1.amazonaws.com/crdhs/private/2024/9/23/recording1661479464050110053.mp3,GBL1wBR8W-f0PXoqfXmyEQ
https://crworkspace.s3.ap-south-1.amazonaws.com/crdhs/private/2024/9/27/recording14003356658805855063.mp3,ki1H13GWBUmEh5w4OxU04Q
https://crworkspace.s3.ap-south-1.amazonaws.com/crdhs/private/2024/11/26/recording.mp3,-8AhiNg6tiGz8N7jiEqUFA
https://crworkspace.s3.ap-south-1.amazonaws.com/crdhs/private/2024/11/26/recording.mp3,-8AhiNg6tiGz8N7jiEqUFA
https://crworkspace.s3.ap-south-1.amazonaws.com/crdhs/private/2024/9/24/recording15205869311010850960.mp3,LvwK5Ea4FPs7iDnKLRMCIA
https://crworkspace.s3.ap-south-1.amazonaws.com/crdhs/private/2024/10/6/recording4758430571862065432.mp3,qtB45gL5vAfbNoZD5aNqiw
https://crworkspace.s3.ap-south-1.amazonaws.com/crdhs/private/2024/11/26/recording.mp3,-8AhiNg6tiGz8N7jiEqUFA
https://crworkspace.s3.ap-south-1.amazonaws.com/crdhs/private/2024/11/26/recording.mp3,-8AhiNg6tiGz8N7jiEqUFA
https://crworkspace.s3.ap-south-1.amazonaws.com/crdhs/private/2024/11/6/recording.mp3,--HarojsWojLTjUTow1RHA
https://crworkspace.s3.ap-south-1.amazonaws.com/crdhs/private/2024/11/26/recording.mp3,-8AhiNg6tiGz8N7jiEqUFA
https://crworkspace.s3.ap-south-1.amazonaws.com/crdhs/private/2024/9/23/recording16851795729564335466.mp3,LwBvY75RtiPpDbVUH3qZLQ
https://crworkspace.s3.ap-south-1.amazonaws.com/crdhs/private/2024/9/23/recording15962549256521465399.mp3,eTImNaN0cr1N6Oyb5cCpyA
https://crworkspace.s3.ap-south-1.amazonaws.com/crdhs/private/2024/9/23/recording4427878940667335896.mp3,cB-YaEbS-cm23c8YoDwlVw
https://crworkspace.s3.ap-south-1.amazonaws.com/crdhs/private/2024/9/23/recording11059409528234491554.mp3,o8sOPwwoTiJBabebBiOhxQ
https://crworkspace.s3.ap-south-1.amazonaws.com/crdhs/private/2024/9/23/recording4718227316649375308.mp3,yZlYmoO1ukrlZSzM8T4Zjw
https://crworkspace.s3.ap-south-1.amazonaws.com/crdhs/private/2024/9/25/recording3077108764958974338.mp3,rHaD4veHdcub79gWhgKERQ
https://crworkspace.s3.ap-south-1.amazonaws.com/crdhs/private/2024/11/6/recording.mp3,--HarojsWojLTjUTow1RHA
https://crworkspace.s3.ap-south-1.amazonaws.com/crdhs/private/2024/9/25/recording260525056228002294.mp3,ddyDNOeVSQyrlqHV-EKDHw
https://crworkspace.s3.ap-south-1.amazonaws.com/crdhs/private/2024/11/6/recording.mp3,--HarojsWojLTjUTow1RHA
https://crworkspace.s3.ap-south-1.amazonaws.com/crdhs/private/2024/9/27/recording12530672047213536750.mp3,2wZ-HS5pj6IpqnVe72GFkg
https://crworkspace.s3.ap-south-1.amazonaws.com/crdhs/private/2024/11/26/recording.mp3,-8AhiNg6tiGz8N7jiEqUFA
https://crworkspace.s3.ap-south-1.amazonaws.com/crdhs/private/2024/10/7/recording13741695794836463449.mp3,JnYILExy4rftXd-e3jS4XQ
https://crworkspace.s3.ap-south-1.amazonaws.com/crdhs/private/2024/11/6/recording.mp3,--HarojsWojLTjUTow1RHA
https://crworkspace.s3.ap-south-1.amazonaws.com/crdhs/private/2024/9/26/recording8511283546756505956.mp3,SFVObN66tkUqy974IAT8dw
https://crworkspace.s3.ap-south-1.amazonaws.com/crdhs/private/2024/9/23/recording14952565720611224065.mp3,S_GzKOYkEr_Po-rEgnUw2g
https://crworkspace.s3.ap-south-1.amazonaws.com/crdhs/private/2024/11/21/recording.mp3,--CsMlwV1w_m0om101_Z1w
https://crworkspace.s3.ap-south-1.amazonaws.com/crdhs/private/2024/11/21/recording.mp3,--CsMlwV1w_m0om101_Z1w
https://crworkspace.s3.ap-south-1.amazonaws.com/crdhs/private/2024/9/23/recording8103895367334871988.mp3,yaX7p91Xn83dIBOBRM06UA
https://crworkspace.s3.ap-south-1.amazonaws.com/crdhs/private/2024/9/23/recording17715323231705985917.mp3,P5lR7efR0MwexiXNWJ1Ghw
https://crworkspace.s3.ap-south-1.amazonaws.com/crdhs/private/2024/10/6/recording2808581325105151715.mp3,HmXueSqrleqxgs_pkIsW5g
https://crworkspace.s3.ap-south-1.amazonaws.com/crdhs/private/2024/9/23/recording17738131928733376725.mp3,jaEsUVmmo_N-nFtBGN-bWA
https://crworkspace.s3.ap-south-1.amazonaws.com/crdhs/private/2024/9/23/recording11439207236607469784.mp3,7ijPzjd7sDCYPA0w3yY-Cg
https://crworkspace.s3.ap-south-1.amazonaws.com/crdhs/private/2024/11/6/recording.mp3,--HarojsWojLTjUTow1RHA
https://crworkspace.s3.ap-south-1.amazonaws.com/crdhs/private/2024/11/6/recording.mp3,--HarojsWojLTjUTow1RHA
https://crworkspace.s3.ap-south-1.amazonaws.com/crdhs/private/2024/9/23/recording10561046630460576680.mp3,-QaOFDEKWBgEdIJZaRJpCg
https://crworkspace.s3.ap-south-1.amazonaws.com/crdhs/private/2024/10/7/recording18385951600825056404.mp3,neegmVZesDLA-mBt2K7_Ng
https://crworkspace.s3.ap-south-1.amazonaws.com/crdhs/private/2024/11/6/recording.mp3,--HarojsWojLTjUTow1RHA
https://crworkspace.s3.ap-south-1.amazonaws.com/crdhs/private/2024/10/6/recording8573889780519545433.mp3,xeFCf_Hf7RphGj6SyeObPg
https://crworkspace.s3.ap-south-1.amazonaws.com/crdhs/private/2024/10/6/recording7734140368741138529.mp3,gzEdcjy4_Tsrl8spdZHf0Q
https://crworkspace.s3.ap-south-1.amazonaws.com/crdhs/private/2024/11/6/recording.mp3,--HarojsWojLTjUTow1RHA
https://crworkspace.s3.ap-south-1.amazonaws.com/crdhs/private/2024/11/26/recording.mp3,-8AhiNg6tiGz8N7jiEqUFA
https://crworkspace.s3.ap-south-1.amazonaws.com/crdhs/private/2024/9/26/recording14187338725416198269.mp3,xREbBZ9tPs5mCjsv01B4CA
https://crworkspace.s3.ap-south-1.amazonaws.com/crdhs/private/2024/11/6/recording.mp3,--HarojsWojLTjUTow1RHA
https://crworkspace.s3.ap-south-1.amazonaws.com/crdhs/private/2024/9/20/recording12619416136937861086.mp3,IgA4SAATApf58S-V8KfO8w
https://crworkspace.s3.ap-south-1.amazonaws.com/crdhs/private/2024/10/6/recording3961580703609405142.mp3,IvzK8P53JBqXLEuOX_Ibkg
https://crworkspace.s3.ap-south-1.amazonaws.com/crdhs/private/2024/10/7/recording7822398602862996745.mp3,a7408bBV2a2xlnKrAASZug
https://crworkspace.s3.ap-south-1.amazonaws.com/crdhs/private/2024/9/25/recording2842304867503467303.mp3,jjtUR04kpSgE7SFjeAO7Gw
https://crworkspace.s3.ap-south-1.amazonaws.com/crdhs/private/2024/11/6/recording.mp3,--HarojsWojLTjUTow1RHA
https://crworkspace.s3.ap-south-1.amazonaws.com/crdhs/private/2024/11/6/recording.mp3,--HarojsWojLTjUTow1RHA
https://crworkspace.s3.ap-south-1.amazonaws.com/crdhs/private/2024/11/6/recording.mp3,--HarojsWojLTjUTow1RHA
https://crworkspace.s3.ap-south-1.amazonaws.com/crdhs/private/2024/11/21/recording.mp3,--CsMlwV1w_m0om101_Z1w
https://crworkspace.s3.ap-south-1.amazonaws.com/crdhs/private/2024/11/6/recording.mp3,--HarojsWojLTjUTow1RHA
https://crworkspace.s3.ap-south-1.amazonaws.com/crdhs/private/2024/11/6/recording.mp3,--HarojsWojLTjUTow1RHA
https://crworkspace.s3.ap-south-1.amazonaws.com/crdhs/private/2024/9/23/recording13393639931805659336.mp3,MRdYXnKQXcWjUVkhEJ7tKA
https://crworkspace.s3.ap-south-1.amazonaws.com/crdhs/private/2024/9/23/recording13968408795844011562.mp3,7lTye_uK8m12gR5_lm7_2Q
https://crworkspace.s3.ap-south-1.amazonaws.com/crdhs/private/2024/11/6/recording.mp3,--HarojsWojLTjUTow1RHA
https://crworkspace.s3.ap-south-1.amazonaws.com/crdhs/private/2024/11/26/recording.mp3,-8AhiNg6tiGz8N7jiEqUFA
https://crworkspace.s3.ap-south-1.amazonaws.com/crdhs/private/2024/10/7/recording2654486446151858298.mp3,UUW9VVykskkklJ1YcilzBw
https://crworkspace.s3.ap-south-1.amazonaws.com/crdhs/private/2024/11/26/recording.mp3,-8AhiNg6tiGz8N7jiEqUFA
https://crworkspace.s3.ap-south-1.amazonaws.com/crdhs/private/2024/9/26/recording3167507188817394270.mp3,p4RGSVpETNSl8H0BkiEBkg
https://crworkspace.s3.ap-south-1.amazonaws.com/crdhs/private/2024/11/26/recording.mp3,-8AhiNg6tiGz8N7jiEqUFA
https://crworkspace.s3.ap-south-1.amazonaws.com/crdhs/private/2024/11/6/recording.mp3,--HarojsWojLTjUTow1RHA
https://crworkspace.s3.ap-south-1.amazonaws.com/crdhs/private/2024/9/24/recording7076918528027987025.mp3,GrEwXu2FSdCqaY-pwE2Y1A
https://crworkspace.s3.ap-south-1.amazonaws.com/crdhs/private/2024/11/6/recording.mp3,--HarojsWojLTjUTow1RHA
https://crworkspace.s3.ap-south-1.amazonaws.com/crdhs/private/2024/11/6/recording.mp3,--HarojsWojLTjUTow1RHA
https://crworkspace.s3.ap-south-1.amazonaws.com/crdhs/private/2024/10/6/recording6144191445152466729.mp3,CfytYcAs56u4kpZOvgLDVg
https://crworkspace.s3.ap-south-1.amazonaws.com/crdhs/private/2024/10/3/recording2325423892001797589.mp3,1NWFK1rPI34kb5_fBO9M8w
https://crworkspace.s3.ap-south-1.amazonaws.com/crdhs/private/2024/10/2/recording12723791356432781751.mp3,btVqDEhtlpucTyzMtQUIXg
https://crworkspace.s3.ap-south-1.amazonaws.com/crdhs/private/2024/10/7/recording5432675774061968634.mp3,JL5plEgXLQANSUBnMfvLEA
https://crworkspace.s3.ap-south-1.amazonaws.com/crdhs/private/2024/11/26/recording.mp3,-8AhiNg6tiGz8N7jiEqUFA
https://crworkspace.s3.ap-south-1.amazonaws.com/crdhs/private/2024/9/23/recording14086794148792249904.mp3,IAhEi_-R6s1Gz7MmM246Ag
https://crworkspace.s3.ap-south-1.amazonaws.com/crdhs/private/2024/9/23/recording2861985080908099554.mp3,CUi-4Wp5kObjSb9M7QKuXg
https://crworkspace.s3.ap-south-1.amazonaws.com/crdhs/private/2024/11/26/recording.mp3,-8AhiNg6tiGz8N7jiEqUFA
https://crworkspace.s3.ap-south-1.amazonaws.com/crdhs/private/2024/9/27/recording2362838668098444714.mp3,-khKi3YsiKYV-mNUzHQzMw
https://crworkspace.s3.ap-south-1.amazonaws.com/crdhs/private/2024/10/7/recording2477122789523076471.mp3,Kjl4RTvMxHvyjyyCzpxgEA
https://crworkspace.s3.ap-south-1.amazonaws.com/crdhs/private/2024/11/6/recording.mp3,--HarojsWojLTjUTow1RHA
https://crworkspace.s3.ap-south-1.amazonaws.com/crdhs/private/2024/11/6/recording.mp3,--HarojsWojLTjUTow1RHA
https://crworkspace.s3.ap-south-1.amazonaws.com/crdhs/private/2024/11/6/recording.mp3,--HarojsWojLTjUTow1RHA
https://crworkspace.s3.ap-south-1.amazonaws.com/crdhs/private/2024/11/26/recording.mp3,-8AhiNg6tiGz8N7jiEqUFA
https://crworkspace.s3.ap-south-1.amazonaws.com/crdhs/private/2024/11/26/recording.mp3,-8AhiNg6tiGz8N7jiEqUFA
https://crworkspace.s3.ap-south-1.amazonaws.com/crdhs/private/2024/11/26/recording.mp3,-8AhiNg6tiGz8N7jiEqUFA
https://crworkspace.s3.ap-south-1.amazonaws.com/crdhs/private/2024/9/24/recording17074626470305175245.mp3,BlT4jMbYoThUMKffvMsq2A
https://crworkspace.s3.ap-south-1.amazonaws.com/crdhs/private/2024/11/6/recording.mp3,--HarojsWojLTjUTow1RHA
https://crworkspace.s3.ap-south-1.amazonaws.com/crdhs/private/2024/11/26/recording.mp3,-8AhiNg6tiGz8N7jiEqUFA
https://crworkspace.s3.ap-south-1.amazonaws.com/crdhs/private/2024/11/21/recording.mp3,--CsMlwV1w_m0om101_Z1w
https://crworkspace.s3.ap-south-1.amazonaws.com/crdhs/private/2024/11/26/recording.mp3,-8AhiNg6tiGz8N7jiEqUFA
https://crworkspace.s3.ap-south-1.amazonaws.com/crdhs/private/2024/10/7/recording10675824253606528978.mp3,l1Z9GUhgVl9cK0OhYxw39w
https://crworkspace.s3.ap-south-1.amazonaws.com/crdhs/private/2024/11/21/recording.mp3,--CsMlwV1w_m0om101_Z1w
https://crworkspace.s3.ap-south-1.amazonaws.com/crdhs/private/2024/9/26/recording14120537100501159190.mp3,dWYOCp2kDfp7t2kFs8LB3Q
https://crworkspace.s3.ap-south-1.amazonaws.com/crdhs/private/2024/11/6/recording.mp3,--HarojsWojLTjUTow1RHA
https://crworkspace.s3.ap-south-1.amazonaws.com/crdhs/private/2024/9/23/recording17261778460388219078.mp3,BC5k4sEwFZIp7nkjC37A7w
https://crworkspace.s3.ap-south-1.amazonaws.com/crdhs/private/2024/11/26/recording.mp3,-8AhiNg6tiGz8N7jiEqUFA
https://crworkspace.s3.ap-south-1.amazonaws.com/crdhs/private/2024/11/26/recording.mp3,-8AhiNg6tiGz8N7jiEqUFA
https://crworkspace.s3.ap-south-1.amazonaws.com/crdhs/private/2024/9/23/recording2207301731103598696.mp3,SWGfjUNhgOn_mBmP3H5aBQ
https://crworkspace.s3.ap-south-1.amazonaws.com/crdhs/private/2024/11/26/recording.mp3,-8AhiNg6tiGz8N7jiEqUFA
https://crworkspace.s3.ap-south-1.amazonaws.com/crdhs/private/2024/11/6/recording.mp3,--HarojsWojLTjUTow1RHA
https://crworkspace.s3.ap-south-1.amazonaws.com/crdhs/private/2024/9/23/recording2490547749904310141.mp3,VlgUiNxK_QqBntLaATG3CA
https://crworkspace.s3.ap-south-1.amazonaws.com/crdhs/private/2024/11/26/recording.mp3,-8AhiNg6tiGz8N7jiEqUFA
https://crworkspace.s3.ap-south-1.amazonaws.com/crdhs/private/2024/11/6/recording.mp3,--HarojsWojLTjUTow1RHA
https://crworkspace.s3.ap-south-1.amazonaws.com/crdhs/private/2024/11/6/recording.mp3,--HarojsWojLTjUTow1RHA
https://crworkspace.s3.ap-south-1.amazonaws.com/crdhs/private/2024/11/6/recording.mp3,--HarojsWojLTjUTow1RHA
https://crworkspace.s3.ap-south-1.amazonaws.com/crdhs/private/2024/9/23/recording11645026036339500986.mp3,kthnPzy9WWEBbshxvM4Zow
https://crworkspace.s3.ap-south-1.amazonaws.com/crdhs/private/2024/11/6/recording.mp3,--HarojsWojLTjUTow1RHA
https://crworkspace.s3.ap-south-1.amazonaws.com/crdhs/private/2024/10/7/recording1787835997700380599.mp3,l6AZ1XkoTAwE3f2aAwD0nA
https://crworkspace.s3.ap-south-1.amazonaws.com/crdhs/private/2024/9/23/recording1703588089799464478.mp3,5nmsuTiz8lkbyhQbCTcDFg
https://crworkspace.s3.ap-south-1.amazonaws.com/crdhs/private/2024/10/7/recording8698259590311081168.mp3,wW-jjMvCFHt8WevGIGfONg
https://crworkspace.s3.ap-south-1.amazonaws.com/crdhs/private/2024/11/6/recording.mp3,--HarojsWojLTjUTow1RHA
https://crworkspace.s3.ap-south-1.amazonaws.com/crdhs/private/2024/11/26/recording.mp3,-8AhiNg6tiGz8N7jiEqUFA
https://crworkspace.s3.ap-south-1.amazonaws.com/crdhs/private/2024/11/26/recording.mp3,-8AhiNg6tiGz8N7jiEqUFA
https://crworkspace.s3.ap-south-1.amazonaws.com/crdhs/private/2024/11/26/recording.mp3,-8AhiNg6tiGz8N7jiEqUFA
https://crworkspace.s3.ap-south-1.amazonaws.com/crdhs/private/2024/11/26/recording.mp3,-8AhiNg6tiGz8N7jiEqUFA
https://crworkspace.s3.ap-south-1.amazonaws.com/crdhs/private/2024/9/21/recording13090782461351213979.mp3,oDWrgicslQaWCwhYMXwDQQ
https://crworkspace.s3.ap-south-1.amazonaws.com/crdhs/private/2024/11/6/recording.mp3,--HarojsWojLTjUTow1RHA
https://crworkspace.s3.ap-south-1.amazonaws.com/crdhs/private/2024/9/25/recording6597996996011510053.mp3,8n2kVk2bO6BvXR2zXJNoaA
https://crworkspace.s3.ap-south-1.amazonaws.com/crdhs/private/2024/11/6/recording.mp3,--HarojsWojLTjUTow1RHA
https://crworkspace.s3.ap-south-1.amazonaws.com/crdhs/private/2024/9/25/recording1830275116082270450.mp3,EvGiJYDN3A9tlJq-kRNSIg
https://crworkspace.s3.ap-south-1.amazonaws.com/crdhs/private/2024/9/25/recording14401970726693223322.mp3,eh6a4diumf-Xk-Qi4G4cfA
https://crworkspace.s3.ap-south-1.amazonaws.com/crdhs/private/2024/11/6/recording.mp3,--HarojsWojLTjUTow1RHA
https://crworkspace.s3.ap-south-1.amazonaws.com/crdhs/private/2024/11/26/recording.mp3,-8AhiNg6tiGz8N7jiEqUFA
https://crworkspace.s3.ap-south-1.amazonaws.com/crdhs/private/2024/9/21/recording3821533744918942932.mp3,JN77FGZglxx7wkbFIBC13w
https://crworkspace.s3.ap-south-1.amazonaws.com/crdhs/private/2024/11/21/recording.mp3,--CsMlwV1w_m0om101_Z1w
https://crworkspace.s3.ap-south-1.amazonaws.com/crdhs/private/2024/11/6/recording.mp3,--HarojsWojLTjUTow1RHA
https://crworkspace.s3.ap-south-1.amazonaws.com/crdhs/private/2024/9/23/recording15482007543044075412.mp3,hbpSWL0e3mtycS6vl6IRPQ
https://crworkspace.s3.ap-south-1.amazonaws.com/crdhs/private/2024/9/23/recording13028458745093205888.mp3,iK4MskaFG7PRrmB1y_T_uQ
https://crworkspace.s3.ap-south-1.amazonaws.com/crdhs/private/2024/11/21/recording.mp3,--CsMlwV1w_m0om101_Z1w
https://crworkspace.s3.ap-south-1.amazonaws.com/crdhs/private/2024/9/23/recording10585486042146248145.mp3,DzovcKhhfldBfJq_PXZTPA
https://crworkspace.s3.ap-south-1.amazonaws.com/crdhs/private/2024/9/20/recording15852949273913259338.mp3,OoeexPaH6LBl4HnQOGVuiw
https://crworkspace.s3.ap-south-1.amazonaws.com/crdhs/private/2024/11/26/recording.mp3,-8AhiNg6tiGz8N7jiEqUFA
https://crworkspace.s3.ap-south-1.amazonaws.com/crdhs/private/2024/11/26/recording.mp3,-8AhiNg6tiGz8N7jiEqUFA
https://crworkspace.s3.ap-south-1.amazonaws.com/crdhs/private/2024/11/6/recording.mp3,--HarojsWojLTjUTow1RHA
https://crworkspace.s3.ap-south-1.amazonaws.com/crdhs/private/2024/10/6/recording2387867778598384462.mp3,mwn9Ro-lB4PBWDp8VbjPHQ
https://crworkspace.s3.ap-south-1.amazonaws.com/crdhs/private/2024/10/7/recording9574733345421995836.mp3,Rto-zt4nAyHMw1zufa0pcQ
https://crworkspace.s3.ap-south-1.amazonaws.com/crdhs/private/2024/11/21/recording.mp3,--CsMlwV1w_m0om101_Z1w
https://crworkspace.s3.ap-south-1.amazonaws.com/crdhs/private/2024/11/21/recording.mp3,--CsMlwV1w_m0om101_Z1w
https://crworkspace.s3.ap-south-1.amazonaws.com/crdhs/private/2024/11/21/recording.mp3,--CsMlwV1w_m0om101_Z1w
https://crworkspace.s3.ap-south-1.amazonaws.com/crdhs/private/2024/11/26/recording.mp3,-8AhiNg6tiGz8N7jiEqUFA
https://crworkspace.s3.ap-south-1.amazonaws.com/crdhs/private/2024/11/21/recording.mp3,--CsMlwV1w_m0om101_Z1w
https://crworkspace.s3.ap-south-1.amazonaws.com/crdhs/private/2024/11/21/recording.mp3,--CsMlwV1w_m0om101_Z1w
https://crworkspace.s3.ap-south-1.amazonaws.com/crdhs/private/2024/9/23/recording12181896131295063103.mp3,Gdu3pRNFkAwdbjj9QPxzgQ
https://crworkspace.s3.ap-south-1.amazonaws.com/crdhs/private/2024/11/21/recording.mp3,--CsMlwV1w_m0om101_Z1w
https://crworkspace.s3.ap-south-1.amazonaws.com/crdhs/private/2024/11/6/recording.mp3,--HarojsWojLTjUTow1RHA
https://crworkspace.s3.ap-south-1.amazonaws.com/crdhs/private/2024/9/26/recording8647276772788824868.mp3,xr3K-Sg0UVdesfOyG0Z2wg
https://crworkspace.s3.ap-south-1.amazonaws.com/crdhs/private/2024/11/21/recording.mp3,--CsMlwV1w_m0om101_Z1w
https://crworkspace.s3.ap-south-1.amazonaws.com/crdhs/private/2024/11/21/recording.mp3,--CsMlwV1w_m0om101_Z1w
https://crworkspace.s3.ap-south-1.amazonaws.com/crdhs/private/2024/10/3/recording15597943949449869208.mp3,xUbtuHEacTHqJkeedhFU5w
https://crworkspace.s3.ap-south-1.amazonaws.com/crdhs/private/2024/11/26/recording.mp3,-8AhiNg6tiGz8N7jiEqUFA
https://crworkspace.s3.ap-south-1.amazonaws.com/crdhs/private/2024/9/20/recording844922528912629939.mp3,Y_s9hw3eunx2e-kP6RnLeQ
https://crworkspace.s3.ap-south-1.amazonaws.com/crdhs/private/2024/11/6/recording.mp3,--HarojsWojLTjUTow1RHA
https://crworkspace.s3.ap-south-1.amazonaws.com/crdhs/private/2024/11/6/recording.mp3,--HarojsWojLTjUTow1RHA
https://crworkspace.s3.ap-south-1.amazonaws.com/crdhs/private/2024/9/24/recording14681276940338162892.mp3,WOYD382T1zG0DAhkp_ljfQ
https://crworkspace.s3.ap-south-1.amazonaws.com/crdhs/private/2024/10/7/recording1248140968438258128.mp3,_ZvJ4i0frS-vNe6Fd9fQyA
https://crworkspace.s3.ap-south-1.amazonaws.com/crdhs/private/2024/11/26/recording.mp3,-8AhiNg6tiGz8N7jiEqUFA
https://crworkspace.s3.ap-south-1.amazonaws.com/crdhs/private/2024/10/6/recording9103931183498954863.mp3,HwYedsXWuFxyeMxnMVqHiQ
https://crworkspace.s3.ap-south-1.amazonaws.com/crdhs/private/2024/9/25/recording5926571232983595213.mp3,TjrVgv0gA5Oco9GzrilKVg
https://crworkspace.s3.ap-south-1.amazonaws.com/crdhs/private/2024/11/26/recording.mp3,-8AhiNg6tiGz8N7jiEqUFA
https://crworkspace.s3.ap-south-1.amazonaws.com/crdhs/private/2024/10/7/recording16558060503295331264.mp3,59iXdrggaS30fd95MlXE8A
https://crworkspace.s3.ap-south-1.amazonaws.com/crdhs/private/2024/9/27/recording14576753235381809215.mp3,u7bYIoP862RY7lyz2rwR_Q
https://crworkspace.s3.ap-south-1.amazonaws.com/crdhs/private/2024/9/27/recording1456909425344901488.mp3,T4LHGLnMJo3fXROq6Q7syA
https://crworkspace.s3.ap-south-1.amazonaws.com/crdhs/private/2024/11/26/recording.mp3,-8AhiNg6tiGz8N7jiEqUFA
https://crworkspace.s3.ap-south-1.amazonaws.com/crdhs/private/2024/11/26/recording.mp3,-8AhiNg6tiGz8N7jiEqUFA
https://crworkspace.s3.ap-south-1.amazonaws.com/crdhs/private/2024/11/26/recording.mp3,-8AhiNg6tiGz8N7jiEqUFA
https://crworkspace.s3.ap-south-1.amazonaws.com/crdhs/private/2024/9/20/recording2968667523184472379.mp3,MqqR36l1rHRXd37FzoHI0Q
https://crworkspace.s3.ap-south-1.amazonaws.com/crdhs/private/2024/11/21/recording.mp3,--CsMlwV1w_m0om101_Z1w
https://crworkspace.s3.ap-south-1.amazonaws.com/crdhs/private/2024/9/26/recording15215061125256319151.mp3,CdhABZGycuwxqQKTF7i0sA
https://crworkspace.s3.ap-south-1.amazonaws.com/crdhs/private/2024/11/26/recording.mp3,-8AhiNg6tiGz8N7jiEqUFA
https://crworkspace.s3.ap-south-1.amazonaws.com/crdhs/private/2024/11/21/recording.mp3,--CsMlwV1w_m0om101_Z1w
https://crworkspace.s3.ap-south-1.amazonaws.com/crdhs/private/2024/9/20/recording18277479845615322349.mp3,eDbLmlhs5iaiKleZj-CXdg
https://crworkspace.s3.ap-south-1.amazonaws.com/crdhs/private/2024/9/20/recording8633948540563864777.mp3,iDsKU4aNj-UCsTRQnFr2Iw
https://crworkspace.s3.ap-south-1.amazonaws.com/crdhs/private/2024/9/20/recording9112289186814650724.mp3,t2thwo1SZ-NIg3eO77Yb_A
https://crworkspace.s3.ap-south-1.amazonaws.com/crdhs/private/2024/9/21/recording14962147222738498429.mp3,E3u7_OHwZxmoE5ew3zXcLA
https://crworkspace.s3.ap-south-1.amazonaws.com/crdhs/private/2024/9/21/recording10415645627145177496.mp3,QQXbNopM7yAGPdybNsiN-g
https://crworkspace.s3.ap-south-1.amazonaws.com/crdhs/private/2024/9/26/recording12915824743360660145.mp3,cJhB7qbibJm3JTRZ9ppQ0g
https://crworkspace.s3.ap-south-1.amazonaws.com/crdhs/private/2024/9/21/recording14798238589487799842.mp3,9sARDC1Z-WZqiyAHJyyKYw
https://crworkspace.s3.ap-south-1.amazonaws.com/crdhs/private/2024/9/20/recording10215406947953448204.mp3,rFe088cGmfstWanwJsd1fQ
https://crworkspace.s3.ap-south-1.amazonaws.com/crdhs/private/2024/9/23/recording10175319586299052547.mp3,BhaqxF4lHeVCdrxhT_0bCg
https://crworkspace.s3.ap-south-1.amazonaws.com/crdhs/private/2024/9/21/recording244667444711565528.mp3,epQgkNciwhfHYjBng86L7A
https://crworkspace.s3.ap-south-1.amazonaws.com/crdhs/private/2024/9/20/recording5927011220811177169.mp3,bQPSHgiJW8OvKg-wPtF7XQ
https://crworkspace.s3.ap-south-1.amazonaws.com/crdhs/private/2024/9/21/recording5405800174242443585.mp3,Y7D0PbvUHZsPoR5L6QYyjQ
https://crworkspace.s3.ap-south-1.amazonaws.com/crdhs/private/2024/9/20/recording3114613551417011591.mp3,9i4KXfXCj51VgA8YFCs9EQ
https://crworkspace.s3.ap-south-1.amazonaws.com/crdhs/private/2024/9/21/recording9872319568831818104.mp3,Hj-Uz6LiGrOP2G-aNL0Z1Q
https://crworkspace.s3.ap-south-1.amazonaws.com/crdhs/private/2024/9/20/recording4107675370929691984.mp3,T4QXmYENofB7iGktLMP1bw
https://crworkspace.s3.ap-south-1.amazonaws.com/crdhs/private/2024/9/26/recording901954682905307617.mp3,bqB59M3Y0T-afkAJb67Bvw
https://crworkspace.s3.ap-south-1.amazonaws.com/crdhs/private/2024/9/23/recording16723242163815667232.mp3,cubafhN_xEuIzk55Etll6A
https://crworkspace.s3.ap-south-1.amazonaws.com/crdhs/private/2024/9/25/recording16578868008338694680.mp3,VJyYZDJmyQwY5evYOCny3A
https://crworkspace.s3.ap-south-1.amazonaws.com/crdhs/private/2024/9/21/recording13738495198441274827.mp3,o63nlTozoip5INFT00PHyg
https://crworkspace.s3.ap-south-1.amazonaws.com/crdhs/private/2024/9/26/recording6535313463050168504.mp3,-tFYBu4rotqP7sRm78np7g
https://crworkspace.s3.ap-south-1.amazonaws.com/crdhs/private/2024/9/26/recording12197523413033273648.mp3,fRpA4UuBDeeIYqwy1IlE7A
https://crworkspace.s3.ap-south-1.amazonaws.com/crdhs/private/2024/9/20/recording14797085164143718509.mp3,xre5hZUrCP7vNiFm89LtUg
https://crworkspace.s3.ap-south-1.amazonaws.com/crdhs/private/2024/9/20/recording12801550817125252030.mp3,baG1Tqyu_Mb9cKPS4ORQvw
https://crworkspace.s3.ap-south-1.amazonaws.com/crdhs/private/2024/9/26/recording5645224919949820153.mp3,-6BHecRPsAq-EFxEEna8vw
https://crworkspace.s3.ap-south-1.amazonaws.com/crdhs/private/2024/9/21/recording476608526365592090.mp3,YLvnijOuUaJAGREiXQ15nw
https://crworkspace.s3.ap-south-1.amazonaws.com/crdhs/private/2024/9/20/recording16640084120686019249.mp3,r_UGGMh0dKw00T-Rz7thLg
https://crworkspace.s3.ap-south-1.amazonaws.com/crdhs/private/2024/9/26/recording5849430349811212594.mp3,1MmAgGeyGBiQezubmH_5ig
https://crworkspace.s3.ap-south-1.amazonaws.com/crdhs/private/2024/9/26/recording6293580109622249845.mp3,qUxeSYiPWE0LnuKpMB-JcA
https://crworkspace.s3.ap-south-1.amazonaws.com/crdhs/private/2024/9/20/recording279039584992953874.mp3,tdTn-Dq4YmkbMskaLSYVtQ
https://crworkspace.s3.ap-south-1.amazonaws.com/crdhs/private/2024/9/21/recording12781711694201314061.mp3,jT3ig2I3_y2aYbWmGd6lqA
https://crworkspace.s3.ap-south-1.amazonaws.com/crdhs/private/2024/9/20/recording11172131374309933140.mp3,oUXdft_am2O8ZhfJGdimpg
https://crworkspace.s3.ap-south-1.amazonaws.com/crdhs/private/2024/9/20/recording7906146284337550448.mp3,Ho57qHKtGfxNvijhXMfbeQ
https://crworkspace.s3.ap-south-1.amazonaws.com/crdhs/private/2024/9/20/recording14976834772196201631.mp3,xZdX-kWaJRwsw1gX1fF_3Q
https://crworkspace.s3.ap-south-1.amazonaws.com/crdhs/private/2024/9/20/recording17825554852258636094.mp3,4g0OHqo71sfPuEjOWksXSA
https://crworkspace.s3.ap-south-1.amazonaws.com/crdhs/private/2024/9/26/recording13376302628689520497.mp3,wXaQhmRztskamMXWczRDiA
https://crworkspace.s3.ap-south-1.amazonaws.com/crdhs/private/2024/9/21/recording15743067386750926373.mp3,KpLH_gPt7Tbg6P-L4aFggw
https://crworkspace.s3.ap-south-1.amazonaws.com/crdhs/private/2024/9/20/recording15948675232386059020.mp3,RkgdWFE4u7VZsXb-3-Hl1g
https://crworkspace.s3.ap-south-1.amazonaws.com/crdhs/private/2024/9/21/recording8687361936598476636.mp3,RXJMzE-qGPl3c-2shWRmTQ
https://crworkspace.s3.ap-south-1.amazonaws.com/crdhs/private/2024/9/20/recording2515232272591941777.mp3,96iaMSC5g2qGYIQgY_N4zQ
https://crworkspace.s3.ap-south-1.amazonaws.com/crdhs/private/2024/9/20/recording9171941938968818463.mp3,ZvWEDnFgHHaDxXmEwc-j6g
https://crworkspace.s3.ap-south-1.amazonaws.com/crdhs/private/2024/9/20/recording3504762042823734401.mp3,m1mgVK37gDzcmgiT1j1Obg
https://crworkspace.s3.ap-south-1.amazonaws.com/crdhs/private/2024/9/20/recording6819864355686542860.mp3,KgMCJT7AeecvEqacwnTv_A
https://crworkspace.s3.ap-south-1.amazonaws.com/crdhs/private/2024/9/21/recording6846387193215076373.mp3,gIxuGmfwHbaaFT3i6VMDpg
https://crworkspace.s3.ap-south-1.amazonaws.com/crdhs/private/2024/9/21/recording16228726685522171061.mp3,Kr7zqvsaiebZeTFr_KqFbg
https://crworkspace.s3.ap-south-1.amazonaws.com/crdhs/private/2024/9/20/recording2764676470881496252.mp3,y3R8CPQq1rVmGe8ezrULaA
https://crworkspace.s3.ap-south-1.amazonaws.com/crdhs/private/2024/9/20/recording17540977351221107681.mp3,rH4NVnU-1eQMP7bIx8v8HQ
https://crworkspace.s3.ap-south-1.amazonaws.com/crdhs/private/2024/9/21/recording4190985146395076802.mp3,oyM_lf-WaQNg-AqiSB3sPA
https://crworkspace.s3.ap-south-1.amazonaws.com/crdhs/private/2024/9/25/recording18360380553996972756.mp3,ns5kFL_htB-tF42cjJSM5Q
https://crworkspace.s3.ap-south-1.amazonaws.com/crdhs/private/2024/9/21/recording13986801241446724356.mp3,Eki0LA2ynHjXgXRPcUyj4w
https://crworkspace.s3.ap-south-1.amazonaws.com/crdhs/private/2024/9/20/recording17133848713407433747.mp3,eUV0vsboockSRfK1uAP8BA
https://crworkspace.s3.ap-south-1.amazonaws.com/crdhs/private/2024/9/20/recording9865108345785870632.mp3,gAUfpPkO7fkKNzctOZ8GNQ
https://crworkspace.s3.ap-south-1.amazonaws.com/crdhs/private/2024/9/20/recording10020844218520976813.mp3,LH06E5objakPXC9DUAnzgA
https://crworkspace.s3.ap-south-1.amazonaws.com/crdhs/private/2024/9/24/recording1457372682199414954.mp3,hpY7BZuIsRnC8lvDeq97Ow
https://crworkspace.s3.ap-south-1.amazonaws.com/crdhs/private/2024/9/20/recording7856840113371707871.mp3,XTTw0-45cDLkHIswZahA_w
https://crworkspace.s3.ap-south-1.amazonaws.com/crdhs/private/2024/9/23/recording10696099486953557528.mp3,XrybA-8jm8TGworBV0K5HQ
https://crworkspace.s3.ap-south-1.amazonaws.com/crdhs/private/2024/9/21/recording12619769366807173088.mp3,5EpFIWaDH2OYSB7rn_luGw
https://crworkspace.s3.ap-south-1.amazonaws.com/crdhs/private/2024/9/21/recording6889512494117878669.mp3,4oBzkvb5cwlxyRcmhAoXew
https://crworkspace.s3.ap-south-1.amazonaws.com/crdhs/private/2024/9/23/recording262923377742710040.mp3,BrUYNgwTGUG6gtpGk9RicQ
https://crworkspace.s3.ap-south-1.amazonaws.com/crdhs/private/2024/9/23/recording11545618538615588047.mp3,DYmnrqYmPiWvgZwbgfc46Q
https://crworkspace.s3.ap-south-1.amazonaws.com/crdhs/private/2024/9/21/recording13535554923721226838.mp3,TVEAwrdGUOx7rlTNX0mRvg
https://crworkspace.s3.ap-south-1.amazonaws.com/crdhs/private/2024/9/23/recording9525933433946736984.mp3,EG0CNgNdsQ1VLh3Zdrmj7Q
https://crworkspace.s3.ap-south-1.amazonaws.com/crdhs/private/2024/9/25/recording1215000596265749052.mp3,HM_b0xTq2StqfsxNC1JldA
https://crworkspace.s3.ap-south-1.amazonaws.com/crdhs/private/2024/9/23/recording12186906441243863717.mp3,HjMRRP-hsqvWOAfZCOUOWQ
https://crworkspace.s3.ap-south-1.amazonaws.com/crdhs/private/2024/9/20/recording8265878753086392561.mp3,AsiCleCacfV_zbfuriNX9w
https://crworkspace.s3.ap-south-1.amazonaws.com/crdhs/private/2024/9/20/recording861611606583371567.mp3,W8Z_Fw1hFRUg-19hKaixtw
https://crworkspace.s3.ap-south-1.amazonaws.com/crdhs/private/2024/9/25/recording7030849492560165878.mp3,qT43shbm-lMXKTGim10LfQ
https://crworkspace.s3.ap-south-1.amazonaws.com/crdhs/private/2024/9/20/recording13986961442569097237.mp3,Dj-OIs8dZWQjCPSaPCXGtw
https://crworkspace.s3.ap-south-1.amazonaws.com/crdhs/private/2024/9/20/recording11874617602066585730.mp3,61-rRhFAerYnuBmI31VPQA
https://crworkspace.s3.ap-south-1.amazonaws.com/crdhs/private/2024/9/23/recording17917023622522823393.mp3,9xQbohb4ynwi7HZ3razzBA
https://crworkspace.s3.ap-south-1.amazonaws.com/crdhs/private/2024/9/21/recording3057074694119620567.mp3,lS9rw5Q0a-QxvXCZlL-GyQ
https://crworkspace.s3.ap-south-1.amazonaws.com/crdhs/private/2024/9/21/recording6715936766446226532.mp3,HTwA9_8LJbSAfkVKolx4fA
https://crworkspace.s3.ap-south-1.amazonaws.com/crdhs/private/2024/9/26/recording10263234268919795021.mp3,dkqYhYcvPXjYRicv7XRpKA
https://crworkspace.s3.ap-south-1.amazonaws.com/crdhs/private/2024/9/24/recording46470218557330086.mp3,gPQj2QF_6Pgns7Ma54yXJg
https://crworkspace.s3.ap-south-1.amazonaws.com/crdhs/private/2024/9/21/recording12996116427348646914.mp3,u8ZMlE33UYHGlfgZ6j7RDQ
https://crworkspace.s3.ap-south-1.amazonaws.com/crdhs/private/2024/9/23/recording12824639386317120724.mp3,6AM9PVoimkGl0OUNZeIPRw
https://crworkspace.s3.ap-south-1.amazonaws.com/crdhs/private/2024/9/20/recording14774136322392055772.mp3,MW0YeoPqHDlXVwjJhmy4BQ
https://crworkspace.s3.ap-south-1.amazonaws.com/crdhs/private/2024/9/21/recording12575758906605845552.mp3,Y2Qkk1HgQ8iH3giqAiuO_g
https://crworkspace.s3.ap-south-1.amazonaws.com/crdhs/private/2024/9/23/recording5998963159068209655.mp3,578mRYSIfeV0Kn1NTZU-pA
https://crworkspace.s3.ap-south-1.amazonaws.com/crdhs/private/2024/9/23/recording14978914869468087703.mp3,YI5IlL5cjqZ9lkGqAIiHrA
https://crworkspace.s3.ap-south-1.amazonaws.com/crdhs/private/2024/9/23/recording8376633610887783517.mp3,YThi4Eduw5yKXllve0qSlQ
https://crworkspace.s3.ap-south-1.amazonaws.com/crdhs/private/2024/9/23/recording10778120495166027264.mp3,MiSv4jbLMW0uDJaQD6qXoA
https://crworkspace.s3.ap-south-1.amazonaws.com/crdhs/private/2024/9/25/recording16627764193668247216.mp3,CbAgG_QRMNK62NKIxcOwvQ
https://crworkspace.s3.ap-south-1.amazonaws.com/crdhs/private/2024/10/7/recording11979666858486562725.mp3,c73os11LN_JIAp1iX7upjg
https://crworkspace.s3.ap-south-1.amazonaws.com/crdhs/private/2024/11/6/recording.mp3,--HarojsWojLTjUTow1RHA
https://crworkspace.s3.ap-south-1.amazonaws.com/crdhs/private/2024/9/20/recording3458900981797316640.mp3,dou_qSXvAOKuj0zumX1bTQ
https://crworkspace.s3.ap-south-1.amazonaws.com/crdhs/private/2024/10/7/recording3884546414536864112.mp3,GrCMnZDwtOKobZkG-Cyr2w
https://crworkspace.s3.ap-south-1.amazonaws.com/crdhs/private/2024/11/6/recording.mp3,--HarojsWojLTjUTow1RHA
https://crworkspace.s3.ap-south-1.amazonaws.com/crdhs/private/2024/11/21/recording.mp3,--CsMlwV1w_m0om101_Z1w
https://crworkspace.s3.ap-south-1.amazonaws.com/crdhs/private/2024/9/25/recording3110341915035994215.mp3,7PA4sNdPjaPNbEPHFPN93A
https://crworkspace.s3.ap-south-1.amazonaws.com/crdhs/private/2024/10/7/recording12434794444821200568.mp3,dPXGVLCNdmYgbdf47DnoxA
https://crworkspace.s3.ap-south-1.amazonaws.com/crdhs/private/2024/11/26/recording.mp3,-8AhiNg6tiGz8N7jiEqUFA
https://crworkspace.s3.ap-south-1.amazonaws.com/crdhs/private/2024/11/26/recording.mp3,-8AhiNg6tiGz8N7jiEqUFA
https://crworkspace.s3.ap-south-1.amazonaws.com/crdhs/private/2024/9/28/recording17479554828325882326.mp3,c8jMTxAyBd8H7bWXq9x-7g
https://crworkspace.s3.ap-south-1.amazonaws.com/crdhs/private/2024/10/7/recording9197243144965718149.mp3,evzy1HyOCSfmMKRh8R_U1A
https://crworkspace.s3.ap-south-1.amazonaws.com/crdhs/private/2024/10/7/recording6203245978349645801.mp3,rrjfpCLp-8iY5a3ovNgdyA
https://crworkspace.s3.ap-south-1.amazonaws.com/crdhs/private/2024/11/26/recording.mp3,-8AhiNg6tiGz8N7jiEqUFA
https://crworkspace.s3.ap-south-1.amazonaws.com/crdhs/private/2024/11/26/recording.mp3,-8AhiNg6tiGz8N7jiEqUFA
https://crworkspace.s3.ap-south-1.amazonaws.com/crdhs/private/2024/10/7/recording5887953406487578952.mp3,J3KZn6LNt_-T9iP4R6fUTw
https://crworkspace.s3.ap-south-1.amazonaws.com/crdhs/private/2024/9/26/recording17899032608004673231.mp3,-IlnpjAGmWAdkL0r5NupDA
https://crworkspace.s3.ap-south-1.amazonaws.com/crdhs/private/2024/9/27/recording13056498520899647336.mp3,dN9lgmh8blHUFFJOHqo5bQ
https://crworkspace.s3.ap-south-1.amazonaws.com/crdhs/private/2024/9/23/recording8412733966982717235.mp3,GWpK7Sf32XRAtUREvmCM7A
https://crworkspace.s3.ap-south-1.amazonaws.com/crdhs/private/2024/10/7/recording2189481654106019586.mp3,Gy8QPhL1izJzomtrPy3Jsw
https://crworkspace.s3.ap-south-1.amazonaws.com/crdhs/private/2024/11/26/recording.mp3,-8AhiNg6tiGz8N7jiEqUFA
https://crworkspace.s3.ap-south-1.amazonaws.com/crdhs/private/2024/9/27/recording15119374553685773371.mp3,VadFFcqFiUM-ahxjAAMwuA
https://crworkspace.s3.ap-south-1.amazonaws.com/crdhs/private/2024/11/6/recording.mp3,--HarojsWojLTjUTow1RHA
https://crworkspace.s3.ap-south-1.amazonaws.com/crdhs/private/2024/9/23/recording1151430544764237129.mp3,wIyyGc_gtB6A0Wyw58tx5A
https://crworkspace.s3.ap-south-1.amazonaws.com/crdhs/private/2024/9/26/recording15074667612172164682.mp3,X7R-3zZM8t4nkncLYCoOSg
https://crworkspace.s3.ap-south-1.amazonaws.com/crdhs/private/2024/9/23/recording16196729488852300242.mp3,SgCoGtL99RYLbDvIgav-PQ
https://crworkspace.s3.ap-south-1.amazonaws.com/crdhs/private/2024/9/23/recording4963778929773977951.mp3,FHzmG2S11lN2rZ-5YuTOhA
https://crworkspace.s3.ap-south-1.amazonaws.com/crdhs/private/2024/9/21/recording3905303302715028243.mp3,QCV_9rGGBJG5TUvlddzcoQ
https://crworkspace.s3.ap-south-1.amazonaws.com/crdhs/private/2024/9/23/recording9433885460238841011.mp3,N5Ds_oPbpWUDqRthupBELw
https://crworkspace.s3.ap-south-1.amazonaws.com/crdhs/private/2024/11/6/recording.mp3,--HarojsWojLTjUTow1RHA
https://crworkspace.s3.ap-south-1.amazonaws.com/crdhs/private/2024/11/6/recording.mp3,--HarojsWojLTjUTow1RHA
https://crworkspace.s3.ap-south-1.amazonaws.com/crdhs/private/2024/11/21/recording.mp3,--CsMlwV1w_m0om101_Z1w
https://crworkspace.s3.ap-south-1.amazonaws.com/crdhs/private/2024/9/20/recording7359249606154569989.mp3,aRMLEy4UYLAI0q-bwTZdyg
https://crworkspace.s3.ap-south-1.amazonaws.com/crdhs/private/2024/11/21/recording.mp3,--CsMlwV1w_m0om101_Z1w
https://crworkspace.s3.ap-south-1.amazonaws.com/crdhs/private/2024/9/26/recording2163707723749510928.mp3,-MRdK-fWzC1SAGJ6YsGQHw
https://crworkspace.s3.ap-south-1.amazonaws.com/crdhs/private/2024/10/6/recording12651616259379969065.mp3,_pqgMYm_GNoiqpJ1Xwv5Hw
https://crworkspace.s3.ap-south-1.amazonaws.com/crdhs/private/2024/11/6/recording.mp3,--HarojsWojLTjUTow1RHA
https://crworkspace.s3.ap-south-1.amazonaws.com/crdhs/private/2024/9/23/recording12254972104628988006.mp3,dlmLNZp20e7VJZsVH7dV8g
https://crworkspace.s3.ap-south-1.amazonaws.com/crdhs/private/2024/9/24/recording12705131878247461668.mp3,EtaJiRe_I99381lmOhgq3g
https://crworkspace.s3.ap-south-1.amazonaws.com/crdhs/private/2024/11/6/recording.mp3,--HarojsWojLTjUTow1RHA
https://crworkspace.s3.ap-south-1.amazonaws.com/crdhs/private/2024/9/27/recording2406403782722458792.mp3,Br3nhnEBmdcGS5hDBRG5Aw
https://crworkspace.s3.ap-south-1.amazonaws.com/crdhs/private/2024/11/26/recording.mp3,-8AhiNg6tiGz8N7jiEqUFA
https://crworkspace.s3.ap-south-1.amazonaws.com/crdhs/private/2024/11/21/recording.mp3,--CsMlwV1w_m0om101_Z1w
https://crworkspace.s3.ap-south-1.amazonaws.com/crdhs/private/2024/11/26/recording.mp3,-8AhiNg6tiGz8N7jiEqUFA
https://crworkspace.s3.ap-south-1.amazonaws.com/crdhs/private/2024/9/27/recording15204843195164305827.mp3,557l9LyQYZNmZ4hWfngTDQ
https://crworkspace.s3.ap-south-1.amazonaws.com/crdhs/private/2024/9/23/recording12670121648102494910.mp3,ru2l7-Z2faB2cynG7xj1ug
https://crworkspace.s3.ap-south-1.amazonaws.com/crdhs/private/2024/9/23/recording10299509929672057411.mp3,huVi44cd38irz8gnBH5gtA
https://crworkspace.s3.ap-south-1.amazonaws.com/crdhs/private/2024/9/26/recording5056006426507306478.mp3,GLmMW8VuF8zn3d5M-EOyJA
https://crworkspace.s3.ap-south-1.amazonaws.com/crdhs/private/2024/9/24/recording8367374906500697984.mp3,qhkHYvkcT5-GxiCBOj4EKw
https://crworkspace.s3.ap-south-1.amazonaws.com/crdhs/private/2024/11/26/recording.mp3,-8AhiNg6tiGz8N7jiEqUFA
https://crworkspace.s3.ap-south-1.amazonaws.com/crdhs/private/2024/9/25/recording17412686020125302604.mp3,v3owgNLrO-aILzjI6PUvzg
https://crworkspace.s3.ap-south-1.amazonaws.com/crdhs/private/2024/9/23/recording3877727562357780005.mp3,o21f6CyC7a24Jf9PNKHb4w
https://crworkspace.s3.ap-south-1.amazonaws.com/crdhs/private/2024/9/23/recording11077734343240357379.mp3,GCRozoPEtC22Z-J3Ag2jPg
https://crworkspace.s3.ap-south-1.amazonaws.com/crdhs/private/2024/9/23/recording12992475984928102535.mp3,ey25ws_oFNsZUKFt_mDU5A
https://crworkspace.s3.ap-south-1.amazonaws.com/crdhs/private/2024/9/23/recording11788974198902305192.mp3,sumW7hOaxX8K-B767vpTjw
https://crworkspace.s3.ap-south-1.amazonaws.com/crdhs/private/2024/9/24/recording17586553212991091183.mp3,Hf1ZXmW3okwhDapEcce46A
https://crworkspace.s3.ap-south-1.amazonaws.com/crdhs/private/2024/9/24/recording1561465280962975701.mp3,xW-y9kNK_xlOzEJoeiDLnw
https://crworkspace.s3.ap-south-1.amazonaws.com/crdhs/private/2024/9/23/recording8661569193113149319.mp3,Z7-kKHe7fI_FG4qRrInIww
https://crworkspace.s3.ap-south-1.amazonaws.com/crdhs/private/2024/9/23/recording16696552473944876708.mp3,pjCIta-rmMU59sfVTsQEHA
https://crworkspace.s3.ap-south-1.amazonaws.com/crdhs/private/2024/9/23/recording8135306457053099815.mp3,LRLwu4_D1ILmfNB8cNKNOQ
https://crworkspace.s3.ap-south-1.amazonaws.com/crdhs/private/2024/9/24/recording6343617172544258693.mp3,7vX-ztybRSn_uUt4NDAErg
https://crworkspace.s3.ap-south-1.amazonaws.com/crdhs/private/2024/11/6/recording.mp3,--HarojsWojLTjUTow1RHA
https://crworkspace.s3.ap-south-1.amazonaws.com/crdhs/private/2024/11/6/recording.mp3,--HarojsWojLTjUTow1RHA
https://crworkspace.s3.ap-south-1.amazonaws.com/crdhs/private/2024/12/26/recording.mp3,-6BgZm0BN_-bD11uZkFMRA
https://crworkspace.s3.ap-south-1.amazonaws.com/crdhs/private/2024/10/7/recording18058776164184368388.mp3,33QWVNiUgLMXQLEYCeTfTw
https://crworkspace.s3.ap-south-1.amazonaws.com/crdhs/private/2024/11/6/recording.mp3,--HarojsWojLTjUTow1RHA
https://crworkspace.s3.ap-south-1.amazonaws.com/crdhs/private/2024/10/7/recording4572762615895252051.mp3,7V7AmVLPMnSUAPDJH-ynSw
https://crworkspace.s3.ap-south-1.amazonaws.com/crdhs/private/2024/10/7/recording7224458277364639138.mp3,lN8v2jjKmM7zXGw5WtlZPQ
https://crworkspace.s3.ap-south-1.amazonaws.com/crdhs/private/2024/10/3/recording1761158614968461423.mp3,5hukEVguwzA9kH-65syE-g
https://crworkspace.s3.ap-south-1.amazonaws.com/crdhs/private/2024/9/26/recording15417906901202670746.mp3,19eTwK6RfimuyicGrqQa9w
https://crworkspace.s3.ap-south-1.amazonaws.com/crdhs/private/2024/9/23/recording723085852382792567.mp3,0PLTj9SPOY9yvz46IR-wmQ
https://crworkspace.s3.ap-south-1.amazonaws.com/crdhs/private/2024/11/6/recording.mp3,--HarojsWojLTjUTow1RHA
https://crworkspace.s3.ap-south-1.amazonaws.com/crdhs/private/2024/11/26/recording.mp3,-8AhiNg6tiGz8N7jiEqUFA
https://crworkspace.s3.ap-south-1.amazonaws.com/crdhs/private/2024/10/7/recording15236460986567780580.mp3,awSLEQbPsaLFqJWIvoXyAA
https://crworkspace.s3.ap-south-1.amazonaws.com/crdhs/private/2024/9/27/recording8093897688829293674.mp3,WIE8JYd6tyrS6PBOlKqQuQ
https://crworkspace.s3.ap-south-1.amazonaws.com/crdhs/private/2024/11/26/recording.mp3,-8AhiNg6tiGz8N7jiEqUFA
https://crworkspace.s3.ap-south-1.amazonaws.com/crdhs/private/2024/11/26/recording.mp3,-8AhiNg6tiGz8N7jiEqUFA
https://crworkspace.s3.ap-south-1.amazonaws.com/crdhs/private/2024/9/24/recording8936239168945783146.mp3,2Gw24IqpRIscNWHz9a2B-Q
https://crworkspace.s3.ap-south-1.amazonaws.com/crdhs/private/2024/11/21/recording.mp3,--CsMlwV1w_m0om101_Z1w
https://crworkspace.s3.ap-south-1.amazonaws.com/crdhs/private/2024/11/6/recording.mp3,--HarojsWojLTjUTow1RHA
https://crworkspace.s3.ap-south-1.amazonaws.com/crdhs/private/2024/11/6/recording.mp3,--HarojsWojLTjUTow1RHA
https://crworkspace.s3.ap-south-1.amazonaws.com/crdhs/private/2024/11/21/recording.mp3,--CsMlwV1w_m0om101_Z1w
https://crworkspace.s3.ap-south-1.amazonaws.com/crdhs/private/2024/11/26/recording.mp3,-8AhiNg6tiGz8N7jiEqUFA
https://crworkspace.s3.ap-south-1.amazonaws.com/crdhs/private/2024/11/26/recording.mp3,-8AhiNg6tiGz8N7jiEqUFA
https://crworkspace.s3.ap-south-1.amazonaws.com/crdhs/private/2024/11/6/recording.mp3,--HarojsWojLTjUTow1RHA
https://crworkspace.s3.ap-south-1.amazonaws.com/crdhs/private/2024/11/21/recording.mp3,--CsMlwV1w_m0om101_Z1w
https://crworkspace.s3.ap-south-1.amazonaws.com/crdhs/private/2024/11/21/recording.mp3,--CsMlwV1w_m0om101_Z1w
https://crworkspace.s3.ap-south-1.amazonaws.com/crdhs/private/2024/10/7/recording18096478753020370369.mp3,8-kek73VYzU-Tt3L8gadIA
https://crworkspace.s3.ap-south-1.amazonaws.com/crdhs/private/2024/9/26/recording11314736433292841497.mp3,JLYQHdfLhCXZSKWo6kVZNw
https://crworkspace.s3.ap-south-1.amazonaws.com/crdhs/private/2024/9/24/recording2497537795564362575.mp3,dAGs3WVLFI6E7ZGjOb-N6A
https://crworkspace.s3.ap-south-1.amazonaws.com/crdhs/private/2024/9/26/recording8048182124255323885.mp3,uwiEaIOga7pH3IF7cbPbEA
https://crworkspace.s3.ap-south-1.amazonaws.com/crdhs/private/2024/11/6/recording.mp3,--HarojsWojLTjUTow1RHA
https://crworkspace.s3.ap-south-1.amazonaws.com/crdhs/private/2024/10/7/recording15401723274608950906.mp3,P-XPJNIkVYoNlIk8bd1_Ow
https://crworkspace.s3.ap-south-1.amazonaws.com/crdhs/private/2024/11/21/recording.mp3,--CsMlwV1w_m0om101_Z1w
https://crworkspace.s3.ap-south-1.amazonaws.com/crdhs/private/2024/9/23/recording6507257933262186185.mp3,etApdekVxd42yPrTtqen1Q
https://crworkspace.s3.ap-south-1.amazonaws.com/crdhs/private/2024/11/6/recording.mp3,--HarojsWojLTjUTow1RHA
https://crworkspace.s3.ap-south-1.amazonaws.com/crdhs/private/2024/9/27/recording7799147513894481901.mp3,xAU40cXKGwCuLfooGYQ_1Q
https://crworkspace.s3.ap-south-1.amazonaws.com/crdhs/private/2024/9/23/recording8381007539035734110.mp3,2iYvbacjcLKQAX-lHCXHGw
https://crworkspace.s3.ap-south-1.amazonaws.com/crdhs/private/2024/9/25/recording17317678334217350234.mp3,bft3qlQtm2DLq8_4AULZWQ
https://crworkspace.s3.ap-south-1.amazonaws.com/crdhs/private/2024/11/26/recording.mp3,-8AhiNg6tiGz8N7jiEqUFA
https://crworkspace.s3.ap-south-1.amazonaws.com/crdhs/private/2024/9/23/recording18215447978822227668.mp3,FmCpy3DwUun0LuAVL_ZoDQ
https://crworkspace.s3.ap-south-1.amazonaws.com/crdhs/private/2024/11/6/recording.mp3,--HarojsWojLTjUTow1RHA
https://crworkspace.s3.ap-south-1.amazonaws.com/crdhs/private/2024/9/24/recording18157096051208510908.mp3,TpJSkvbtpo8HBIWrqV9Jww
https://crworkspace.s3.ap-south-1.amazonaws.com/crdhs/private/2024/9/25/recording9509473596775926571.mp3,OKAASZfv3mvPlknPwwD1fw
https://crworkspace.s3.ap-south-1.amazonaws.com/crdhs/private/2024/9/25/recording6322468392916428495.mp3,cXrfjHvZyfkmkJRY6Gzzvw
https://crworkspace.s3.ap-south-1.amazonaws.com/crdhs/private/2024/9/25/recording4634394518702930142.mp3,0BN7KGtz-coffNel_oDH1Q
https://crworkspace.s3.ap-south-1.amazonaws.com/crdhs/private/2024/9/20/recording11667141533058847644.mp3,wK7notG9YjsMMCM9aqx_Mw
https://crworkspace.s3.ap-south-1.amazonaws.com/crdhs/private/2024/9/25/recording14990803098532811751.mp3,byGl8fyKVCHEdox_Uo0oKw
https://crworkspace.s3.ap-south-1.amazonaws.com/crdhs/private/2024/9/25/recording3809940640367940509.mp3,4dyNvUHSiI6g1tNCJ54u6g
https://crworkspace.s3.ap-south-1.amazonaws.com/crdhs/private/2024/9/23/recording10860135828399990133.mp3,l76M_CU_LcVyVxS_6d7MJQ
https://crworkspace.s3.ap-south-1.amazonaws.com/crdhs/private/2024/9/25/recording11740957404561044141.mp3,4yrGdEgFhrB7noN8Fs2hRw
https://crworkspace.s3.ap-south-1.amazonaws.com/crdhs/private/2024/9/23/recording8298473142348509461.mp3,j6QgSpXZqKJu_3kY4p_coA
https://crworkspace.s3.ap-south-1.amazonaws.com/crdhs/private/2024/9/23/recording6794602585014655157.mp3,bwIrtn-ih6gKGTS7x6geMw
https://crworkspace.s3.ap-south-1.amazonaws.com/crdhs/private/2024/9/23/recording11263701150713196905.mp3,oipkjKAoHfeZJeRzKtMeYw
https://crworkspace.s3.ap-south-1.amazonaws.com/crdhs/private/2024/9/23/recording416132256778951979.mp3,Dpn2aTudrf9cXmU1LtdExw
https://crworkspace.s3.ap-south-1.amazonaws.com/crdhs/private/2024/9/25/recording2350895595298147552.mp3,2U1Dt9mMpce1XntV9m-gqA
https://crworkspace.s3.ap-south-1.amazonaws.com/crdhs/private/2024/9/23/recording1252662992635429804.mp3,5Wkx6ENf5xS-S_sCRuLMhw
https://crworkspace.s3.ap-south-1.amazonaws.com/crdhs/private/2024/9/21/recording1851838108656031979.mp3,gWGApb8Qs8kvQCwjkSYSJQ
https://crworkspace.s3.ap-south-1.amazonaws.com/crdhs/private/2024/9/21/recording10932593464232227494.mp3,dxkgviGvcWw106RrqwyjvQ
https://crworkspace.s3.ap-south-1.amazonaws.com/crdhs/private/2024/9/23/recording1271137131524702846.mp3,tHpUlnJ1QCMO-l8ZFPQOaw
https://crworkspace.s3.ap-south-1.amazonaws.com/crdhs/private/2024/9/24/recording14618142468229132700.mp3,dHrQSb7_E0tvNimU3g_5HA
https://crworkspace.s3.ap-south-1.amazonaws.com/crdhs/private/2024/9/24/recording14324138803476494639.mp3,xCI7nnahHy5Is-xINS4SYg
https://crworkspace.s3.ap-south-1.amazonaws.com/crdhs/private/2024/9/26/recording16696434778460529599.mp3,iHNStmUhfyLYSgK1B89bvQ
https://crworkspace.s3.ap-south-1.amazonaws.com/crdhs/private/2024/9/25/recording6260534460539339052.mp3,f_X2ekPGKxhzH60bL-GiJQ
https://crworkspace.s3.ap-south-1.amazonaws.com/crdhs/private/2024/9/21/recording2867002462996785738.mp3,qN5xAJa0W75srLyk1sTvZA
https://crworkspace.s3.ap-south-1.amazonaws.com/crdhs/private/2024/9/20/recording11477364838991080402.mp3,KvBikq4b3QkDu07phKq7wg
https://crworkspace.s3.ap-south-1.amazonaws.com/crdhs/private/2024/9/24/recording16386774932524417656.mp3,P5piU55EHSo6sjw594wTxQ
https://crworkspace.s3.ap-south-1.amazonaws.com/crdhs/private/2024/9/26/recording1710754422273654943.mp3,P0JjJr7SD-1I3c7HhlAYDQ
https://crworkspace.s3.ap-south-1.amazonaws.com/crdhs/private/2024/9/25/recording9518772834174016832.mp3,iVRLqtzu2uB45V-DhH_rAQ
https://crworkspace.s3.ap-south-1.amazonaws.com/crdhs/private/2024/9/21/recording11664985175392133965.mp3,I6t7ulM1-cHjqmDbl5VCmw
https://crworkspace.s3.ap-south-1.amazonaws.com/crdhs/private/2024/11/6/recording.mp3,--HarojsWojLTjUTow1RHA
https://crworkspace.s3.ap-south-1.amazonaws.com/crdhs/private/2024/10/7/recording14738720466912026338.mp3,Z619SS_T6cQ_BN6qSOyGyw
https://crworkspace.s3.ap-south-1.amazonaws.com/crdhs/private/2024/11/26/recording.mp3,-8AhiNg6tiGz8N7jiEqUFA
https://crworkspace.s3.ap-south-1.amazonaws.com/crdhs/private/2024/11/26/recording.mp3,-8AhiNg6tiGz8N7jiEqUFA
https://crworkspace.s3.ap-south-1.amazonaws.com/crdhs/private/2024/10/6/recording7587734584637113656.mp3,87TwjA3Mvoqq65uumRkFSQ
https://crworkspace.s3.ap-south-1.amazonaws.com/crdhs/private/2024/11/26/recording.mp3,-8AhiNg6tiGz8N7jiEqUFA
https://crworkspace.s3.ap-south-1.amazonaws.com/crdhs/private/2024/11/21/recording.mp3,--CsMlwV1w_m0om101_Z1w
https://crworkspace.s3.ap-south-1.amazonaws.com/crdhs/private/2024/11/21/recording.mp3,--CsMlwV1w_m0om101_Z1w
https://crworkspace.s3.ap-south-1.amazonaws.com/crdhs/private/2024/11/26/recording.mp3,-8AhiNg6tiGz8N7jiEqUFA
https://crworkspace.s3.ap-south-1.amazonaws.com/crdhs/private/2024/11/6/recording.mp3,--HarojsWojLTjUTow1RHA
https://crworkspace.s3.ap-south-1.amazonaws.com/crdhs/private/2024/9/20/recording5270513321560339386.mp3,wLBMqPfixE_LQBqL54F-GQ
https://crworkspace.s3.ap-south-1.amazonaws.com/crdhs/private/2024/11/21/recording.mp3,--CsMlwV1w_m0om101_Z1w
https://crworkspace.s3.ap-south-1.amazonaws.com/crdhs/private/2024/9/24/recording15219569998736188144.mp3,5lOh9Rzxi-UfpRLhUKjaIg
https://crworkspace.s3.ap-south-1.amazonaws.com/crdhs/private/2024/9/23/recording16938491279504575575.mp3,5Fvtlf2bFvBpZDvk5Vjrjg
https://crworkspace.s3.ap-south-1.amazonaws.com/crdhs/private/2024/9/23/recording6995437276463903465.mp3,ZHenJ4xKdM_MmrQmVo31xw
https://crworkspace.s3.ap-south-1.amazonaws.com/crdhs/private/2024/9/23/recording2804175753558381722.mp3,Nbv8t1MjR34IA2MGRIYnzg
https://crworkspace.s3.ap-south-1.amazonaws.com/crdhs/private/2024/11/26/recording.mp3,-8AhiNg6tiGz8N7jiEqUFA
https://crworkspace.s3.ap-south-1.amazonaws.com/crdhs/private/2024/11/6/recording.mp3,--HarojsWojLTjUTow1RHA
https://crworkspace.s3.ap-south-1.amazonaws.com/crdhs/private/2024/11/6/recording.mp3,--HarojsWojLTjUTow1RHA
https://crworkspace.s3.ap-south-1.amazonaws.com/crdhs/private/2024/11/26/recording.mp3,-8AhiNg6tiGz8N7jiEqUFA
https://crworkspace.s3.ap-south-1.amazonaws.com/crdhs/private/2024/9/23/recording5940458773817209635.mp3,aj7GlSEzip2_nhGJt6sCTQ
https://crworkspace.s3.ap-south-1.amazonaws.com/crdhs/private/2024/11/6/recording.mp3,--HarojsWojLTjUTow1RHA
https://crworkspace.s3.ap-south-1.amazonaws.com/crdhs/private/2024/10/7/recording7149992138430522266.mp3,z_FsiM7kl3D7GhAafe9sdg
https://crworkspace.s3.ap-south-1.amazonaws.com/crdhs/private/2024/11/6/recording.mp3,--HarojsWojLTjUTow1RHA
https://crworkspace.s3.ap-south-1.amazonaws.com/crdhs/private/2024/11/26/recording.mp3,-8AhiNg6tiGz8N7jiEqUFA
https://crworkspace.s3.ap-south-1.amazonaws.com/crdhs/private/2024/11/26/recording.mp3,-8AhiNg6tiGz8N7jiEqUFA
https://crworkspace.s3.ap-south-1.amazonaws.com/crdhs/private/2024/11/21/recording.mp3,--CsMlwV1w_m0om101_Z1w
https://crworkspace.s3.ap-south-1.amazonaws.com/crdhs/private/2024/11/26/recording.mp3,-8AhiNg6tiGz8N7jiEqUFA
https://crworkspace.s3.ap-south-1.amazonaws.com/crdhs/private/2024/11/21/recording.mp3,--CsMlwV1w_m0om101_Z1w
https://crworkspace.s3.ap-south-1.amazonaws.com/crdhs/private/2024/9/23/recording8880382871034618869.mp3,vQKtznqNlAankRI_OfDAZQ
https://crworkspace.s3.ap-south-1.amazonaws.com/crdhs/private/2024/10/6/recording5020458646401774310.mp3,RlM6Og0ZOCEaqcI8RTU61w
https://crworkspace.s3.ap-south-1.amazonaws.com/crdhs/private/2024/11/6/recording.mp3,--HarojsWojLTjUTow1RHA
https://crworkspace.s3.ap-south-1.amazonaws.com/crdhs/private/2024/11/26/recording.mp3,-8AhiNg6tiGz8N7jiEqUFA
https://crworkspace.s3.ap-south-1.amazonaws.com/crdhs/private/2024/10/6/recording3445812038206405217.mp3,T5jxXna0fDciMmGOQ5GS3w
https://crworkspace.s3.ap-south-1.amazonaws.com/crdhs/private/2024/9/21/recording4155873634198563078.mp3,g9WkmSuUMkdP6xoWXEURiA
https://crworkspace.s3.ap-south-1.amazonaws.com/crdhs/private/2024/9/20/recording14501225291577210095.mp3,rYH0g1dMIBHxoDAHPyb_mA
https://crworkspace.s3.ap-south-1.amazonaws.com/crdhs/private/2024/9/20/recording6253481957716158833.mp3,m7B7HGIAELAm_6h0CVAMgw
https://crworkspace.s3.ap-south-1.amazonaws.com/crdhs/private/2024/9/20/recording1071331339091515927.mp3,LKcFtoqPupmBE64mnrG02g
https://crworkspace.s3.ap-south-1.amazonaws.com/crdhs/private/2024/11/26/recording.mp3,-8AhiNg6tiGz8N7jiEqUFA
https://crworkspace.s3.ap-south-1.amazonaws.com/crdhs/private/2024/11/21/recording.mp3,--CsMlwV1w_m0om101_Z1w
https://crworkspace.s3.ap-south-1.amazonaws.com/crdhs/private/2024/11/6/recording.mp3,--HarojsWojLTjUTow1RHA
https://crworkspace.s3.ap-south-1.amazonaws.com/crdhs/private/2024/11/26/recording.mp3,-8AhiNg6tiGz8N7jiEqUFA
https://crworkspace.s3.ap-south-1.amazonaws.com/crdhs/private/2024/10/6/recording12861171437224175277.mp3,_LRLjuSNRBAx4eIaJD9U5A
https://crworkspace.s3.ap-south-1.amazonaws.com/crdhs/private/2024/9/23/recording4710684758011042511.mp3,INpaFHA01U38IybB_RuUGA
https://crworkspace.s3.ap-south-1.amazonaws.com/crdhs/private/2024/11/26/recording.mp3,-8AhiNg6tiGz8N7jiEqUFA
https://crworkspace.s3.ap-south-1.amazonaws.com/crdhs/private/2024/11/6/recording.mp3,--HarojsWojLTjUTow1RHA
https://crworkspace.s3.ap-south-1.amazonaws.com/crdhs/private/2024/11/6/recording.mp3,--HarojsWojLTjUTow1RHA
https://crworkspace.s3.ap-south-1.amazonaws.com/crdhs/private/2024/9/27/recording11868057441096669908.mp3,MHDBkPXEzDrE29nilpYbyQ
https://crworkspace.s3.ap-south-1.amazonaws.com/crdhs/private/2024/11/6/recording.mp3,--HarojsWojLTjUTow1RHA
https://crworkspace.s3.ap-south-1.amazonaws.com/crdhs/private/2024/9/26/recording3178593497412079287.mp3,6jF98z3vV7SPYKow8TwhOw
https://crworkspace.s3.ap-south-1.amazonaws.com/crdhs/private/2024/10/7/recording14553646085428543473.mp3,wxbyHGOnoaAlYH-KO-Y4bA
https://crworkspace.s3.ap-south-1.amazonaws.com/crdhs/private/2024/9/26/recording15922970745304953529.mp3,qCHHpEAQGyOnh-TPZxh77g
https://crworkspace.s3.ap-south-1.amazonaws.com/crdhs/private/2024/11/6/recording.mp3,--HarojsWojLTjUTow1RHA
https://crworkspace.s3.ap-south-1.amazonaws.com/crdhs/private/2024/11/6/recording.mp3,--HarojsWojLTjUTow1RHA
https://crworkspace.s3.ap-south-1.amazonaws.com/crdhs/private/2024/11/26/recording.mp3,-8AhiNg6tiGz8N7jiEqUFA
https://crworkspace.s3.ap-south-1.amazonaws.com/crdhs/private/2024/9/25/recording13822122362559577342.mp3,yLhw7w9pD2K__SOc-6pCTg
https://crworkspace.s3.ap-south-1.amazonaws.com/crdhs/private/2024/9/23/recording5299811874334163406.mp3,PJNvkIwt80ny7xhBSEY5fA
https://crworkspace.s3.ap-south-1.amazonaws.com/crdhs/private/2024/11/21/recording.mp3,--CsMlwV1w_m0om101_Z1w
https://crworkspace.s3.ap-south-1.amazonaws.com/crdhs/private/2024/9/24/recording10461586952371611352.mp3,prQAV-o7B10tpzfb8ngZlA
https://crworkspace.s3.ap-south-1.amazonaws.com/crdhs/private/2024/11/21/recording.mp3,--CsMlwV1w_m0om101_Z1w
https://crworkspace.s3.ap-south-1.amazonaws.com/crdhs/private/2024/10/7/recording11208311284906221832.mp3,km5zEj9VfFvNzK3PAmiN0g
https://crworkspace.s3.ap-south-1.amazonaws.com/crdhs/private/2024/11/21/recording.mp3,--CsMlwV1w_m0om101_Z1w
https://crworkspace.s3.ap-south-1.amazonaws.com/crdhs/private/2024/12/26/recording.mp3,-6BgZm0BN_-bD11uZkFMRA
https://crworkspace.s3.ap-south-1.amazonaws.com/crdhs/private/2024/9/25/recording7545911047790544988.mp3,Tqydh2G5Q5SLTPtnM8taxg
https://crworkspace.s3.ap-south-1.amazonaws.com/crdhs/private/2024/10/6/recording14078558005992774018.mp3,oUo8x38Ci7W5sFn2zemMAA
https://crworkspace.s3.ap-south-1.amazonaws.com/crdhs/private/2024/9/26/recording11696086954362980719.mp3,0VuyGmljdSDHeAyfPFwEeA
https://crworkspace.s3.ap-south-1.amazonaws.com/crdhs/private/2024/10/7/recording12032750905607350993.mp3,7HRpU8G1Q_7eUSq_sAydeA
https://crworkspace.s3.ap-south-1.amazonaws.com/crdhs/private/2024/11/6/recording.mp3,--HarojsWojLTjUTow1RHA
https://crworkspace.s3.ap-south-1.amazonaws.com/crdhs/private/2024/9/23/recording8790974946580354838.mp3,3KA6agryhlHcXIvpa0V3Yg
https://crworkspace.s3.ap-south-1.amazonaws.com/crdhs/private/2024/11/26/recording.mp3,-8AhiNg6tiGz8N7jiEqUFA
https://crworkspace.s3.ap-south-1.amazonaws.com/crdhs/private/2024/10/6/recording15861986461121276115.mp3,aYnHZrKBRkc-_WinSD61LQ
https://crworkspace.s3.ap-south-1.amazonaws.com/crdhs/private/2024/11/26/recording.mp3,-8AhiNg6tiGz8N7jiEqUFA
https://crworkspace.s3.ap-south-1.amazonaws.com/crdhs/private/2024/11/6/recording.mp3,--HarojsWojLTjUTow1RHA
https://crworkspace.s3.ap-south-1.amazonaws.com/crdhs/private/2024/11/26/recording.mp3,-8AhiNg6tiGz8N7jiEqUFA
https://crworkspace.s3.ap-south-1.amazonaws.com/crdhs/private/2024/11/26/recording.mp3,-8AhiNg6tiGz8N7jiEqUFA
https://crworkspace.s3.ap-south-1.amazonaws.com/crdhs/private/2024/11/26/recording.mp3,-8AhiNg6tiGz8N7jiEqUFA
https://crworkspace.s3.ap-south-1.amazonaws.com/crdhs/private/2024/11/21/recording.mp3,--CsMlwV1w_m0om101_Z1w
https://crworkspace.s3.ap-south-1.amazonaws.com/crdhs/private/2024/11/6/recording.mp3,--HarojsWojLTjUTow1RHA
https://crworkspace.s3.ap-south-1.amazonaws.com/crdhs/private/2024/11/21/recording.mp3,--CsMlwV1w_m0om101_Z1w
https://crworkspace.s3.ap-south-1.amazonaws.com/crdhs/private/2024/9/23/recording5061523292892834369.mp3,fUiOpfvGfT0AsfYWG9sR1A
https://crworkspace.s3.ap-south-1.amazonaws.com/crdhs/private/2024/9/23/recording17647761497810001785.mp3,0yONl8NP6N-rXzdYj4TLXA
https://crworkspace.s3.ap-south-1.amazonaws.com/crdhs/private/2024/11/26/recording.mp3,-8AhiNg6tiGz8N7jiEqUFA
https://crworkspace.s3.ap-south-1.amazonaws.com/crdhs/private/2024/11/21/recording.mp3,--CsMlwV1w_m0om101_Z1w
https://crworkspace.s3.ap-south-1.amazonaws.com/crdhs/private/2024/9/25/recording6443688112421462831.mp3,zdyCv7GrXUHabSLJ_VkqSA
https://crworkspace.s3.ap-south-1.amazonaws.com/crdhs/private/2024/9/25/recording14043490902021135635.mp3,kNTJSsbjUB9T5RcoEPZKaw
https://crworkspace.s3.ap-south-1.amazonaws.com/crdhs/private/2024/10/7/recording18234615683954455624.mp3,XvNkJvbmkaUrNFm8qiDDww
https://crworkspace.s3.ap-south-1.amazonaws.com/crdhs/private/2024/9/24/recording6812966225244130526.mp3,6-MHheXSA40ocskqB7dXYw
https://crworkspace.s3.ap-south-1.amazonaws.com/crdhs/private/2024/9/23/recording13039370471353267157.mp3,0Q1LN4TSw3Tbm2KQ2tzSvg
https://crworkspace.s3.ap-south-1.amazonaws.com/crdhs/private/2024/9/24/recording11851531077556949066.mp3,KpBUARwMHla2FaU41o88lg
https://crworkspace.s3.ap-south-1.amazonaws.com/crdhs/private/2024/9/21/recording12829176542042372306.mp3,Yl8FOUdJLuJj51t4N_RXng
https://crworkspace.s3.ap-south-1.amazonaws.com/crdhs/private/2024/11/6/recording.mp3,--HarojsWojLTjUTow1RHA
https://crworkspace.s3.ap-south-1.amazonaws.com/crdhs/private/2024/9/24/recording349126314615560856.mp3,KL7LeYt8erT_IXHAXUITow
https://crworkspace.s3.ap-south-1.amazonaws.com/crdhs/private/2024/10/7/recording5396690442956986011.mp3,Pk0aY26DJIIUEenQtvF2eQ
https://crworkspace.s3.ap-south-1.amazonaws.com/crdhs/private/2024/9/24/recording12351518230577479029.mp3,BJrU1ocuu0hkY8zofBmywQ
https://crworkspace.s3.ap-south-1.amazonaws.com/crdhs/private/2024/11/6/recording.mp3,--HarojsWojLTjUTow1RHA
https://crworkspace.s3.ap-south-1.amazonaws.com/crdhs/private/2024/9/27/recording12281974917729375931.mp3,8oIE87YEn5Mvx_40jHl1vg
https://crworkspace.s3.ap-south-1.amazonaws.com/crdhs/private/2024/11/6/recording.mp3,--HarojsWojLTjUTow1RHA
https://crworkspace.s3.ap-south-1.amazonaws.com/crdhs/private/2024/9/24/recording7981708762115463087.mp3,XTreyHm9CWBrv7yUmNVUZg
https://crworkspace.s3.ap-south-1.amazonaws.com/crdhs/private/2024/11/6/recording.mp3,--HarojsWojLTjUTow1RHA
https://crworkspace.s3.ap-south-1.amazonaws.com/crdhs/private/2024/9/23/recording12990108452168782548.mp3,YvKZEfXut_Q2OOKK2kCfIw
https://crworkspace.s3.ap-south-1.amazonaws.com/crdhs/private/2024/11/26/recording.mp3,-8AhiNg6tiGz8N7jiEqUFA
https://crworkspace.s3.ap-south-1.amazonaws.com/crdhs/private/2024/11/21/recording.mp3,--CsMlwV1w_m0om101_Z1w
https://crworkspace.s3.ap-south-1.amazonaws.com/crdhs/private/2024/11/26/recording.mp3,-8AhiNg6tiGz8N7jiEqUFA
https://crworkspace.s3.ap-south-1.amazonaws.com/crdhs/private/2024/11/6/recording.mp3,--HarojsWojLTjUTow1RHA
https://crworkspace.s3.ap-south-1.amazonaws.com/crdhs/private/2024/11/21/recording.mp3,--CsMlwV1w_m0om101_Z1w
https://crworkspace.s3.ap-south-1.amazonaws.com/crdhs/private/2024/9/20/recording10485075105632984383.mp3,zjmyZQQ70hUJIKG-J-FdoQ
https://crworkspace.s3.ap-south-1.amazonaws.com/crdhs/private/2024/9/23/recording11862547923075893448.mp3,LUtTfNIyRxQOJAZgmBCAsg
https://crworkspace.s3.ap-south-1.amazonaws.com/crdhs/private/2024/11/26/recording.mp3,-8AhiNg6tiGz8N7jiEqUFA
https://crworkspace.s3.ap-south-1.amazonaws.com/crdhs/private/2024/10/7/recording16866298643945387651.mp3,IRaLEOaPigh5I49R4aIIfg
https://crworkspace.s3.ap-south-1.amazonaws.com/crdhs/private/2024/9/25/recording17836408681865112514.mp3,TF-LRuMMxCx0sMmZQ3rAoA
https://crworkspace.s3.ap-south-1.amazonaws.com/crdhs/private/2024/11/26/recording.mp3,-8AhiNg6tiGz8N7jiEqUFA
https://crworkspace.s3.ap-south-1.amazonaws.com/crdhs/private/2024/11/6/recording.mp3,--HarojsWojLTjUTow1RHA
https://crworkspace.s3.ap-south-1.amazonaws.com/crdhs/private/2024/11/6/recording.mp3,--HarojsWojLTjUTow1RHA
https://crworkspace.s3.ap-south-1.amazonaws.com/crdhs/private/2024/9/20/recording4699042161101050421.mp3,SFePiBpVGHaG9_eI5kiOHQ
https://crworkspace.s3.ap-south-1.amazonaws.com/crdhs/private/2024/10/6/recording7349996523245808564.mp3,0yG0hNIYICKvunmQYhkm0Q
https://crworkspace.s3.ap-south-1.amazonaws.com/crdhs/private/2024/10/7/recording1067291331318979039.mp3,XSVXroSOcuPxUrImS6CY5w
https://crworkspace.s3.ap-south-1.amazonaws.com/crdhs/private/2024/9/25/recording124559584800181421.mp3,o1dDhOMnwH1qLHMO6xidZw
https://crworkspace.s3.ap-south-1.amazonaws.com/crdhs/private/2024/9/23/recording1191874465920306514.mp3,G6QhL6L9ZBSmiysTuTz8IQ
https://crworkspace.s3.ap-south-1.amazonaws.com/crdhs/private/2024/9/23/recording7066881821073137016.mp3,Ur5djk_uzruK1Z6GVTvVyw
https://crworkspace.s3.ap-south-1.amazonaws.com/crdhs/private/2024/9/21/recording3228592788854576007.mp3,FuKA8hnnK9gjZ8B3b_c_0g
https://crworkspace.s3.ap-south-1.amazonaws.com/crdhs/private/2024/10/6/recording633308570036046942.mp3,koPAxa4f-h1BKzvW3mn3Eg
https://crworkspace.s3.ap-south-1.amazonaws.com/crdhs/private/2024/9/21/recording18341846044048511329.mp3,yWKGeLrkR-ex79UIyxtGOQ
https://crworkspace.s3.ap-south-1.amazonaws.com/crdhs/private/2024/11/21/recording.mp3,--CsMlwV1w_m0om101_Z1w
https://crworkspace.s3.ap-south-1.amazonaws.com/crdhs/private/2024/11/26/recording.mp3,-8AhiNg6tiGz8N7jiEqUFA
https://crworkspace.s3.ap-south-1.amazonaws.com/crdhs/private/2024/11/21/recording.mp3,--CsMlwV1w_m0om101_Z1w
https://crworkspace.s3.ap-south-1.amazonaws.com/crdhs/private/2024/9/23/recording668108569650007130.mp3,YDm0Sfpz2NApnLYjbdSmaA
https://crworkspace.s3.ap-south-1.amazonaws.com/crdhs/private/2024/11/26/recording.mp3,-8AhiNg6tiGz8N7jiEqUFA
https://crworkspace.s3.ap-south-1.amazonaws.com/crdhs/private/2024/9/26/recording17450263969417381616.mp3,71NvzXoqiSX6O4_PQi126w
https://crworkspace.s3.ap-south-1.amazonaws.com/crdhs/private/2024/9/24/recording14182833396072525988.mp3,m5VsWf6sQZxfFktaoiVHeg
https://crworkspace.s3.ap-south-1.amazonaws.com/crdhs/private/2024/11/6/recording.mp3,--HarojsWojLTjUTow1RHA
https://crworkspace.s3.ap-south-1.amazonaws.com/crdhs/private/2024/11/6/recording.mp3,--HarojsWojLTjUTow1RHA
https://crworkspace.s3.ap-south-1.amazonaws.com/crdhs/private/2024/11/26/recording.mp3,-8AhiNg6tiGz8N7jiEqUFA
https://crworkspace.s3.ap-south-1.amazonaws.com/crdhs/private/2024/9/26/recording9474663210322588070.mp3,pyKmar2LO_KlPme30h63PQ
https://crworkspace.s3.ap-south-1.amazonaws.com/crdhs/private/2024/11/6/recording.mp3,--HarojsWojLTjUTow1RHA
https://crworkspace.s3.ap-south-1.amazonaws.com/crdhs/private/2024/9/24/recording11722002914290334024.mp3,BDyZ_MXl_USdJeOHRBaCCA
https://crworkspace.s3.ap-south-1.amazonaws.com/crdhs/private/2024/9/20/recording14511483203657945642.mp3,Tj5zGRRpuYqrT0UuIflm1Q
https://crworkspace.s3.ap-south-1.amazonaws.com/crdhs/private/2024/12/26/recording.mp3,-6BgZm0BN_-bD11uZkFMRA
https://crworkspace.s3.ap-south-1.amazonaws.com/crdhs/private/2024/11/6/recording.mp3,--HarojsWojLTjUTow1RHA
https://crworkspace.s3.ap-south-1.amazonaws.com/crdhs/private/2024/9/23/recording423512115603373979.mp3,h5QCTo_sQxlThM8P9qaM7A
https://crworkspace.s3.ap-south-1.amazonaws.com/crdhs/private/2024/9/25/recording4896225080046783246.mp3,fwBaakaI1ULYiQgfT2_K8A
https://crworkspace.s3.ap-south-1.amazonaws.com/crdhs/private/2024/11/26/recording.mp3,-8AhiNg6tiGz8N7jiEqUFA
https://crworkspace.s3.ap-south-1.amazonaws.com/crdhs/private/2024/11/26/recording.mp3,-8AhiNg6tiGz8N7jiEqUFA
https://crworkspace.s3.ap-south-1.amazonaws.com/crdhs/private/2024/9/27/recording7541520939403744859.mp3,c5d80kI9amZ5ZA3xTtxFJg
https://crworkspace.s3.ap-south-1.amazonaws.com/crdhs/private/2024/11/26/recording.mp3,-8AhiNg6tiGz8N7jiEqUFA
https://crworkspace.s3.ap-south-1.amazonaws.com/crdhs/private/2024/9/20/recording15960614755692681108.mp3,z78LcguFnm1I_0pGkpd-ag
https://crworkspace.s3.ap-south-1.amazonaws.com/crdhs/private/2024/11/6/recording.mp3,--HarojsWojLTjUTow1RHA
https://crworkspace.s3.ap-south-1.amazonaws.com/crdhs/private/2024/11/21/recording.mp3,--CsMlwV1w_m0om101_Z1w
https://crworkspace.s3.ap-south-1.amazonaws.com/crdhs/private/2024/9/25/recording817209861393627659.mp3,-sGqs7fkSbruVBJGNAErDQ
https://crworkspace.s3.ap-south-1.amazonaws.com/crdhs/private/2024/11/26/recording.mp3,-8AhiNg6tiGz8N7jiEqUFA
https://crworkspace.s3.ap-south-1.amazonaws.com/crdhs/private/2024/9/24/recording7759827078895100188.mp3,OikTXnHqKLQYu5jSYqJMIA
https://crworkspace.s3.ap-south-1.amazonaws.com/crdhs/private/2024/9/21/recording1112284648940854086.mp3,ank-QZ4Yf06uwvksaYnHxw
https://crworkspace.s3.ap-south-1.amazonaws.com/crdhs/private/2024/11/21/recording.mp3,--CsMlwV1w_m0om101_Z1w
https://crworkspace.s3.ap-south-1.amazonaws.com/crdhs/private/2024/11/6/recording.mp3,--HarojsWojLTjUTow1RHA
https://crworkspace.s3.ap-south-1.amazonaws.com/crdhs/private/2024/11/26/recording.mp3,-8AhiNg6tiGz8N7jiEqUFA
https://crworkspace.s3.ap-south-1.amazonaws.com/crdhs/private/2024/11/26/recording.mp3,-8AhiNg6tiGz8N7jiEqUFA
https://crworkspace.s3.ap-south-1.amazonaws.com/crdhs/private/2024/11/6/recording.mp3,--HarojsWojLTjUTow1RHA
https://crworkspace.s3.ap-south-1.amazonaws.com/crdhs/private/2024/9/21/recording2135037708053398989.mp3,IG8ziX62KOMS1cgcVntYZw
https://crworkspace.s3.ap-south-1.amazonaws.com/crdhs/private/2024/9/20/recording4986509026036868464.mp3,TxsGbUPlWYm1glLNNSUYnw
https://crworkspace.s3.ap-south-1.amazonaws.com/crdhs/private/2024/10/7/recording2459407441541201068.mp3,dYGQI-crPFjY-kBez-ltAw
https://crworkspace.s3.ap-south-1.amazonaws.com/crdhs/private/2024/9/24/recording16696962395664959618.mp3,jFi3wx8YXiZtDVcYshm9kQ
https://crworkspace.s3.ap-south-1.amazonaws.com/crdhs/private/2024/11/6/recording.mp3,--HarojsWojLTjUTow1RHA
https://crworkspace.s3.ap-south-1.amazonaws.com/crdhs/private/2024/11/6/recording.mp3,--HarojsWojLTjUTow1RHA
https://crworkspace.s3.ap-south-1.amazonaws.com/crdhs/private/2024/11/6/recording.mp3,--HarojsWojLTjUTow1RHA
https://crworkspace.s3.ap-south-1.amazonaws.com/crdhs/private/2024/11/6/recording.mp3,--HarojsWojLTjUTow1RHA
https://crworkspace.s3.ap-south-1.amazonaws.com/crdhs/private/2024/11/6/recording.mp3,--HarojsWojLTjUTow1RHA
https://crworkspace.s3.ap-south-1.amazonaws.com/crdhs/private/2024/9/27/recording2218064624173305907.mp3,L8RM0B1jtmJ5v7W_id0yRg
https://crworkspace.s3.ap-south-1.amazonaws.com/crdhs/private/2024/10/2/recording9295216626933687564.mp3,RNcI5p2DcTseyYur4pUhXQ
https://crworkspace.s3.ap-south-1.amazonaws.com/crdhs/private/2024/10/3/recording11649314839290296786.mp3,rtJPmrm3pOt-yK1m37ujNg
https://crworkspace.s3.ap-south-1.amazonaws.com/crdhs/private/2024/11/6/recording.mp3,--HarojsWojLTjUTow1RHA
https://crworkspace.s3.ap-south-1.amazonaws.com/crdhs/private/2024/11/26/recording.mp3,-8AhiNg6tiGz8N7jiEqUFA
https://crworkspace.s3.ap-south-1.amazonaws.com/crdhs/private/2024/11/26/recording.mp3,-8AhiNg6tiGz8N7jiEqUFA
https://crworkspace.s3.ap-south-1.amazonaws.com/crdhs/private/2024/11/26/recording.mp3,-8AhiNg6tiGz8N7jiEqUFA
https://crworkspace.s3.ap-south-1.amazonaws.com/crdhs/private/2024/9/27/recording1249142551203956030.mp3,fvJreI5ZT6ndsV4pWhy0YQ
https://crworkspace.s3.ap-south-1.amazonaws.com/crdhs/private/2024/11/26/recording.mp3,-8AhiNg6tiGz8N7jiEqUFA
https://crworkspace.s3.ap-south-1.amazonaws.com/crdhs/private/2024/9/23/recording339629286642538379.mp3,MZOeKSOYsVw96OASK5H05Q
https://crworkspace.s3.ap-south-1.amazonaws.com/crdhs/private/2024/9/23/recording13602725495764577501.mp3,Pmq0ePgP7M71IhF6Qi-wmg
https://crworkspace.s3.ap-south-1.amazonaws.com/crdhs/private/2024/10/6/recording5424505765491586796.mp3,GDMw91XYIeLIcNXsB00mZg
https://crworkspace.s3.ap-south-1.amazonaws.com/crdhs/private/2024/9/23/recording15697854270628989718.mp3,ZfRO0ElvVAtNXVa8ieYmmg
https://crworkspace.s3.ap-south-1.amazonaws.com/crdhs/private/2024/9/23/recording736668410573291471.mp3,EMgwJadJFjUnIqG2B7YQ1g
https://crworkspace.s3.ap-south-1.amazonaws.com/crdhs/private/2024/9/23/recording17253116163503348635.mp3,UxW-UtqY7q6GmyjNPLHN2Q
https://crworkspace.s3.ap-south-1.amazonaws.com/crdhs/private/2024/11/6/recording.mp3,--HarojsWojLTjUTow1RHA
https://crworkspace.s3.ap-south-1.amazonaws.com/crdhs/private/2024/11/26/recording.mp3,-8AhiNg6tiGz8N7jiEqUFA
https://crworkspace.s3.ap-south-1.amazonaws.com/crdhs/private/2024/11/6/recording.mp3,--HarojsWojLTjUTow1RHA
https://crworkspace.s3.ap-south-1.amazonaws.com/crdhs/private/2024/9/23/recording12081661617257496500.mp3,g-GU90KDL76T7Ni3Umw32A
https://crworkspace.s3.ap-south-1.amazonaws.com/crdhs/private/2024/9/27/recording2254033425710700526.mp3,04hYWDFTapv6lMaLcum4pQ
https://crworkspace.s3.ap-south-1.amazonaws.com/crdhs/private/2024/9/20/recording10413587624609134340.mp3,IHp7-DkE6N3sPSeAyM2yNA
https://crworkspace.s3.ap-south-1.amazonaws.com/crdhs/private/2024/9/20/recording4179503263554112931.mp3,lWdIxXRt2f9pvROMcxSOLQ
https://crworkspace.s3.ap-south-1.amazonaws.com/crdhs/private/2024/11/26/recording.mp3,-8AhiNg6tiGz8N7jiEqUFA
https://crworkspace.s3.ap-south-1.amazonaws.com/crdhs/private/2024/10/7/recording2053335772169386745.mp3,HfSF2M6nlGTt4uTL91JwGg
https://crworkspace.s3.ap-south-1.amazonaws.com/crdhs/private/2024/11/6/recording.mp3,--HarojsWojLTjUTow1RHA
https://crworkspace.s3.ap-south-1.amazonaws.com/crdhs/private/2024/11/6/recording.mp3,--HarojsWojLTjUTow1RHA
https://crworkspace.s3.ap-south-1.amazonaws.com/crdhs/private/2024/9/26/recording15504987150346332063.mp3,V-nwPP3lzIPJE528Uf5BNA
https://crworkspace.s3.ap-south-1.amazonaws.com/crdhs/private/2024/11/6/recording.mp3,--HarojsWojLTjUTow1RHA
https://crworkspace.s3.ap-south-1.amazonaws.com/crdhs/private/2024/11/6/recording.mp3,--HarojsWojLTjUTow1RHA
https://crworkspace.s3.ap-south-1.amazonaws.com/crdhs/private/2024/11/6/recording.mp3,--HarojsWojLTjUTow1RHA
https://crworkspace.s3.ap-south-1.amazonaws.com/crdhs/private/2024/9/24/recording1949155845343364248.mp3,oBfbkQRNz40KyJomDOJ3lw
https://crworkspace.s3.ap-south-1.amazonaws.com/crdhs/private/2024/11/26/recording.mp3,-8AhiNg6tiGz8N7jiEqUFA
https://crworkspace.s3.ap-south-1.amazonaws.com/crdhs/private/2024/11/6/recording.mp3,--HarojsWojLTjUTow1RHA
https://crworkspace.s3.ap-south-1.amazonaws.com/crdhs/private/2024/9/20/recording15259430212945700778.mp3,lkmF7Q3TjfLw_9PlwOqKkw
https://crworkspace.s3.ap-south-1.amazonaws.com/crdhs/private/2024/11/21/recording.mp3,--CsMlwV1w_m0om101_Z1w
https://crworkspace.s3.ap-south-1.amazonaws.com/crdhs/private/2024/11/26/recording.mp3,-8AhiNg6tiGz8N7jiEqUFA
https://crworkspace.s3.ap-south-1.amazonaws.com/crdhs/private/2024/11/26/recording.mp3,-8AhiNg6tiGz8N7jiEqUFA
https://crworkspace.s3.ap-south-1.amazonaws.com/crdhs/private/2024/11/6/recording.mp3,--HarojsWojLTjUTow1RHA
https://crworkspace.s3.ap-south-1.amazonaws.com/crdhs/private/2024/10/7/recording14722408016111469192.mp3,B99o2ug5GdN91T_DaltBsg
https://crworkspace.s3.ap-south-1.amazonaws.com/crdhs/private/2024/9/25/recording16252414468762002983.mp3,kgOTBUD4JO9S2F4QjJYfqA
https://crworkspace.s3.ap-south-1.amazonaws.com/crdhs/private/2024/9/23/recording12445269480925587860.mp3,WsfbPnUFR1FvyaqO1P3aEg
https://crworkspace.s3.ap-south-1.amazonaws.com/crdhs/private/2024/10/7/recording4275887745870203238.mp3,UWMUBg-0LjH5pxT_KfHxEQ
https://crworkspace.s3.ap-south-1.amazonaws.com/crdhs/private/2024/11/26/recording.mp3,-8AhiNg6tiGz8N7jiEqUFA
https://crworkspace.s3.ap-south-1.amazonaws.com/crdhs/private/2024/9/27/recording13165684932370812819.mp3,gEtN__KO5f0a7tIr_flMXw
https://crworkspace.s3.ap-south-1.amazonaws.com/crdhs/private/2024/11/26/recording.mp3,-8AhiNg6tiGz8N7jiEqUFA
https://crworkspace.s3.ap-south-1.amazonaws.com/crdhs/private/2024/11/21/recording.mp3,--CsMlwV1w_m0om101_Z1w
https://crworkspace.s3.ap-south-1.amazonaws.com/crdhs/private/2024/9/24/recording9998642911684615239.mp3,d38RcbynXMEPYtQzif_seQ
https://crworkspace.s3.ap-south-1.amazonaws.com/crdhs/private/2024/11/26/recording.mp3,-8AhiNg6tiGz8N7jiEqUFA
https://crworkspace.s3.ap-south-1.amazonaws.com/crdhs/private/2024/10/7/recording1921236184334342449.mp3,j3iyTCJVKfr0IbJv2DlV-A
https://crworkspace.s3.ap-south-1.amazonaws.com/crdhs/private/2024/11/21/recording.mp3,--CsMlwV1w_m0om101_Z1w
https://crworkspace.s3.ap-south-1.amazonaws.com/crdhs/private/2024/9/27/recording968944959383645132.mp3,QGlWWAJGvBLJXSvbFFwUmA
https://crworkspace.s3.ap-south-1.amazonaws.com/crdhs/private/2024/9/25/recording5539970568476548987.mp3,t_eZI-qI-LdEPClA4sBL7Q
https://crworkspace.s3.ap-south-1.amazonaws.com/crdhs/private/2024/9/26/recording13524002686576362835.mp3,WvVBw2B4TTHybuZokjGBiQ
https://crworkspace.s3.ap-south-1.amazonaws.com/crdhs/private/2024/11/21/recording.mp3,--CsMlwV1w_m0om101_Z1w
https://crworkspace.s3.ap-south-1.amazonaws.com/crdhs/private/2024/10/7/recording1003961791583385708.mp3,uVyM3D9wl66kPDCN_jMK4g
https://crworkspace.s3.ap-south-1.amazonaws.com/crdhs/private/2024/10/6/recording3219806749511089741.mp3,JUB4vBRgT1CT4Fsl2lQc6A
https://crworkspace.s3.ap-south-1.amazonaws.com/crdhs/private/2025/1/8/recording.mp3,OH3eAgcnzdhYJK8rf4YGTw
https://crworkspace.s3.ap-south-1.amazonaws.com/crdhs/private/2024/11/6/recording.mp3,--HarojsWojLTjUTow1RHA
https://crworkspace.s3.ap-south-1.amazonaws.com/crdhs/private/2024/10/7/recording4726441941061567319.mp3,DVEi5BRWtr8q192J_4wqmg
https://crworkspace.s3.ap-south-1.amazonaws.com/crdhs/private/2024/9/25/recording11881703661936973098.mp3,Q9y5vaY1jCdP_aYSosGE5Q
https://crworkspace.s3.ap-south-1.amazonaws.com/crdhs/private/2024/10/6/recording9577213159953737780.mp3,VbHKqP9uoXjeYojktC-Spw
https://crworkspace.s3.ap-south-1.amazonaws.com/crdhs/private/2024/11/6/recording.mp3,--HarojsWojLTjUTow1RHA
https://crworkspace.s3.ap-south-1.amazonaws.com/crdhs/private/2024/11/6/recording.mp3,--HarojsWojLTjUTow1RHA
https://crworkspace.s3.ap-south-1.amazonaws.com/crdhs/private/2024/11/6/recording.mp3,--HarojsWojLTjUTow1RHA
https://crworkspace.s3.ap-south-1.amazonaws.com/crdhs/private/2024/11/21/recording.mp3,--CsMlwV1w_m0om101_Z1w
https://crworkspace.s3.ap-south-1.amazonaws.com/crdhs/private/2024/9/23/recording12995885042152947371.mp3,TM6zLqVARETdb8kX5KejxA
https://crworkspace.s3.ap-south-1.amazonaws.com/crdhs/private/2024/11/6/recording.mp3,--HarojsWojLTjUTow1RHA
https://crworkspace.s3.ap-south-1.amazonaws.com/crdhs/private/2024/11/6/recording.mp3,--HarojsWojLTjUTow1RHA
https://crworkspace.s3.ap-south-1.amazonaws.com/crdhs/private/2024/9/23/recording11689212863645384788.mp3,yuVmYL3ZrQqZInwkQzDlzQ
https://crworkspace.s3.ap-south-1.amazonaws.com/crdhs/private/2024/11/21/recording.mp3,--CsMlwV1w_m0om101_Z1w
https://crworkspace.s3.ap-south-1.amazonaws.com/crdhs/private/2024/9/23/recording13199678266742654261.mp3,f2u9QXsQb-C5D9VYcFYlwQ
https://crworkspace.s3.ap-south-1.amazonaws.com/crdhs/private/2024/11/26/recording.mp3,-8AhiNg6tiGz8N7jiEqUFA
https://crworkspace.s3.ap-south-1.amazonaws.com/crdhs/private/2024/11/21/recording.mp3,--CsMlwV1w_m0om101_Z1w
https://crworkspace.s3.ap-south-1.amazonaws.com/crdhs/private/2024/11/6/recording.mp3,--HarojsWojLTjUTow1RHA
https://crworkspace.s3.ap-south-1.amazonaws.com/crdhs/private/2024/9/23/recording13822299017742358550.mp3,Yu4AZxDsERLEnh6ACZwJwg
https://crworkspace.s3.ap-south-1.amazonaws.com/crdhs/private/2024/11/6/recording.mp3,--HarojsWojLTjUTow1RHA
https://crworkspace.s3.ap-south-1.amazonaws.com/crdhs/private/2024/11/6/recording.mp3,--HarojsWojLTjUTow1RHA
https://crworkspace.s3.ap-south-1.amazonaws.com/crdhs/private/2024/11/6/recording.mp3,--HarojsWojLTjUTow1RHA
https://crworkspace.s3.ap-south-1.amazonaws.com/crdhs/private/2024/11/26/recording.mp3,-8AhiNg6tiGz8N7jiEqUFA
https://crworkspace.s3.ap-south-1.amazonaws.com/crdhs/private/2024/10/6/recording7729951867954240928.mp3,R8YsPVL2n5-hSGNQapybzA
https://crworkspace.s3.ap-south-1.amazonaws.com/crdhs/private/2024/11/6/recording.mp3,--HarojsWojLTjUTow1RHA
https://crworkspace.s3.ap-south-1.amazonaws.com/crdhs/private/2024/11/21/recording.mp3,--CsMlwV1w_m0om101_Z1w
https://crworkspace.s3.ap-south-1.amazonaws.com/crdhs/private/2024/11/26/recording.mp3,-8AhiNg6tiGz8N7jiEqUFA
https://crworkspace.s3.ap-south-1.amazonaws.com/crdhs/private/2024/10/7/recording4146014983091799546.mp3,xzUteRRHhjOQOKbYZbPl9g
https://crworkspace.s3.ap-south-1.amazonaws.com/crdhs/private/2024/11/6/recording.mp3,--HarojsWojLTjUTow1RHA
https://crworkspace.s3.ap-south-1.amazonaws.com/crdhs/private/2024/9/25/recording17770193995163974730.mp3,ZFI1aA7ZfDLm-C-WGsY3BQ
https://crworkspace.s3.ap-south-1.amazonaws.com/crdhs/private/2024/9/24/recording9784024317051876603.mp3,pu_mWEHe1pVZUvJOTWCSGQ
https://crworkspace.s3.ap-south-1.amazonaws.com/crdhs/private/2024/11/6/recording.mp3,--HarojsWojLTjUTow1RHA
https://crworkspace.s3.ap-south-1.amazonaws.com/crdhs/private/2024/11/26/recording.mp3,-8AhiNg6tiGz8N7jiEqUFA
https://crworkspace.s3.ap-south-1.amazonaws.com/crdhs/private/2024/11/6/recording.mp3,--HarojsWojLTjUTow1RHA
https://crworkspace.s3.ap-south-1.amazonaws.com/crdhs/private/2024/9/23/recording8541825145267751429.mp3,tTxk1vCeaIwNsPKDuSnn7g
https://crworkspace.s3.ap-south-1.amazonaws.com/crdhs/private/2024/9/23/recording11165621824771039096.mp3,brWXLbVokrhBdl6WJzVN-w
https://crworkspace.s3.ap-south-1.amazonaws.com/crdhs/private/2024/10/7/recording12677922391209887896.mp3,6jAUGspXPkcMygg2NVurPQ
https://crworkspace.s3.ap-south-1.amazonaws.com/crdhs/private/2024/11/6/recording.mp3,--HarojsWojLTjUTow1RHA
https://crworkspace.s3.ap-south-1.amazonaws.com/crdhs/private/2024/11/21/recording.mp3,--CsMlwV1w_m0om101_Z1w
https://crworkspace.s3.ap-south-1.amazonaws.com/crdhs/private/2024/9/27/recording3927899841357890245.mp3,eougycE98Mmwpa9JwVuAjA
https://crworkspace.s3.ap-south-1.amazonaws.com/crdhs/private/2024/11/21/recording.mp3,--CsMlwV1w_m0om101_Z1w
https://crworkspace.s3.ap-south-1.amazonaws.com/crdhs/private/2024/11/6/recording.mp3,--HarojsWojLTjUTow1RHA
https://crworkspace.s3.ap-south-1.amazonaws.com/crdhs/private/2024/10/7/recording4834855675841540656.mp3,0s21JlE4LTLqHhGKpIcdcQ
https://crworkspace.s3.ap-south-1.amazonaws.com/crdhs/private/2024/9/27/recording1908530104560620574.mp3,FHBlc3Y8vrScOMN3FRLY0Q
https://crworkspace.s3.ap-south-1.amazonaws.com/crdhs/private/2024/11/6/recording.mp3,--HarojsWojLTjUTow1RHA
https://crworkspace.s3.ap-south-1.amazonaws.com/crdhs/private/2024/10/6/recording5847565999541645479.mp3,kvyTG3njr08Sq5hm25cTIA
https://crworkspace.s3.ap-south-1.amazonaws.com/crdhs/private/2024/11/21/recording.mp3,--CsMlwV1w_m0om101_Z1w
https://crworkspace.s3.ap-south-1.amazonaws.com/crdhs/private/2024/10/6/recording2269347786937190373.mp3,x_Dlj7xG6GBZGRfBABkLYw
https://crworkspace.s3.ap-south-1.amazonaws.com/crdhs/private/2024/9/24/recording11563616766948000856.mp3,6KeIWVb3bHT3FBwAdL4IIQ
https://crworkspace.s3.ap-south-1.amazonaws.com/crdhs/private/2024/11/6/recording.mp3,--HarojsWojLTjUTow1RHA
https://crworkspace.s3.ap-south-1.amazonaws.com/crdhs/private/2024/12/26/recording.mp3,-6BgZm0BN_-bD11uZkFMRA
https://crworkspace.s3.ap-south-1.amazonaws.com/crdhs/private/2024/9/26/recording4354770817531517553.mp3,Yqu2O63SaB2jtnkqq3hjzw
https://crworkspace.s3.ap-south-1.amazonaws.com/crdhs/private/2024/11/6/recording.mp3,--HarojsWojLTjUTow1RHA
https://crworkspace.s3.ap-south-1.amazonaws.com/crdhs/private/2024/11/21/recording.mp3,--CsMlwV1w_m0om101_Z1w
https://crworkspace.s3.ap-south-1.amazonaws.com/crdhs/private/2024/9/27/recording15932547415458157734.mp3,J4zfTlHZR8HCeDmEGjHbng
https://crworkspace.s3.ap-south-1.amazonaws.com/crdhs/private/2024/9/27/recording5371751997097918668.mp3,wX2J8TnzFyuYSIEOZFypfw
https://crworkspace.s3.ap-south-1.amazonaws.com/crdhs/private/2024/9/26/recording9761153032954125604.mp3,JsD6npYiJislh3RGAJBTWQ
https://crworkspace.s3.ap-south-1.amazonaws.com/crdhs/private/2024/9/20/recording8483585452266484221.mp3,YqXKtvT8GL143PJj6RrOdA
https://crworkspace.s3.ap-south-1.amazonaws.com/crdhs/private/2024/9/25/recording13060885542819791438.mp3,E7hjCPMS4HShOKXlJzXyHQ
https://crworkspace.s3.ap-south-1.amazonaws.com/crdhs/private/2024/9/23/recording8563648409972950832.mp3,cfc4VFt2c9jXsylpQdR1pg
https://crworkspace.s3.ap-south-1.amazonaws.com/crdhs/private/2024/10/7/recording12481418997831064431.mp3,fzS6ybW7ogUPVQrOW_jDNg
https://crworkspace.s3.ap-south-1.amazonaws.com/crdhs/private/2024/9/23/recording9672924805466339723.mp3,4FvPVuvN-dfEptNWXUC4pQ
https://crworkspace.s3.ap-south-1.amazonaws.com/crdhs/private/2024/10/6/recording3275895249337049906.mp3,CZ-AXVRvN-nnrJ_yCqIczQ
https://crworkspace.s3.ap-south-1.amazonaws.com/crdhs/private/2024/11/21/recording.mp3,--CsMlwV1w_m0om101_Z1w
https://crworkspace.s3.ap-south-1.amazonaws.com/crdhs/private/2024/11/26/recording.mp3,-8AhiNg6tiGz8N7jiEqUFA
https://crworkspace.s3.ap-south-1.amazonaws.com/crdhs/private/2024/9/25/recording4141427021584508629.mp3,RKo2JjmG4hcSbYjLBWiISw
https://crworkspace.s3.ap-south-1.amazonaws.com/crdhs/private/2024/9/24/recording4570764108749447770.mp3,OCZunsk67hCduDfBbhU_Ww
https://crworkspace.s3.ap-south-1.amazonaws.com/crdhs/private/2024/9/26/recording14011994944646388450.mp3,5I9VbjUGUuAYUEA59u-FyA
https://crworkspace.s3.ap-south-1.amazonaws.com/crdhs/private/2024/9/24/recording11020273552619822380.mp3,URo1OfEUVCEonxeajIyLrw
https://crworkspace.s3.ap-south-1.amazonaws.com/crdhs/private/2024/11/6/recording.mp3,--HarojsWojLTjUTow1RHA
https://crworkspace.s3.ap-south-1.amazonaws.com/crdhs/private/2024/11/6/recording.mp3,--HarojsWojLTjUTow1RHA
https://crworkspace.s3.ap-south-1.amazonaws.com/crdhs/private/2024/11/6/recording.mp3,--HarojsWojLTjUTow1RHA
https://crworkspace.s3.ap-south-1.amazonaws.com/crdhs/private/2024/11/6/recording.mp3,--HarojsWojLTjUTow1RHA
https://crworkspace.s3.ap-south-1.amazonaws.com/crdhs/private/2024/10/7/recording7245602413678893032.mp3,tWpZewm1a_EoVBmpuhNJEQ
https://crworkspace.s3.ap-south-1.amazonaws.com/crdhs/private/2024/10/7/recording17559793862521835664.mp3,CXv1Aj5DA7wJdu51Q2EAxw
https://crworkspace.s3.ap-south-1.amazonaws.com/crdhs/private/2024/11/6/recording.mp3,--HarojsWojLTjUTow1RHA
https://crworkspace.s3.ap-south-1.amazonaws.com/crdhs/private/2024/11/6/recording.mp3,--HarojsWojLTjUTow1RHA
https://crworkspace.s3.ap-south-1.amazonaws.com/crdhs/private/2024/9/20/recording1148343709089058749.mp3,aqMJ8mXEo_Ms_2dswG-uzQ
https://crworkspace.s3.ap-south-1.amazonaws.com/crdhs/private/2024/10/6/recording2615179011058706843.mp3,FoTYBafKCe9OAloQN4LTFA
https://crworkspace.s3.ap-south-1.amazonaws.com/crdhs/private/2024/10/7/recording3081990435997212891.mp3,BD_lCKoBwnaNkO6YZhV0bw
https://crworkspace.s3.ap-south-1.amazonaws.com/crdhs/private/2024/11/6/recording.mp3,--HarojsWojLTjUTow1RHA
https://crworkspace.s3.ap-south-1.amazonaws.com/crdhs/private/2024/10/6/recording15163375029908542957.mp3,qrM3fImfSV0QI1N4r7FzEQ
https://crworkspace.s3.ap-south-1.amazonaws.com/crdhs/private/2024/11/6/recording.mp3,--HarojsWojLTjUTow1RHA
https://crworkspace.s3.ap-south-1.amazonaws.com/crdhs/private/2024/10/7/recording6482699656999275570.mp3,2imeD_SQQuV0z300utzm0g
https://crworkspace.s3.ap-south-1.amazonaws.com/crdhs/private/2024/11/26/recording.mp3,-8AhiNg6tiGz8N7jiEqUFA
https://crworkspace.s3.ap-south-1.amazonaws.com/crdhs/private/2024/10/7/recording5177012230969957899.mp3,JIa7ealnoAKmUdqNk5aVwQ
https://crworkspace.s3.ap-south-1.amazonaws.com/crdhs/private/2024/11/26/recording.mp3,-8AhiNg6tiGz8N7jiEqUFA
https://crworkspace.s3.ap-south-1.amazonaws.com/crdhs/private/2024/9/26/recording4110434394269253495.mp3,faTY9QsAvHu93DkBm3NI1w
https://crworkspace.s3.ap-south-1.amazonaws.com/crdhs/private/2024/11/6/recording.mp3,--HarojsWojLTjUTow1RHA
https://crworkspace.s3.ap-south-1.amazonaws.com/crdhs/private/2024/9/24/recording3887689360216857556.mp3,loRCA7924n5KHIM9_iVCuA
https://crworkspace.s3.ap-south-1.amazonaws.com/crdhs/private/2024/11/21/recording.mp3,--CsMlwV1w_m0om101_Z1w
https://crworkspace.s3.ap-south-1.amazonaws.com/crdhs/private/2024/11/26/recording.mp3,-8AhiNg6tiGz8N7jiEqUFA
https://crworkspace.s3.ap-south-1.amazonaws.com/crdhs/private/2024/11/26/recording.mp3,-8AhiNg6tiGz8N7jiEqUFA
https://crworkspace.s3.ap-south-1.amazonaws.com/crdhs/private/2024/11/26/recording.mp3,-8AhiNg6tiGz8N7jiEqUFA
https://crworkspace.s3.ap-south-1.amazonaws.com/crdhs/private/2024/9/24/recording18269231792040058549.mp3,-PGGqREuhtStLyv8G45rGw
https://crworkspace.s3.ap-south-1.amazonaws.com/crdhs/private/2024/11/6/recording.mp3,--HarojsWojLTjUTow1RHA
https://crworkspace.s3.ap-south-1.amazonaws.com/crdhs/private/2024/11/21/recording.mp3,--CsMlwV1w_m0om101_Z1w
https://crworkspace.s3.ap-south-1.amazonaws.com/crdhs/private/2024/9/24/recording8201810997378657216.mp3,Y8eQ2ePqTlgmOccEuRjLNA
https://crworkspace.s3.ap-south-1.amazonaws.com/crdhs/private/2024/11/6/recording.mp3,--HarojsWojLTjUTow1RHA
https://crworkspace.s3.ap-south-1.amazonaws.com/crdhs/private/2024/11/21/recording.mp3,--CsMlwV1w_m0om101_Z1w
https://crworkspace.s3.ap-south-1.amazonaws.com/crdhs/private/2024/12/26/recording.mp3,-6BgZm0BN_-bD11uZkFMRA
https://crworkspace.s3.ap-south-1.amazonaws.com/crdhs/private/2024/11/21/recording.mp3,--CsMlwV1w_m0om101_Z1w
https://crworkspace.s3.ap-south-1.amazonaws.com/crdhs/private/2024/11/6/recording.mp3,--HarojsWojLTjUTow1RHA
https://crworkspace.s3.ap-south-1.amazonaws.com/crdhs/private/2024/11/6/recording.mp3,--HarojsWojLTjUTow1RHA
https://crworkspace.s3.ap-south-1.amazonaws.com/crdhs/private/2024/9/26/recording7404523129060132721.mp3,uX3OnZIjmUKgsqO7wwUT4g
https://crworkspace.s3.ap-south-1.amazonaws.com/crdhs/private/2024/9/23/recording140754747971371622.mp3,Mande817C6jU787aqoh4HA
https://crworkspace.s3.ap-south-1.amazonaws.com/crdhs/private/2024/11/26/recording.mp3,-8AhiNg6tiGz8N7jiEqUFA
https://crworkspace.s3.ap-south-1.amazonaws.com/crdhs/private/2024/9/27/recording10698729477265606598.mp3,xUtKfyIFOZRA_1IDD_Qn3w
https://crworkspace.s3.ap-south-1.amazonaws.com/crdhs/private/2024/9/24/recording5417287134426336316.mp3,UVFY0I-fujCIczym09Vvrw
https://crworkspace.s3.ap-south-1.amazonaws.com/crdhs/private/2024/11/21/recording.mp3,--CsMlwV1w_m0om101_Z1w
https://crworkspace.s3.ap-south-1.amazonaws.com/crdhs/private/2024/11/21/recording.mp3,--CsMlwV1w_m0om101_Z1w
https://crworkspace.s3.ap-south-1.amazonaws.com/crdhs/private/2024/11/21/recording.mp3,--CsMlwV1w_m0om101_Z1w
https://crworkspace.s3.ap-south-1.amazonaws.com/crdhs/private/2024/11/21/recording.mp3,--CsMlwV1w_m0om101_Z1w
https://crworkspace.s3.ap-south-1.amazonaws.com/crdhs/private/2024/9/24/recording4452033613000106745.mp3,KP3waSx7ontYNVRpbnGzmA
https://crworkspace.s3.ap-south-1.amazonaws.com/crdhs/private/2024/11/6/recording.mp3,--HarojsWojLTjUTow1RHA
https://crworkspace.s3.ap-south-1.amazonaws.com/crdhs/private/2024/11/6/recording.mp3,--HarojsWojLTjUTow1RHA
https://crworkspace.s3.ap-south-1.amazonaws.com/crdhs/private/2024/11/6/recording.mp3,--HarojsWojLTjUTow1RHA
https://crworkspace.s3.ap-south-1.amazonaws.com/crdhs/private/2024/11/21/recording.mp3,--CsMlwV1w_m0om101_Z1w
https://crworkspace.s3.ap-south-1.amazonaws.com/crdhs/private/2024/11/21/recording.mp3,--CsMlwV1w_m0om101_Z1w
https://crworkspace.s3.ap-south-1.amazonaws.com/crdhs/private/2024/11/21/recording.mp3,--CsMlwV1w_m0om101_Z1w
https://crworkspace.s3.ap-south-1.amazonaws.com/crdhs/private/2024/11/21/recording.mp3,--CsMlwV1w_m0om101_Z1w
https://crworkspace.s3.ap-south-1.amazonaws.com/crdhs/private/2024/9/24/recording571096442251851206.mp3,IWtYc_E6PZM36bmzVsUNAQ
https://crworkspace.s3.ap-south-1.amazonaws.com/crdhs/private/2024/11/6/recording.mp3,--HarojsWojLTjUTow1RHA
https://crworkspace.s3.ap-south-1.amazonaws.com/crdhs/private/2024/11/26/recording.mp3,-8AhiNg6tiGz8N7jiEqUFA
https://crworkspace.s3.ap-south-1.amazonaws.com/crdhs/private/2024/11/21/recording.mp3,--CsMlwV1w_m0om101_Z1w
https://crworkspace.s3.ap-south-1.amazonaws.com/crdhs/private/2024/11/21/recording.mp3,--CsMlwV1w_m0om101_Z1w
https://crworkspace.s3.ap-south-1.amazonaws.com/crdhs/private/2024/9/24/recording12755108790965746611.mp3,fDVh53Yvlhzz3_FpJ9oc1g
https://crworkspace.s3.ap-south-1.amazonaws.com/crdhs/private/2024/9/23/recording4852523934349531341.mp3,r0vyCSGrQ009iEm7KgOsIQ
https://crworkspace.s3.ap-south-1.amazonaws.com/crdhs/private/2024/9/23/recording16588231783785393463.mp3,oW_XF2EtraKk3Wzig677Iw
https://crworkspace.s3.ap-south-1.amazonaws.com/crdhs/private/2024/9/21/recording2778067563135902801.mp3,T6wSp3IT1LEdhu_hLZS69g
https://crworkspace.s3.ap-south-1.amazonaws.com/crdhs/private/2024/9/20/recording14397389105988378879.mp3,o9lQacj60XDuImG7Gadfvg
https://crworkspace.s3.ap-south-1.amazonaws.com/crdhs/private/2024/9/21/recording18085399164483559222.mp3,wYBr1r8ZzZ5u14qjADEBvA
https://crworkspace.s3.ap-south-1.amazonaws.com/crdhs/private/2024/9/20/recording7982950998505851869.mp3,uLDkFvoGkQUk0Ab7S6wUbA
https://crworkspace.s3.ap-south-1.amazonaws.com/crdhs/private/2024/9/20/recording5390117426607684513.mp3,dzSxKgx-HBmT6spUUYxFeg
https://crworkspace.s3.ap-south-1.amazonaws.com/crdhs/private/2024/9/26/recording7590677433584227211.mp3,IzzymAWPiY8L0EXIV-1ozw
https://crworkspace.s3.ap-south-1.amazonaws.com/crdhs/private/2024/9/20/recording16870397612178673380.mp3,CN7yodGL0KA-UpjNEEKYqQ
https://crworkspace.s3.ap-south-1.amazonaws.com/crdhs/private/2024/9/21/recording9850947522849000657.mp3,1P0iCdRNshPs4lMSsDjr-g
https://crworkspace.s3.ap-south-1.amazonaws.com/crdhs/private/2024/9/21/recording12863852451961151046.mp3,PAKJV6ObsMrvUKsV6PJWEg
https://crworkspace.s3.ap-south-1.amazonaws.com/crdhs/private/2024/9/23/recording2025783313513063013.mp3,ooBxe2yMw8U-MoSN3ePOuQ
https://crworkspace.s3.ap-south-1.amazonaws.com/crdhs/private/2024/9/20/recording15306630074581409599.mp3,RDeCAWcQJEntIdhAFYsCig
https://crworkspace.s3.ap-south-1.amazonaws.com/crdhs/private/2024/9/20/recording3818660259707662289.mp3,YZhp2AT439yfHfKtu_-Ckw
https://crworkspace.s3.ap-south-1.amazonaws.com/crdhs/private/2024/9/20/recording4038778956553450545.mp3,AEKDdBMlewfXwK4YNXHndA
https://crworkspace.s3.ap-south-1.amazonaws.com/crdhs/private/2024/9/20/recording4970862610356509096.mp3,5CwO3F4t1vZJCJ0lZRWG_Q
https://crworkspace.s3.ap-south-1.amazonaws.com/crdhs/private/2024/9/25/recording2229048985426354993.mp3,3cUTjqNJGCFZlM9yZFWa4g
https://crworkspace.s3.ap-south-1.amazonaws.com/crdhs/private/2024/9/20/recording4216400533848371020.mp3,MyOx0_oYnzKPn8ghg-T9rQ
https://crworkspace.s3.ap-south-1.amazonaws.com/crdhs/private/2024/9/21/recording5691775477205714999.mp3,1Pej2MRRchhCnswpzzwK7w
https://crworkspace.s3.ap-south-1.amazonaws.com/crdhs/private/2024/9/23/recording1463465619644180278.mp3,f6Z3IqzxJQP4GQS1EUNoLg
https://crworkspace.s3.ap-south-1.amazonaws.com/crdhs/private/2024/9/20/recording18354893046416339632.mp3,xx9UHPYjQRx4GXY4UKcZbg
https://crworkspace.s3.ap-south-1.amazonaws.com/crdhs/private/2024/9/20/recording13227679172857951163.mp3,rm4cRsMU6ExdjFlp71VRUw
https://crworkspace.s3.ap-south-1.amazonaws.com/crdhs/private/2024/9/21/recording10831819889234690838.mp3,w4SydCcn8pzFiOjPFsqr7A
https://crworkspace.s3.ap-south-1.amazonaws.com/crdhs/private/2024/9/20/recording15744007807350912891.mp3,y75TTdYeZDm_Nn8gl68SFg
https://crworkspace.s3.ap-south-1.amazonaws.com/crdhs/private/2024/9/20/recording9840589364964236936.mp3,biP9oI1_GmFzPym4ldwsog
https://crworkspace.s3.ap-south-1.amazonaws.com/crdhs/private/2024/9/21/recording4232398893343617959.mp3,RWw_dSMYuStDkAwE1UZFGQ
https://crworkspace.s3.ap-south-1.amazonaws.com/crdhs/private/2024/9/20/recording9106423483453332080.mp3,nhd8NiJ9IL1eyz24HOzj4g
https://crworkspace.s3.ap-south-1.amazonaws.com/crdhs/private/2024/10/3/recording1477519336154786643.mp3,4acu_ruhCj_cba11R_fEjQ
https://crworkspace.s3.ap-south-1.amazonaws.com/crdhs/private/2024/9/24/recording1149101437777898506.mp3,JsdXzxehNLhmv7COJBikBg
https://crworkspace.s3.ap-south-1.amazonaws.com/crdhs/private/2024/10/3/recording14843649774681870587.mp3,CXTyUFA1_N7Q6bqIMjOSnA
https://crworkspace.s3.ap-south-1.amazonaws.com/crdhs/private/2024/9/20/recording14808150074078115387.mp3,RJlOdyoQHRokHC8tXkH-Zg
https://crworkspace.s3.ap-south-1.amazonaws.com/crdhs/private/2024/9/20/recording7585728389682331803.mp3,5CI5cup-U7mVWsFknaIBNg
https://crworkspace.s3.ap-south-1.amazonaws.com/crdhs/private/2024/9/20/recording2452484365056868169.mp3,8T0fEhA8H7-Z3NVDU3QgdQ
https://crworkspace.s3.ap-south-1.amazonaws.com/crdhs/private/2024/9/26/recording17268329858958332447.mp3,ZUq83eRczXyTgAxtAetKZA
https://crworkspace.s3.ap-south-1.amazonaws.com/crdhs/private/2024/9/21/recording1937582881627715893.mp3,2ehKqIjO4F3G9Nyekiy4Xg
https://crworkspace.s3.ap-south-1.amazonaws.com/crdhs/private/2024/9/21/recording7802149290978031148.mp3,ndJB2qVBpnq8uCFeGmpbbQ
https://crworkspace.s3.ap-south-1.amazonaws.com/crdhs/private/2024/9/23/recording601300238489486492.mp3,Q9akj5-KrQvmLr--ddbfpA
https://crworkspace.s3.ap-south-1.amazonaws.com/crdhs/private/2024/9/20/recording766074556061088661.mp3,OyC-Q5foH2GhA65o4BrtNA
https://crworkspace.s3.ap-south-1.amazonaws.com/crdhs/private/2024/9/20/recording12767993589783596163.mp3,PzYrZ1-96jqVEaoxUbrzlw
https://crworkspace.s3.ap-south-1.amazonaws.com/crdhs/private/2024/9/20/recording5084694108105932244.mp3,WkwjCBTET_5d1ZHO6PpxVg
https://crworkspace.s3.ap-south-1.amazonaws.com/crdhs/private/2024/9/21/recording6987664050724314224.mp3,0fuOg7szCCZYKi-mYSiISg
https://crworkspace.s3.ap-south-1.amazonaws.com/crdhs/private/2024/9/21/recording2699669251570404121.mp3,zYo3NGlW3giks7con8cTag
https://crworkspace.s3.ap-south-1.amazonaws.com/crdhs/private/2024/9/21/recording15390044988726416291.mp3,s0_0WZiB6PfxMBbiHsuEBw
https://crworkspace.s3.ap-south-1.amazonaws.com/crdhs/private/2024/9/20/recording10967797310660438016.mp3,7HkquZerObzBOPD6TIaBDQ
https://crworkspace.s3.ap-south-1.amazonaws.com/crdhs/private/2024/9/20/recording8301487056334000228.mp3,tdkKrpjxl5F2SSEcfOkiKQ
https://crworkspace.s3.ap-south-1.amazonaws.com/crdhs/private/2024/9/23/recording16650865814701528771.mp3,fSUP1MVkgSMkKMeASvVH6A
https://crworkspace.s3.ap-south-1.amazonaws.com/crdhs/private/2024/9/20/recording1735406814820226776.mp3,_n7IvN7LP57Zj-Ow3z3N8w
https://crworkspace.s3.ap-south-1.amazonaws.com/crdhs/private/2024/9/26/recording17010442043318891849.mp3,3QPPpeKNYXHUmJgXbmM1hA
https://crworkspace.s3.ap-south-1.amazonaws.com/crdhs/private/2024/9/20/recording14589357438938969206.mp3,3OuIkBc6jYfSZqh9jSWx-g
https://crworkspace.s3.ap-south-1.amazonaws.com/crdhs/private/2024/9/20/recording8296572953544339619.mp3,iMoOCAbuLjHEllHJgUPrWw
https://crworkspace.s3.ap-south-1.amazonaws.com/crdhs/private/2024/9/20/recording10300213622149167418.mp3,u57kmoeu5GkihjJaeBqSIw
https://crworkspace.s3.ap-south-1.amazonaws.com/crdhs/private/2024/9/21/recording2870232101014897321.mp3,DKQXwn832WkE9wso57i0fA
https://crworkspace.s3.ap-south-1.amazonaws.com/crdhs/private/2024/9/21/recording14209792936908881806.mp3,9iHjhEFHWu6k2gXvcLnVEA
https://crworkspace.s3.ap-south-1.amazonaws.com/crdhs/private/2024/9/26/recording9358849543518663521.mp3,-NOfdvTBhBXE7iCAuYoGFA
https://crworkspace.s3.ap-south-1.amazonaws.com/crdhs/private/2024/9/21/recording8428355493756669818.mp3,Vo2SNVAKjGsNNAzb8Gu9uw
https://crworkspace.s3.ap-south-1.amazonaws.com/crdhs/private/2024/9/21/recording9452288135393381076.mp3,MZbcCyISx3j-v1Ky2IV8ig
https://crworkspace.s3.ap-south-1.amazonaws.com/crdhs/private/2024/9/21/recording15924028736228583455.mp3,04jqISSduHN1usoPALzhIA
https://crworkspace.s3.ap-south-1.amazonaws.com/crdhs/private/2024/9/21/recording13935398405390089796.mp3,LsZIFsFP6wcQJj21CTcg9A
https://crworkspace.s3.ap-south-1.amazonaws.com/crdhs/private/2024/9/21/recording1480895661811625149.mp3,QKP3VY2D6T2T-RSHxhVlpQ
https://crworkspace.s3.ap-south-1.amazonaws.com/crdhs/private/2024/9/21/recording14564381561438204933.mp3,ABpO6QhjScRmffgXqEHmZw
https://crworkspace.s3.ap-south-1.amazonaws.com/crdhs/private/2024/9/21/recording15974236761939267429.mp3,6vFobcmnTTmzjC2i0-EHjQ
https://crworkspace.s3.ap-south-1.amazonaws.com/crdhs/private/2024/9/23/recording5579252442344944545.mp3,GcHyZ_U7Y4Im5wBY_S021w
https://crworkspace.s3.ap-south-1.amazonaws.com/crdhs/private/2024/9/21/recording3626976082907476080.mp3,_dLrzcApYfC_4axldjeLFQ
https://crworkspace.s3.ap-south-1.amazonaws.com/crdhs/private/2024/9/26/recording15749639610942048911.mp3,G0b98YQJFNnHoZrvTwzhCg
https://crworkspace.s3.ap-south-1.amazonaws.com/crdhs/private/2024/9/20/recording428741985987702937.mp3,AQQD-r4UwmPnO5semYk1mQ
https://crworkspace.s3.ap-south-1.amazonaws.com/crdhs/private/2024/10/2/recording13582103618554570994.mp3,kIGasi6Ln3d7Cllv8aDLtg
https://crworkspace.s3.ap-south-1.amazonaws.com/crdhs/private/2024/9/23/recording15243532876044491004.mp3,2xMGIT8Q0-Nbbcbie0vjMw
https://crworkspace.s3.ap-south-1.amazonaws.com/crdhs/private/2024/9/24/recording15924711884288780638.mp3,8pjvGJ7rGZkg8sp9UdwUKA
https://crworkspace.s3.ap-south-1.amazonaws.com/crdhs/private/2024/10/5/recording4635504452072484560.mp3,0iQwqtwbnBVhEwtXVTUQIQ
https://crworkspace.s3.ap-south-1.amazonaws.com/crdhs/private/2024/9/21/recording3506150869054101784.mp3,VOwZlOOfv6WbaCKsxm8P-w
https://crworkspace.s3.ap-south-1.amazonaws.com/crdhs/private/2024/9/21/recording4074949400421815415.mp3,H9bY5Tu3nzsHt26GoYHNcg
https://crworkspace.s3.ap-south-1.amazonaws.com/crdhs/private/2024/9/21/recording9757356510960383972.mp3,pG9X8_X6ZN0AG8eEzto_5Q
https://crworkspace.s3.ap-south-1.amazonaws.com/crdhs/private/2024/9/21/recording1904630994942309544.mp3,CVLt5vFMFKDzp5wonUChWQ
https://crworkspace.s3.ap-south-1.amazonaws.com/crdhs/private/2024/9/23/recording8443249001397708569.mp3,Y8hW8HBX_WzUZeOKLUDjmA
https://crworkspace.s3.ap-south-1.amazonaws.com/crdhs/private/2024/11/6/recording.mp3,--HarojsWojLTjUTow1RHA
https://crworkspace.s3.ap-south-1.amazonaws.com/crdhs/private/2024/11/26/recording.mp3,-8AhiNg6tiGz8N7jiEqUFA
https://crworkspace.s3.ap-south-1.amazonaws.com/crdhs/private/2024/10/7/recording6106648615987547931.mp3,qdGvz0sEQHbi9YGp4kCNVQ
https://crworkspace.s3.ap-south-1.amazonaws.com/crdhs/private/2024/11/21/recording.mp3,--CsMlwV1w_m0om101_Z1w
https://crworkspace.s3.ap-south-1.amazonaws.com/crdhs/private/2024/9/20/recording15971588990978891820.mp3,UfPEGhuZgPc1Zprcju0J4g
https://crworkspace.s3.ap-south-1.amazonaws.com/crdhs/private/2024/11/6/recording.mp3,--HarojsWojLTjUTow1RHA
https://crworkspace.s3.ap-south-1.amazonaws.com/crdhs/private/2024/11/26/recording.mp3,-8AhiNg6tiGz8N7jiEqUFA
https://crworkspace.s3.ap-south-1.amazonaws.com/crdhs/private/2024/10/6/recording7226226339724624798.mp3,7MJnk4Aiarj_nmyXwVL7PA
https://crworkspace.s3.ap-south-1.amazonaws.com/crdhs/private/2024/9/24/recording14121283715460508778.mp3,KQNrjk6sPESslA8Z7varEg
https://crworkspace.s3.ap-south-1.amazonaws.com/crdhs/private/2024/9/23/recording17671084370931552069.mp3,-Vu4huigwvhNfKLFDa00AA
https://crworkspace.s3.ap-south-1.amazonaws.com/crdhs/private/2024/9/21/recording15405799455491573227.mp3,gyRhbQ7k8t2M2_PHz6BEqg
https://crworkspace.s3.ap-south-1.amazonaws.com/crdhs/private/2024/9/24/recording4662446810261340334.mp3,OMjVBrYk50iTVITTqIfVMw
https://crworkspace.s3.ap-south-1.amazonaws.com/crdhs/private/2024/10/7/recording14122661307992756841.mp3,4V51p2Pk63sEjl8s3qj9ww
https://crworkspace.s3.ap-south-1.amazonaws.com/crdhs/private/2024/11/21/recording.mp3,--CsMlwV1w_m0om101_Z1w
https://crworkspace.s3.ap-south-1.amazonaws.com/crdhs/private/2024/11/21/recording.mp3,--CsMlwV1w_m0om101_Z1w
https://crworkspace.s3.ap-south-1.amazonaws.com/crdhs/private/2024/9/23/recording13616897496456659816.mp3,uyZYJe6ALVvKJ4q3IHKhKw
https://crworkspace.s3.ap-south-1.amazonaws.com/crdhs/private/2024/11/21/recording.mp3,--CsMlwV1w_m0om101_Z1w
https://crworkspace.s3.ap-south-1.amazonaws.com/crdhs/private/2024/9/23/recording9077386549055958320.mp3,FXSun7OELxcqN-bIEoM2tQ
https://crworkspace.s3.ap-south-1.amazonaws.com/crdhs/private/2024/11/6/recording.mp3,--HarojsWojLTjUTow1RHA
https://crworkspace.s3.ap-south-1.amazonaws.com/crdhs/private/2024/11/21/recording.mp3,--CsMlwV1w_m0om101_Z1w
https://crworkspace.s3.ap-south-1.amazonaws.com/crdhs/private/2024/10/7/recording16298915950333999155.mp3,hWxL_1O5wmrzHdBuk0lb5A
https://crworkspace.s3.ap-south-1.amazonaws.com/crdhs/private/2024/9/23/recording9119768962274333591.mp3,XHr8e1-HqoaKVK_7vp8FBA
https://crworkspace.s3.ap-south-1.amazonaws.com/crdhs/private/2024/9/23/recording534297235519377776.mp3,hYl6qwSIOsNrlHX8vYYaDw
https://crworkspace.s3.ap-south-1.amazonaws.com/crdhs/private/2024/9/20/recording10378181837583941747.mp3,Ya4DZ6mnAZXUvS-IOGSddw
https://crworkspace.s3.ap-south-1.amazonaws.com/crdhs/private/2024/9/24/recording12843429900177698224.mp3,qXUf1gTw7GUYVF6OltAVHw
https://crworkspace.s3.ap-south-1.amazonaws.com/crdhs/private/2024/9/20/recording5992919513119446814.mp3,7jjLzdtCe7GVtzUMEUpJfw
https://crworkspace.s3.ap-south-1.amazonaws.com/crdhs/private/2024/9/21/recording317929136889466463.mp3,3nYzaD1hUUtIgweA0NbzJg
https://crworkspace.s3.ap-south-1.amazonaws.com/crdhs/private/2024/9/23/recording11752269731485043565.mp3,IPcSSSj2leEp1P0anhEfxA
https://crworkspace.s3.ap-south-1.amazonaws.com/crdhs/private/2024/11/6/recording.mp3,--HarojsWojLTjUTow1RHA
https://crworkspace.s3.ap-south-1.amazonaws.com/crdhs/private/2024/11/21/recording.mp3,--CsMlwV1w_m0om101_Z1w
https://crworkspace.s3.ap-south-1.amazonaws.com/crdhs/private/2024/9/24/recording12497127077154750993.mp3,r5WShWvib0KFMH3ym8pLUA
https://crworkspace.s3.ap-south-1.amazonaws.com/crdhs/private/2024/9/24/recording10267767641740448254.mp3,4Vb6OLUKXnZ_IR2ah40SAg
https://crworkspace.s3.ap-south-1.amazonaws.com/crdhs/private/2024/9/21/recording1276512338619931033.mp3,qObQhFgPp1JfZD_YISsvgQ
https://crworkspace.s3.ap-south-1.amazonaws.com/crdhs/private/2024/11/6/recording.mp3,--HarojsWojLTjUTow1RHA
https://crworkspace.s3.ap-south-1.amazonaws.com/crdhs/private/2024/9/24/recording16933022180613261191.mp3,jGl468ie4pr-opEQzlJfiw
https://crworkspace.s3.ap-south-1.amazonaws.com/crdhs/private/2024/11/21/recording.mp3,--CsMlwV1w_m0om101_Z1w
https://crworkspace.s3.ap-south-1.amazonaws.com/crdhs/private/2024/9/24/recording8120643350163957256.mp3,KxVmHbVwciIR4JWvEBJ0zQ
https://crworkspace.s3.ap-south-1.amazonaws.com/crdhs/private/2024/11/6/recording.mp3,--HarojsWojLTjUTow1RHA
https://crworkspace.s3.ap-south-1.amazonaws.com/crdhs/private/2024/9/23/recording12131809037773896516.mp3,j12DBofwtnFNSUlhlloHaQ
https://crworkspace.s3.ap-south-1.amazonaws.com/crdhs/private/2024/10/6/recording1535068928819688854.mp3,P9CyJrvml5KZG7xur9md2A
https://crworkspace.s3.ap-south-1.amazonaws.com/crdhs/private/2024/11/21/recording.mp3,--CsMlwV1w_m0om101_Z1w
https://crworkspace.s3.ap-south-1.amazonaws.com/crdhs/private/2024/11/21/recording.mp3,--CsMlwV1w_m0om101_Z1w
https://crworkspace.s3.ap-south-1.amazonaws.com/crdhs/private/2024/11/6/recording.mp3,--HarojsWojLTjUTow1RHA
https://crworkspace.s3.ap-south-1.amazonaws.com/crdhs/private/2024/11/21/recording.mp3,--CsMlwV1w_m0om101_Z1w
https://crworkspace.s3.ap-south-1.amazonaws.com/crdhs/private/2024/11/6/recording.mp3,--HarojsWojLTjUTow1RHA
https://crworkspace.s3.ap-south-1.amazonaws.com/crdhs/private/2024/9/24/recording14223387829593774424.mp3,ALc6zVgutqCeo-YdpibWvQ
https://crworkspace.s3.ap-south-1.amazonaws.com/crdhs/private/2024/9/20/recording8057840774461990688.mp3,TZYE9tJIji7Qbf0R_6_QUw
https://crworkspace.s3.ap-south-1.amazonaws.com/crdhs/private/2024/9/21/recording9016927490348898352.mp3,cF4XEKfR2_2Jel2uU2da4A
https://crworkspace.s3.ap-south-1.amazonaws.com/crdhs/private/2024/9/23/recording12882326345954080132.mp3,TwtALaRPS2lHP-7XGeNBwQ
https://crworkspace.s3.ap-south-1.amazonaws.com/crdhs/private/2024/9/23/recording2262123225002747305.mp3,mAbLMPrEu7PasdUrgMW1ng
https://crworkspace.s3.ap-south-1.amazonaws.com/crdhs/private/2024/9/23/recording15843896205219311506.mp3,05HFP15oZtRhw0VmwWFsNg
https://crworkspace.s3.ap-south-1.amazonaws.com/crdhs/private/2024/9/20/recording2110878998911428737.mp3,MvoEEX3HEXd8muNc7-BU8Q
https://crworkspace.s3.ap-south-1.amazonaws.com/crdhs/private/2024/11/21/recording.mp3,--CsMlwV1w_m0om101_Z1w
https://crworkspace.s3.ap-south-1.amazonaws.com/crdhs/private/2024/9/24/recording7480964151931027159.mp3,sjIhMCicEvvVbaiSp5Xdkg
https://crworkspace.s3.ap-south-1.amazonaws.com/crdhs/private/2024/9/23/recording8434967061970167840.mp3,rBcg13kyVQiGIVWfdMejXg
https://crworkspace.s3.ap-south-1.amazonaws.com/crdhs/private/2024/11/26/recording.mp3,-8AhiNg6tiGz8N7jiEqUFA
https://crworkspace.s3.ap-south-1.amazonaws.com/crdhs/private/2024/9/24/recording14247931455201984577.mp3,BHKlvBudBWgbYTWKinfEkQ
https://crworkspace.s3.ap-south-1.amazonaws.com/crdhs/private/2024/11/21/recording.mp3,--CsMlwV1w_m0om101_Z1w
https://crworkspace.s3.ap-south-1.amazonaws.com/crdhs/private/2024/11/21/recording.mp3,--CsMlwV1w_m0om101_Z1w
https://crworkspace.s3.ap-south-1.amazonaws.com/crdhs/private/2024/11/6/recording.mp3,--HarojsWojLTjUTow1RHA
https://crworkspace.s3.ap-south-1.amazonaws.com/crdhs/private/2024/9/20/recording12729541875679804591.mp3,35PaVtO1pc9D2S-RV8_JQA
https://crworkspace.s3.ap-south-1.amazonaws.com/crdhs/private/2024/11/6/recording.mp3,--HarojsWojLTjUTow1RHA
https://crworkspace.s3.ap-south-1.amazonaws.com/crdhs/private/2024/9/24/recording10614267019757649170.mp3,ACmqXBh4EN76OxAoLOoCTQ
https://crworkspace.s3.ap-south-1.amazonaws.com/crdhs/private/2024/11/21/recording.mp3,--CsMlwV1w_m0om101_Z1w
https://crworkspace.s3.ap-south-1.amazonaws.com/crdhs/private/2024/9/27/recording5155221145400032494.mp3,634MF3XzLl_zWdq4kBMuLQ
https://crworkspace.s3.ap-south-1.amazonaws.com/crdhs/private/2024/11/21/recording.mp3,--CsMlwV1w_m0om101_Z1w
https://crworkspace.s3.ap-south-1.amazonaws.com/crdhs/private/2024/9/20/recording14802131600400314994.mp3,9ZisVsQV5oqnACeD9oMwVQ
https://crworkspace.s3.ap-south-1.amazonaws.com/crdhs/private/2024/11/21/recording.mp3,--CsMlwV1w_m0om101_Z1w
https://crworkspace.s3.ap-south-1.amazonaws.com/crdhs/private/2024/11/21/recording.mp3,--CsMlwV1w_m0om101_Z1w
https://crworkspace.s3.ap-south-1.amazonaws.com/crdhs/private/2024/9/21/recording7907692975666901074.mp3,1AO03JCH9DlNIHMYrmIrVQ
https://crworkspace.s3.ap-south-1.amazonaws.com/crdhs/private/2024/11/6/recording.mp3,--HarojsWojLTjUTow1RHA
https://crworkspace.s3.ap-south-1.amazonaws.com/crdhs/private/2024/11/6/recording.mp3,--HarojsWojLTjUTow1RHA
https://crworkspace.s3.ap-south-1.amazonaws.com/crdhs/private/2024/9/23/recording9072754279307734534.mp3,aaUQ0sXszyuGzZAi9EEYpg
https://crworkspace.s3.ap-south-1.amazonaws.com/crdhs/private/2024/9/26/recording12948208152148618913.mp3,CTffz_0Us-oOI2FqgZlKPA
https://crworkspace.s3.ap-south-1.amazonaws.com/crdhs/private/2024/9/24/recording8812510366593056202.mp3,8aCdDxWH0-fVbe4N_1vW0Q
https://crworkspace.s3.ap-south-1.amazonaws.com/crdhs/private/2024/11/6/recording.mp3,--HarojsWojLTjUTow1RHA
https://crworkspace.s3.ap-south-1.amazonaws.com/crdhs/private/2024/9/21/recording16449254450339624903.mp3,EyrPqdjQBxfbWTyF637xqg
https://crworkspace.s3.ap-south-1.amazonaws.com/crdhs/private/2024/9/20/recording11884805712350795467.mp3,OBGrv4AI8CwHQb9ep2hDqw
https://crworkspace.s3.ap-south-1.amazonaws.com/crdhs/private/2024/9/24/recording1435797762118704852.mp3,yGzAdQ2Zc31KeaxpJiqlxQ
https://crworkspace.s3.ap-south-1.amazonaws.com/crdhs/private/2024/9/26/recording14751229215820578303.mp3,VdS-Uq4gVZwejpu3faH8AA
https://crworkspace.s3.ap-south-1.amazonaws.com/crdhs/private/2024/11/21/recording.mp3,--CsMlwV1w_m0om101_Z1w
https://crworkspace.s3.ap-south-1.amazonaws.com/crdhs/private/2024/9/23/recording10600572778183905464.mp3,L7GZ4HaUQ0smxDY442ILVw
https://crworkspace.s3.ap-south-1.amazonaws.com/crdhs/private/2024/11/26/recording.mp3,-8AhiNg6tiGz8N7jiEqUFA
https://crworkspace.s3.ap-south-1.amazonaws.com/crdhs/private/2024/9/24/recording18233598599371275102.mp3,Xti2KplNKCE05prjp2MmxA
https://crworkspace.s3.ap-south-1.amazonaws.com/crdhs/private/2024/11/6/recording.mp3,--HarojsWojLTjUTow1RHA
https://crworkspace.s3.ap-south-1.amazonaws.com/crdhs/private/2024/11/6/recording.mp3,--HarojsWojLTjUTow1RHA
https://crworkspace.s3.ap-south-1.amazonaws.com/crdhs/private/2024/9/23/recording10448750269847523431.mp3,3yVusPBsZ03OK7iIMVHVZw
https://crworkspace.s3.ap-south-1.amazonaws.com/crdhs/private/2024/9/23/recording12930773543864334593.mp3,jwLhoQ40FSuUO91JpMCQOQ
https://crworkspace.s3.ap-south-1.amazonaws.com/crdhs/private/2024/11/21/recording.mp3,--CsMlwV1w_m0om101_Z1w
https://crworkspace.s3.ap-south-1.amazonaws.com/crdhs/private/2024/9/26/recording17042444302702479138.mp3,x3uQEOjjguzUqCNPkh0q8A
https://crworkspace.s3.ap-south-1.amazonaws.com/crdhs/private/2024/9/23/recording5132182267397272238.mp3,gdSGm_1bUYtUXeM-89EfMQ
https://crworkspace.s3.ap-south-1.amazonaws.com/crdhs/private/2024/11/21/recording.mp3,--CsMlwV1w_m0om101_Z1w
https://crworkspace.s3.ap-south-1.amazonaws.com/crdhs/private/2024/11/21/recording.mp3,--CsMlwV1w_m0om101_Z1w
https://crworkspace.s3.ap-south-1.amazonaws.com/crdhs/private/2024/11/21/recording.mp3,--CsMlwV1w_m0om101_Z1w
https://crworkspace.s3.ap-south-1.amazonaws.com/crdhs/private/2024/11/26/recording.mp3,-8AhiNg6tiGz8N7jiEqUFA
https://crworkspace.s3.ap-south-1.amazonaws.com/crdhs/private/2024/11/6/recording.mp3,--HarojsWojLTjUTow1RHA
https://crworkspace.s3.ap-south-1.amazonaws.com/crdhs/private/2024/11/21/recording.mp3,--CsMlwV1w_m0om101_Z1w
https://crworkspace.s3.ap-south-1.amazonaws.com/crdhs/private/2024/11/21/recording.mp3,--CsMlwV1w_m0om101_Z1w
https://crworkspace.s3.ap-south-1.amazonaws.com/crdhs/private/2024/9/23/recording18045871774889866147.mp3,1sFoZxAD8DiHYHJ0QT_5Ow
https://crworkspace.s3.ap-south-1.amazonaws.com/crdhs/private/2024/11/6/recording.mp3,--HarojsWojLTjUTow1RHA
https://crworkspace.s3.ap-south-1.amazonaws.com/crdhs/private/2024/11/6/recording.mp3,--HarojsWojLTjUTow1RHA
https://crworkspace.s3.ap-south-1.amazonaws.com/crdhs/private/2024/9/20/recording18363806772193626513.mp3,3ZOfBjuJFi3EwB6lZeXvmw
https://crworkspace.s3.ap-south-1.amazonaws.com/crdhs/private/2024/9/23/recording1056474630843275928.mp3,7bUO8bpUqACkhDEkRlnc5Q
https://crworkspace.s3.ap-south-1.amazonaws.com/crdhs/private/2024/9/26/recording17786427458632720428.mp3,18HWqanYmTOfMM9yK65I0Q
https://crworkspace.s3.ap-south-1.amazonaws.com/crdhs/private/2024/11/21/recording.mp3,--CsMlwV1w_m0om101_Z1w
https://crworkspace.s3.ap-south-1.amazonaws.com/crdhs/private/2024/9/23/recording5575424770208535581.mp3,_hvbl1hcsJpSb2G0O8GANA
https://crworkspace.s3.ap-south-1.amazonaws.com/crdhs/private/2024/11/21/recording.mp3,--CsMlwV1w_m0om101_Z1w
https://crworkspace.s3.ap-south-1.amazonaws.com/crdhs/private/2024/11/21/recording.mp3,--CsMlwV1w_m0om101_Z1w
https://crworkspace.s3.ap-south-1.amazonaws.com/crdhs/private/2024/11/21/recording.mp3,--CsMlwV1w_m0om101_Z1w
https://crworkspace.s3.ap-south-1.amazonaws.com/crdhs/private/2024/9/25/recording109226222820734037.mp3,A3nCAC6yDe5_LlhWI1qiYg
https://crworkspace.s3.ap-south-1.amazonaws.com/crdhs/private/2024/9/23/recording11760894056714351136.mp3,vJOkVJzsIUoJxOLwMmRt8A
https://crworkspace.s3.ap-south-1.amazonaws.com/crdhs/private/2024/11/21/recording.mp3,--CsMlwV1w_m0om101_Z1w
https://crworkspace.s3.ap-south-1.amazonaws.com/crdhs/private/2024/11/21/recording.mp3,--CsMlwV1w_m0om101_Z1w
https://crworkspace.s3.ap-south-1.amazonaws.com/crdhs/private/2024/11/21/recording.mp3,--CsMlwV1w_m0om101_Z1w
https://crworkspace.s3.ap-south-1.amazonaws.com/crdhs/private/2024/11/21/recording.mp3,--CsMlwV1w_m0om101_Z1w
https://crworkspace.s3.ap-south-1.amazonaws.com/crdhs/private/2024/12/8/recording.mp3,-1XRc32W8XtdNezq7w2NZg
https://crworkspace.s3.ap-south-1.amazonaws.com/crdhs/private/2024/9/24/recording5261956832653188048.mp3,7FAmv_fLVjzzJF2_NlEq7w
https://crworkspace.s3.ap-south-1.amazonaws.com/crdhs/private/2024/11/21/recording.mp3,--CsMlwV1w_m0om101_Z1w
https://crworkspace.s3.ap-south-1.amazonaws.com/crdhs/private/2024/11/21/recording.mp3,--CsMlwV1w_m0om101_Z1w
https://crworkspace.s3.ap-south-1.amazonaws.com/crdhs/private/2024/10/2/recording16281858643332800470.mp3,3YIz1UHc5nnYkmdixvVffw
https://crworkspace.s3.ap-south-1.amazonaws.com/crdhs/private/2024/10/2/recording12144486493057039197.mp3,KlR-QP-jSikExyLsk_V6Cg
https://crworkspace.s3.ap-south-1.amazonaws.com/crdhs/private/2024/11/21/recording.mp3,--CsMlwV1w_m0om101_Z1w
https://crworkspace.s3.ap-south-1.amazonaws.com/crdhs/private/2024/11/21/recording.mp3,--CsMlwV1w_m0om101_Z1w
https://crworkspace.s3.ap-south-1.amazonaws.com/crdhs/private/2024/11/26/recording.mp3,-8AhiNg6tiGz8N7jiEqUFA
https://crworkspace.s3.ap-south-1.amazonaws.com/crdhs/private/2024/9/24/recording14981537593129964669.mp3,4iSGggqvR_EATxaPWmlBGw
https://crworkspace.s3.ap-south-1.amazonaws.com/crdhs/private/2024/9/23/recording3707347984825345093.mp3,qrTMdXf2xg--sWAkdz9ivg
https://crworkspace.s3.ap-south-1.amazonaws.com/crdhs/private/2024/9/27/recording5892577746433010477.mp3,j3lDS9_ASW9Qgx7kTp8e0g
https://crworkspace.s3.ap-south-1.amazonaws.com/crdhs/private/2024/9/24/recording12131063612886077904.mp3,m2bS7SYX_ky8ODTMFfMKvw
https://crworkspace.s3.ap-south-1.amazonaws.com/crdhs/private/2024/9/20/recording17652462995240410198.mp3,LUddP-DxuCtWlVHqkRlxwg
https://crworkspace.s3.ap-south-1.amazonaws.com/crdhs/private/2024/11/26/recording.mp3,-8AhiNg6tiGz8N7jiEqUFA
https://crworkspace.s3.ap-south-1.amazonaws.com/crdhs/private/2024/9/23/recording508298975382390786.mp3,R8Drhk-HHDaHVirsHyQ14g
https://crworkspace.s3.ap-south-1.amazonaws.com/crdhs/private/2024/9/23/recording2596236636432137477.mp3,ciU_ukjvODNBMzjEQcAWaA
https://crworkspace.s3.ap-south-1.amazonaws.com/crdhs/private/2024/9/23/recording4652257464377727917.mp3,8euqwZThHilS7vX0RF1vZA
https://crworkspace.s3.ap-south-1.amazonaws.com/crdhs/private/2024/9/20/recording7264960579736621174.mp3,d_V1iYxmyAwDKu64fZTBqQ
https://crworkspace.s3.ap-south-1.amazonaws.com/crdhs/private/2024/9/24/recording17194117721141353973.mp3,zdF7ju7Z4Q0C76FbrRwIvQ
https://crworkspace.s3.ap-south-1.amazonaws.com/crdhs/private/2024/9/24/recording18359442842588760992.mp3,xo57G0XRP9AxEt4Px6ZG4A
https://crworkspace.s3.ap-south-1.amazonaws.com/crdhs/private/2024/9/20/recording2626398350851172347.mp3,A2j6GcMDcnnLRqDF8KMQjw
https://crworkspace.s3.ap-south-1.amazonaws.com/crdhs/private/2024/11/26/recording.mp3,-8AhiNg6tiGz8N7jiEqUFA
https://crworkspace.s3.ap-south-1.amazonaws.com/crdhs/private/2024/11/26/recording.mp3,-8AhiNg6tiGz8N7jiEqUFA
https://crworkspace.s3.ap-south-1.amazonaws.com/crdhs/private/2024/11/21/recording.mp3,--CsMlwV1w_m0om101_Z1w
https://crworkspace.s3.ap-south-1.amazonaws.com/crdhs/private/2024/11/26/recording.mp3,-8AhiNg6tiGz8N7jiEqUFA
https://crworkspace.s3.ap-south-1.amazonaws.com/crdhs/private/2024/9/24/recording17485944572033185533.mp3,JfOWJPOKggSlgBN0C5nstw
https://crworkspace.s3.ap-south-1.amazonaws.com/crdhs/private/2024/9/23/recording11069689970061777202.mp3,783CMHmezNMuI8zY-uwypQ
https://crworkspace.s3.ap-south-1.amazonaws.com/crdhs/private/2024/9/23/recording12238587973432673973.mp3,RT-fceZruWoPcbWpFrluUg
https://crworkspace.s3.ap-south-1.amazonaws.com/crdhs/private/2024/9/21/recording8528985603057483583.mp3,UnsQ2fZ1ZmmaURma6Ij7vg
https://crworkspace.s3.ap-south-1.amazonaws.com/crdhs/private/2024/9/20/recording1892470174116820973.mp3,TyrwI_-WCxnFFpW-cYbzAg
https://crworkspace.s3.ap-south-1.amazonaws.com/crdhs/private/2024/9/20/recording15842045898143420167.mp3,WgE_7nRN7tRWcEab8czP-A
https://crworkspace.s3.ap-south-1.amazonaws.com/crdhs/private/2024/9/21/recording3852656718233191021.mp3,04oIHXIt5CjIVg3qNq6HAg
https://crworkspace.s3.ap-south-1.amazonaws.com/crdhs/private/2024/9/23/recording14437519628520470326.mp3,ukcuUlKR3htE5Q6sVPvTEg
https://crworkspace.s3.ap-south-1.amazonaws.com/crdhs/private/2024/9/27/recording7333603947017908498.mp3,C2ZMMYhCAHFf_0JvjFDfcA
https://crworkspace.s3.ap-south-1.amazonaws.com/crdhs/private/2024/9/24/recording8900471983310865511.mp3,oVQ5a9B16amwLx0YVTlR4w
https://crworkspace.s3.ap-south-1.amazonaws.com/crdhs/private/2024/11/26/recording.mp3,-8AhiNg6tiGz8N7jiEqUFA
https://crworkspace.s3.ap-south-1.amazonaws.com/crdhs/private/2024/9/23/recording5878214878084531119.mp3,W388V6om8oQXKdw9cdtJCw
https://crworkspace.s3.ap-south-1.amazonaws.com/crdhs/private/2024/9/21/recording968197997504271177.mp3,e-FGPOegBk4KVaCj67iUMw
https://crworkspace.s3.ap-south-1.amazonaws.com/crdhs/private/2024/11/26/recording.mp3,-8AhiNg6tiGz8N7jiEqUFA
https://crworkspace.s3.ap-south-1.amazonaws.com/crdhs/private/2024/9/23/recording15574285851469430889.mp3,zQ_y-G6IgzCWWlbdI33sOA
https://crworkspace.s3.ap-south-1.amazonaws.com/crdhs/private/2024/9/25/recording13108910052717988063.mp3,BGrru_ynxYECiDvcrhpvxw
https://crworkspace.s3.ap-south-1.amazonaws.com/crdhs/private/2024/11/26/recording.mp3,-8AhiNg6tiGz8N7jiEqUFA
https://crworkspace.s3.ap-south-1.amazonaws.com/crdhs/private/2024/9/26/recording12791395533162070760.mp3,C-QiaAury7V1aoRkge8_Sw
https://crworkspace.s3.ap-south-1.amazonaws.com/crdhs/private/2024/9/26/recording13091292637926313693.mp3,1cpc7Geetalyxk2lBnNMIg
https://crworkspace.s3.ap-south-1.amazonaws.com/crdhs/private/2024/11/26/recording.mp3,-8AhiNg6tiGz8N7jiEqUFA
https://crworkspace.s3.ap-south-1.amazonaws.com/crdhs/private/2024/11/21/recording.mp3,--CsMlwV1w_m0om101_Z1w
https://crworkspace.s3.ap-south-1.amazonaws.com/crdhs/private/2024/11/26/recording.mp3,-8AhiNg6tiGz8N7jiEqUFA
https://crworkspace.s3.ap-south-1.amazonaws.com/crdhs/private/2024/9/23/recording15206083695326623623.mp3,bPSzliLgPRjzlvFcnYeFzQ
https://crworkspace.s3.ap-south-1.amazonaws.com/crdhs/private/2024/9/24/recording9147219037556945083.mp3,iI4Oe9JsxfQ7whZkQp-s9g
https://crworkspace.s3.ap-south-1.amazonaws.com/crdhs/private/2024/11/26/recording.mp3,-8AhiNg6tiGz8N7jiEqUFA
https://crworkspace.s3.ap-south-1.amazonaws.com/crdhs/private/2024/9/23/recording8092983224047351667.mp3,FwzH5fB8knGNg5EsTh0yLw
https://crworkspace.s3.ap-south-1.amazonaws.com/crdhs/private/2024/9/24/recording5248450556484287822.mp3,tkah8PQ5mgpK7bwd76Qixg
https://crworkspace.s3.ap-south-1.amazonaws.com/crdhs/private/2024/9/27/recording14245386414453612005.mp3,6Zoz5QsUgoUa2utpfOYVog
https://crworkspace.s3.ap-south-1.amazonaws.com/crdhs/private/2024/9/25/recording17621656580289634071.mp3,rcoRmGZ0o63v5h9Jjg0zzg
https://crworkspace.s3.ap-south-1.amazonaws.com/crdhs/private/2024/11/21/recording.mp3,--CsMlwV1w_m0om101_Z1w
https://crworkspace.s3.ap-south-1.amazonaws.com/crdhs/private/2024/9/20/recording9847760342811461775.mp3,Y9nuuQ9cWDJqVHTWH44o5Q
https://crworkspace.s3.ap-south-1.amazonaws.com/crdhs/private/2024/11/21/recording.mp3,--CsMlwV1w_m0om101_Z1w
https://crworkspace.s3.ap-south-1.amazonaws.com/crdhs/private/2024/11/6/recording.mp3,--HarojsWojLTjUTow1RHA
https://crworkspace.s3.ap-south-1.amazonaws.com/crdhs/private/2024/9/23/recording13186263859927071071.mp3,u8WvCo7Ykq4YtY0fuLeulw
https://crworkspace.s3.ap-south-1.amazonaws.com/crdhs/private/2024/11/6/recording.mp3,--HarojsWojLTjUTow1RHA
https://crworkspace.s3.ap-south-1.amazonaws.com/crdhs/private/2024/11/26/recording.mp3,-8AhiNg6tiGz8N7jiEqUFA
https://crworkspace.s3.ap-south-1.amazonaws.com/crdhs/private/2024/11/6/recording.mp3,--HarojsWojLTjUTow1RHA
https://crworkspace.s3.ap-south-1.amazonaws.com/crdhs/private/2024/11/21/recording.mp3,--CsMlwV1w_m0om101_Z1w
https://crworkspace.s3.ap-south-1.amazonaws.com/crdhs/private/2024/9/26/recording16371872964406151050.mp3,0XHhkzkDNL1TX2nx9XNChw
https://crworkspace.s3.ap-south-1.amazonaws.com/crdhs/private/2024/11/21/recording.mp3,--CsMlwV1w_m0om101_Z1w
https://crworkspace.s3.ap-south-1.amazonaws.com/crdhs/private/2024/11/6/recording.mp3,--HarojsWojLTjUTow1RHA
https://crworkspace.s3.ap-south-1.amazonaws.com/crdhs/private/2024/9/24/recording4799590103378889838.mp3,LgAiUc0zmsYjjzVu012m5A
https://crworkspace.s3.ap-south-1.amazonaws.com/crdhs/private/2024/9/24/recording395806070199485288.mp3,LvHVyfWuY56TJx6ORYJKlw
https://crworkspace.s3.ap-south-1.amazonaws.com/crdhs/private/2024/11/26/recording.mp3,-8AhiNg6tiGz8N7jiEqUFA
https://crworkspace.s3.ap-south-1.amazonaws.com/crdhs/private/2024/11/26/recording.mp3,-8AhiNg6tiGz8N7jiEqUFA
https://crworkspace.s3.ap-south-1.amazonaws.com/crdhs/private/2024/9/23/recording3179724337868776996.mp3,D5h9t0xD60-9dy2E5ZL4Rg
https://crworkspace.s3.ap-south-1.amazonaws.com/crdhs/private/2024/11/21/recording.mp3,--CsMlwV1w_m0om101_Z1w
https://crworkspace.s3.ap-south-1.amazonaws.com/crdhs/private/2024/9/21/recording16282941035600688152.mp3,beV_bCeEMjTJ0sX9Qqgyaw
https://crworkspace.s3.ap-south-1.amazonaws.com/crdhs/private/2024/9/21/recording14214585414814927449.mp3,bVaRLIrdXwrlNB-eCS0S4w
https://crworkspace.s3.ap-south-1.amazonaws.com/crdhs/private/2024/9/21/recording12472343326305691502.mp3,sIMPJVWYqR-ea5NfxUeq1g
https://crworkspace.s3.ap-south-1.amazonaws.com/crdhs/private/2024/9/26/recording7239077026877010006.mp3,gjgtgKX4YwT9mhyWsZrc1g
https://crworkspace.s3.ap-south-1.amazonaws.com/crdhs/private/2024/9/21/recording6693604530680617692.mp3,XHuIxUuqAUsud76wByRW9A
https://crworkspace.s3.ap-south-1.amazonaws.com/crdhs/private/2024/9/27/recording11206480610221417581.mp3,qaJEoZOxQhEmbdArgpgJew
https://crworkspace.s3.ap-south-1.amazonaws.com/crdhs/private/2024/9/27/recording4721996497680420862.mp3,XB0cNoTDoS0RNVDOM9bZ3g
https://crworkspace.s3.ap-south-1.amazonaws.com/crdhs/private/2024/11/6/recording.mp3,--HarojsWojLTjUTow1RHA
https://crworkspace.s3.ap-south-1.amazonaws.com/crdhs/private/2024/10/7/recording17605003083504780294.mp3,HIKrrSOMaUvvvY20ssj18g
https://crworkspace.s3.ap-south-1.amazonaws.com/crdhs/private/2024/9/24/recording7577015103618774304.mp3,rHyva49Q4kbCqJQ9WTqXGA
https://crworkspace.s3.ap-south-1.amazonaws.com/crdhs/private/2024/9/24/recording9583853636729895546.mp3,2dW1_U_nbMbm5GynEJZqIA
https://crworkspace.s3.ap-south-1.amazonaws.com/crdhs/private/2024/9/20/recording13038486888004963778.mp3,4tWCWEoOhT6hsK3scuTGaQ
https://crworkspace.s3.ap-south-1.amazonaws.com/crdhs/private/2024/9/23/recording7384711939423254574.mp3,x-hoMak3rfYtBjRpFJi4bA
https://crworkspace.s3.ap-south-1.amazonaws.com/crdhs/private/2024/9/20/recording11327526071350408570.mp3,zVbqn_8R7GtxdNxuvDg-TA
https://crworkspace.s3.ap-south-1.amazonaws.com/crdhs/private/2024/11/6/recording.mp3,--HarojsWojLTjUTow1RHA
https://crworkspace.s3.ap-south-1.amazonaws.com/crdhs/private/2024/9/24/recording11181003331096569253.mp3,6oC8qhrJtchhJEu3NihP3w
https://crworkspace.s3.ap-south-1.amazonaws.com/crdhs/private/2024/9/24/recording7421791446381050055.mp3,NbYnz8sk1QtDSzfqBFocwg
https://crworkspace.s3.ap-south-1.amazonaws.com/crdhs/private/2024/9/27/recording4128009111584733970.mp3,2wcxGIez4QGE3KSV7tv0Ag
https://crworkspace.s3.ap-south-1.amazonaws.com/crdhs/private/2024/11/6/recording.mp3,--HarojsWojLTjUTow1RHA
https://crworkspace.s3.ap-south-1.amazonaws.com/crdhs/private/2024/11/6/recording.mp3,--HarojsWojLTjUTow1RHA
https://crworkspace.s3.ap-south-1.amazonaws.com/crdhs/private/2024/9/26/recording16443323656883567083.mp3,OPp4u6YOgRGXU7WcvnsG-A
https://crworkspace.s3.ap-south-1.amazonaws.com/crdhs/private/2024/11/6/recording.mp3,--HarojsWojLTjUTow1RHA
https://crworkspace.s3.ap-south-1.amazonaws.com/crdhs/private/2024/11/6/recording.mp3,--HarojsWojLTjUTow1RHA
https://crworkspace.s3.ap-south-1.amazonaws.com/crdhs/private/2024/11/6/recording.mp3,--HarojsWojLTjUTow1RHA
https://crworkspace.s3.ap-south-1.amazonaws.com/crdhs/private/2024/9/21/recording16385705100227408685.mp3,Tn6Zvx8nJg8HZxqpFRDHSA
https://crworkspace.s3.ap-south-1.amazonaws.com/crdhs/private/2024/9/21/recording8897302806218958896.mp3,vCZK6BZ7eKPipQhdX663uQ
https://crworkspace.s3.ap-south-1.amazonaws.com/crdhs/private/2024/10/6/recording17687142612397148540.mp3,vsOmmIuMEum4olWfga3uLw
https://crworkspace.s3.ap-south-1.amazonaws.com/crdhs/private/2024/11/6/recording.mp3,--HarojsWojLTjUTow1RHA
https://crworkspace.s3.ap-south-1.amazonaws.com/crdhs/private/2024/11/6/recording.mp3,--HarojsWojLTjUTow1RHA
https://crworkspace.s3.ap-south-1.amazonaws.com/crdhs/private/2024/11/6/recording.mp3,--HarojsWojLTjUTow1RHA
https://crworkspace.s3.ap-south-1.amazonaws.com/crdhs/private/2024/9/21/recording5938702545381247038.mp3,FP3jVR7RmUxskFTXIutqzw
https://crworkspace.s3.ap-south-1.amazonaws.com/crdhs/private/2024/11/6/recording.mp3,--HarojsWojLTjUTow1RHA
https://crworkspace.s3.ap-south-1.amazonaws.com/crdhs/private/2024/9/24/recording16157480627026972410.mp3,GDTs15C89_7DA1kxvU7o1g
https://crworkspace.s3.ap-south-1.amazonaws.com/crdhs/private/2024/9/26/recording8068005736809408506.mp3,JqPp0c-8WhXWqQJJZDdUTA
https://crworkspace.s3.ap-south-1.amazonaws.com/crdhs/private/2024/9/26/recording1073372434501706652.mp3,ZyMyowN9ZCcR4NnOYP3huw
https://crworkspace.s3.ap-south-1.amazonaws.com/crdhs/private/2024/9/27/recording7034989152769178748.mp3,-Wnm-R-e0afuNG5HOkdXsw
https://crworkspace.s3.ap-south-1.amazonaws.com/crdhs/private/2024/10/6/recording15754500431214633996.mp3,J0CLyGcJncDLRBfUvFMvfg
https://crworkspace.s3.ap-south-1.amazonaws.com/crdhs/private/2024/9/24/recording5573159829128211680.mp3,DGOvWH9z2pqdtABIEBWGyw
https://crworkspace.s3.ap-south-1.amazonaws.com/crdhs/private/2024/11/6/recording.mp3,--HarojsWojLTjUTow1RHA
https://crworkspace.s3.ap-south-1.amazonaws.com/crdhs/private/2024/9/25/recording4472786901176689849.mp3,KuuJtMbEjM0WrJdvjgha2Q
https://crworkspace.s3.ap-south-1.amazonaws.com/crdhs/private/2024/11/21/recording.mp3,--CsMlwV1w_m0om101_Z1w
https://crworkspace.s3.ap-south-1.amazonaws.com/crdhs/private/2024/11/6/recording.mp3,--HarojsWojLTjUTow1RHA
https://crworkspace.s3.ap-south-1.amazonaws.com/crdhs/private/2024/10/6/recording1327499589374423408.mp3,2mNUwjEFezcICeNJmygh8Q
https://crworkspace.s3.ap-south-1.amazonaws.com/crdhs/private/2024/9/25/recording18325652719689677146.mp3,IHB2F-htAVpKMXVla5rBPA
https://crworkspace.s3.ap-south-1.amazonaws.com/crdhs/private/2024/11/6/recording.mp3,--HarojsWojLTjUTow1RHA
https://crworkspace.s3.ap-south-1.amazonaws.com/crdhs/private/2024/9/26/recording7032209429543013981.mp3,Xye2YpTHd6cU6qkkzztHBQ
https://crworkspace.s3.ap-south-1.amazonaws.com/crdhs/private/2024/9/21/recording11753404787229747943.mp3,kxJJWHBRT-XMU8KilRYhcw
https://crworkspace.s3.ap-south-1.amazonaws.com/crdhs/private/2024/10/7/recording11173635123647816802.mp3,7qoYC1eDeqOM9jPw9cgoEg
https://crworkspace.s3.ap-south-1.amazonaws.com/crdhs/private/2024/10/7/recording12262532320650239240.mp3,bJ9BvW0ktjvzz8PmnhJ4CQ
https://crworkspace.s3.ap-south-1.amazonaws.com/crdhs/private/2024/9/21/recording13714152802456746124.mp3,IFthvgeBERr86s2J3qKuOg
https://crworkspace.s3.ap-south-1.amazonaws.com/crdhs/private/2024/11/6/recording.mp3,--HarojsWojLTjUTow1RHA
https://crworkspace.s3.ap-south-1.amazonaws.com/crdhs/private/2024/11/6/recording.mp3,--HarojsWojLTjUTow1RHA
https://crworkspace.s3.ap-south-1.amazonaws.com/crdhs/private/2024/9/24/recording10573211325455875610.mp3,t3w8qGsMYKYiy9iyUnn6UQ
https://crworkspace.s3.ap-south-1.amazonaws.com/crdhs/private/2024/9/27/recording13895661115348255697.mp3,lmSxive5HXEpNLbAyPB81A
https://crworkspace.s3.ap-south-1.amazonaws.com/crdhs/private/2024/10/6/recording17161546336894971877.mp3,8-S_r6ew74-Py9pOqp1fTg
https://crworkspace.s3.ap-south-1.amazonaws.com/crdhs/private/2024/9/20/recording10452392710012327997.mp3,cdO1Ot0IMiWkwDKYL_usQg
https://crworkspace.s3.ap-south-1.amazonaws.com/crdhs/private/2024/9/24/recording6565788930076175615.mp3,CRzL15BMrX_I8WXDCyfwWA
https://crworkspace.s3.ap-south-1.amazonaws.com/crdhs/private/2024/9/23/recording14868671507452587537.mp3,WeLyBk6n_3rXpODcLQc_Jw
https://crworkspace.s3.ap-south-1.amazonaws.com/crdhs/private/2024/9/24/recording6143826088534148233.mp3,0wLpXeZP6ykaiMhYJJGXZA
https://crworkspace.s3.ap-south-1.amazonaws.com/crdhs/private/2024/10/7/recording8547725585709626432.mp3,weDPJmH_bDwc5FziM14erA
https://crworkspace.s3.ap-south-1.amazonaws.com/crdhs/private/2024/9/27/recording13770233005955590311.mp3,9rJ7ik1hC2unbLMJcx0Qvg
https://crworkspace.s3.ap-south-1.amazonaws.com/crdhs/private/2024/9/24/recording12719878300119200415.mp3,qfNp4HUD1UvpSs3R29Aazw
https://crworkspace.s3.ap-south-1.amazonaws.com/crdhs/private/2024/9/20/recording15036443400646222913.mp3,iCpQQaoarXI5tZeVR-YAIg
https://crworkspace.s3.ap-south-1.amazonaws.com/crdhs/private/2024/9/25/recording7178123424071747155.mp3,9g3sdD-zxW5-lzGy1kk7_g
https://crworkspace.s3.ap-south-1.amazonaws.com/crdhs/private/2024/9/24/recording520130817696804180.mp3,eSp0y9ZKtfLNZwoG0e9DCw
https://crworkspace.s3.ap-south-1.amazonaws.com/crdhs/private/2024/10/7/recording2430003532918950644.mp3,j6U2Tz3cdAGMGp_-HxhkHA
https://crworkspace.s3.ap-south-1.amazonaws.com/crdhs/private/2024/9/24/recording3328044449089232439.mp3,MKfjE4lsHqHEZ027tWZEGw
https://crworkspace.s3.ap-south-1.amazonaws.com/crdhs/private/2024/9/24/recording8853478993000761788.mp3,4FBIpEAiMGI-kSyPrbIu7Q
https://crworkspace.s3.ap-south-1.amazonaws.com/crdhs/private/2024/10/6/recording8051303662927876965.mp3,KYTW0VpVQnZzwOzBacKC4A
https://crworkspace.s3.ap-south-1.amazonaws.com/crdhs/private/2024/9/25/recording5052350877036837764.mp3,k6oco2gasxpMWXc0V1U3AA
https://crworkspace.s3.ap-south-1.amazonaws.com/crdhs/private/2024/11/6/recording.mp3,--HarojsWojLTjUTow1RHA
https://crworkspace.s3.ap-south-1.amazonaws.com/crdhs/private/2024/9/27/recording404321128421530313.mp3,bLHxFIGRg4kCXENoJrjv7Q
https://crworkspace.s3.ap-south-1.amazonaws.com/crdhs/private/2024/10/6/recording13266532208743923211.mp3,hLGaluJuQt8vKpGkZfLy1g
https://crworkspace.s3.ap-south-1.amazonaws.com/crdhs/private/2024/9/21/recording10874301807939367262.mp3,hTkESmSFsWopnT_k5HD4EA
https://crworkspace.s3.ap-south-1.amazonaws.com/crdhs/private/2024/9/20/recording17426210000230294964.mp3,026dGr_mSAmAkQwzvAUm-Q
https://crworkspace.s3.ap-south-1.amazonaws.com/crdhs/private/2024/9/24/recording10745192458161079878.mp3,A147KTeFl4fIqHT-YhS0oQ
https://crworkspace.s3.ap-south-1.amazonaws.com/crdhs/private/2024/11/6/recording.mp3,--HarojsWojLTjUTow1RHA
https://crworkspace.s3.ap-south-1.amazonaws.com/crdhs/private/2024/10/6/recording13754388821606882324.mp3,mNbnkNpDx2HhzVOK_WLNzg
https://crworkspace.s3.ap-south-1.amazonaws.com/crdhs/private/2024/9/26/recording4261298062975912107.mp3,MAf53hT8UMw4jqM9Y3xnrQ
https://crworkspace.s3.ap-south-1.amazonaws.com/crdhs/private/2024/9/26/recording3751465975505720946.mp3,HBYyoaKjmJjtld0dx4glnA
https://crworkspace.s3.ap-south-1.amazonaws.com/crdhs/private/2024/9/23/recording10624199787771211524.mp3,pH2Fet4rXaNXlytjFyvhCQ
https://crworkspace.s3.ap-south-1.amazonaws.com/crdhs/private/2024/11/6/recording.mp3,--HarojsWojLTjUTow1RHA
https://crworkspace.s3.ap-south-1.amazonaws.com/crdhs/private/2024/9/21/recording7444909895216259686.mp3,-kTu2qdzm8FoaMzfWzW84A
https://crworkspace.s3.ap-south-1.amazonaws.com/crdhs/private/2024/10/7/recording10228305787614803307.mp3,oIaDmcuN2EBqwRtsB3M4_g
https://crworkspace.s3.ap-south-1.amazonaws.com/crdhs/private/2024/11/6/recording.mp3,--HarojsWojLTjUTow1RHA
https://crworkspace.s3.ap-south-1.amazonaws.com/crdhs/private/2024/9/20/recording10171838303413650995.mp3,1nUyBVgFz5WpvA9dMyXsiw
https://crworkspace.s3.ap-south-1.amazonaws.com/crdhs/private/2024/9/27/recording15899956402777822958.mp3,CoXoRuwKIMQclx0upx8xvg
https://crworkspace.s3.ap-south-1.amazonaws.com/crdhs/private/2024/9/23/recording6926511211504672109.mp3,9B3_Cp_IKTFz7iGyg-q1Ow
https://crworkspace.s3.ap-south-1.amazonaws.com/crdhs/private/2024/11/6/recording.mp3,--HarojsWojLTjUTow1RHA
https://crworkspace.s3.ap-south-1.amazonaws.com/crdhs/private/2024/9/26/recording4876283186883220897.mp3,BK5lv4GEoYumC7qi7OAnLw
https://crworkspace.s3.ap-south-1.amazonaws.com/crdhs/private/2024/9/24/recording2987860674753114428.mp3,2qAzmQi5t-dLjsJ1ADGo0g
https://crworkspace.s3.ap-south-1.amazonaws.com/crdhs/private/2024/9/21/recording1222201712495478329.mp3,dQYWkUd9jd-599N0zuIEEw
https://crworkspace.s3.ap-south-1.amazonaws.com/crdhs/private/2024/9/25/recording11415213420385319045.mp3,L2PE4N7vE8m5lB8N1BF36A
https://crworkspace.s3.ap-south-1.amazonaws.com/crdhs/private/2024/9/24/recording11678243205314424545.mp3,2fHohzZnKoMkg6IdMAkOZA
https://crworkspace.s3.ap-south-1.amazonaws.com/crdhs/private/2024/11/6/recording.mp3,--HarojsWojLTjUTow1RHA
https://crworkspace.s3.ap-south-1.amazonaws.com/crdhs/private/2024/9/21/recording14533050814406443319.mp3,jSxFxt7_aV7szJUfaupo3A
https://crworkspace.s3.ap-south-1.amazonaws.com/crdhs/private/2024/9/24/recording9540653594850383327.mp3,IHZKysBztyK1koh1caiwiw
https://crworkspace.s3.ap-south-1.amazonaws.com/crdhs/private/2024/9/27/recording9734901112750519693.mp3,wBkjYipOhO0-Yz-7nXklVg
https://crworkspace.s3.ap-south-1.amazonaws.com/crdhs/private/2024/9/24/recording13402494804115559346.mp3,NFAfDlfjY_Tt8VV2JQrROw
https://crworkspace.s3.ap-south-1.amazonaws.com/crdhs/private/2024/9/24/recording712561446248370127.mp3,CYvnJwIkNoP0ai6ob4JvKw
https://crworkspace.s3.ap-south-1.amazonaws.com/crdhs/private/2024/9/24/recording4810037290972495869.mp3,GRwBjlJ4nwwhAQRdkkjHUA
https://crworkspace.s3.ap-south-1.amazonaws.com/crdhs/private/2024/10/6/recording4345706392255221882.mp3,nYwdegUg5wUeAWzLp-GOKQ
https://crworkspace.s3.ap-south-1.amazonaws.com/crdhs/private/2024/11/26/recording.mp3,-8AhiNg6tiGz8N7jiEqUFA
https://crworkspace.s3.ap-south-1.amazonaws.com/crdhs/private/2024/11/6/recording.mp3,--HarojsWojLTjUTow1RHA
https://crworkspace.s3.ap-south-1.amazonaws.com/crdhs/private/2024/10/6/recording10483980065008911509.mp3,xFFb8WwT0vZw5xpQ-zL0cg
https://crworkspace.s3.ap-south-1.amazonaws.com/crdhs/private/2024/11/6/recording.mp3,--HarojsWojLTjUTow1RHA
https://crworkspace.s3.ap-south-1.amazonaws.com/crdhs/private/2024/10/6/recording7608986746307554714.mp3,vj7Pi8ZeiuyseeXTilmhXw
https://crworkspace.s3.ap-south-1.amazonaws.com/crdhs/private/2024/9/23/recording10490145487893958265.mp3,mk-vDNDLjg-GLTf2C0gAnw
https://crworkspace.s3.ap-south-1.amazonaws.com/crdhs/private/2024/9/26/recording11248100916544322576.mp3,EkyL4-xWtelBpoSbOVMNxw
https://crworkspace.s3.ap-south-1.amazonaws.com/crdhs/private/2024/11/6/recording.mp3,--HarojsWojLTjUTow1RHA
https://crworkspace.s3.ap-south-1.amazonaws.com/crdhs/private/2024/9/23/recording2016844493632507098.mp3,1Tx6O6XTpR2vEnXCxghlyw
https://crworkspace.s3.ap-south-1.amazonaws.com/crdhs/private/2024/9/24/recording15750304630251435226.mp3,gS--ZifpaJlap2e86tiVVA
https://crworkspace.s3.ap-south-1.amazonaws.com/crdhs/private/2024/10/6/recording1350355034647719643.mp3,vKuba3G-IYa_rPPMv1MIEg
https://crworkspace.s3.ap-south-1.amazonaws.com/crdhs/private/2024/10/6/recording6709935624564411503.mp3,ccc3ZMlOsN1KnPevFzhDUQ
https://crworkspace.s3.ap-south-1.amazonaws.com/crdhs/private/2024/10/7/recording3454332327144286210.mp3,HPG3uPtv-uWaETnE_iVOXg
https://crworkspace.s3.ap-south-1.amazonaws.com/crdhs/private/2024/11/21/recording.mp3,--CsMlwV1w_m0om101_Z1w
https://crworkspace.s3.ap-south-1.amazonaws.com/crdhs/private/2024/11/6/recording.mp3,--HarojsWojLTjUTow1RHA
https://crworkspace.s3.ap-south-1.amazonaws.com/crdhs/private/2024/11/6/recording.mp3,--HarojsWojLTjUTow1RHA
https://crworkspace.s3.ap-south-1.amazonaws.com/crdhs/private/2024/9/27/recording9704927449704328810.mp3,aQogotNbbSIQ2AQ6BkV8Vw
https://crworkspace.s3.ap-south-1.amazonaws.com/crdhs/private/2024/11/6/recording.mp3,--HarojsWojLTjUTow1RHA
https://crworkspace.s3.ap-south-1.amazonaws.com/crdhs/private/2024/10/7/recording8689153658892779448.mp3,ozLAYRk7GSW98a2Dvp0Nzg
https://crworkspace.s3.ap-south-1.amazonaws.com/crdhs/private/2024/11/6/recording.mp3,--HarojsWojLTjUTow1RHA
https://crworkspace.s3.ap-south-1.amazonaws.com/crdhs/private/2024/11/6/recording.mp3,--HarojsWojLTjUTow1RHA
https://crworkspace.s3.ap-south-1.amazonaws.com/crdhs/private/2024/11/6/recording.mp3,--HarojsWojLTjUTow1RHA
https://crworkspace.s3.ap-south-1.amazonaws.com/crdhs/private/2024/9/23/recording10273769849597624558.mp3,-KNgQX-x2cagLMTScDLdWA
https://crworkspace.s3.ap-south-1.amazonaws.com/crdhs/private/2024/9/23/recording10870740489624822022.mp3,paSVY3TvnNysyzmCZoL-2w
https://crworkspace.s3.ap-south-1.amazonaws.com/crdhs/private/2024/11/6/recording.mp3,--HarojsWojLTjUTow1RHA
https://crworkspace.s3.ap-south-1.amazonaws.com/crdhs/private/2024/9/25/recording184221208197722414.mp3,Ek7ZmVmeQeHLKufWfAbzmg
https://crworkspace.s3.ap-south-1.amazonaws.com/crdhs/private/2024/11/21/recording.mp3,--CsMlwV1w_m0om101_Z1w
https://crworkspace.s3.ap-south-1.amazonaws.com/crdhs/private/2024/11/6/recording.mp3,--HarojsWojLTjUTow1RHA
https://crworkspace.s3.ap-south-1.amazonaws.com/crdhs/private/2024/11/21/recording.mp3,--CsMlwV1w_m0om101_Z1w
https://crworkspace.s3.ap-south-1.amazonaws.com/crdhs/private/2024/11/6/recording.mp3,--HarojsWojLTjUTow1RHA
https://crworkspace.s3.ap-south-1.amazonaws.com/crdhs/private/2024/11/6/recording.mp3,--HarojsWojLTjUTow1RHA
https://crworkspace.s3.ap-south-1.amazonaws.com/crdhs/private/2024/11/6/recording.mp3,--HarojsWojLTjUTow1RHA
https://crworkspace.s3.ap-south-1.amazonaws.com/crdhs/private/2024/9/23/recording10087211761080744644.mp3,Ls5U-zGTHMRcW9u2Ky60OQ
https://crworkspace.s3.ap-south-1.amazonaws.com/crdhs/private/2024/11/6/recording.mp3,--HarojsWojLTjUTow1RHA
https://crworkspace.s3.ap-south-1.amazonaws.com/crdhs/private/2024/11/21/recording.mp3,--CsMlwV1w_m0om101_Z1w
https://crworkspace.s3.ap-south-1.amazonaws.com/crdhs/private/2024/10/6/recording8691527217310335736.mp3,zwaSdVB1s6roL7RPvJc83g
https://crworkspace.s3.ap-south-1.amazonaws.com/crdhs/private/2024/9/23/recording15146398753251883270.mp3,mlyq-XXpmPeU4vpqUIztWw
https://crworkspace.s3.ap-south-1.amazonaws.com/crdhs/private/2024/9/23/recording7899216185412757334.mp3,MOR3crH4lno8ugBlKeU-mw
https://crworkspace.s3.ap-south-1.amazonaws.com/crdhs/private/2024/11/21/recording.mp3,--CsMlwV1w_m0om101_Z1w
https://crworkspace.s3.ap-south-1.amazonaws.com/crdhs/private/2024/9/24/recording12473737044988505207.mp3,zMi76oo72LT4gzat-5wU4Q
https://crworkspace.s3.ap-south-1.amazonaws.com/crdhs/private/2024/9/27/recording13247640034054513450.mp3,81kdfVrZZRBEPAFUjzYnGA
https://crworkspace.s3.ap-south-1.amazonaws.com/crdhs/private/2024/9/28/recording6758345319357246848.mp3,Brye33A5-ciFmnnaq4eYEA
https://crworkspace.s3.ap-south-1.amazonaws.com/crdhs/private/2024/11/6/recording.mp3,--HarojsWojLTjUTow1RHA
https://crworkspace.s3.ap-south-1.amazonaws.com/crdhs/private/2024/10/7/recording10400323669464740090.mp3,fg5kthnzmVIJ_le83kVeZQ
https://crworkspace.s3.ap-south-1.amazonaws.com/crdhs/private/2024/11/6/recording.mp3,--HarojsWojLTjUTow1RHA
https://crworkspace.s3.ap-south-1.amazonaws.com/crdhs/private/2024/9/23/recording6505353596171498637.mp3,4CUvS4jkNzSS9a49WxXSRg
https://crworkspace.s3.ap-south-1.amazonaws.com/crdhs/private/2024/9/24/recording17511074015858733298.mp3,2lbONTYbJT_c0CFW4B_99A
https://crworkspace.s3.ap-south-1.amazonaws.com/crdhs/private/2024/11/6/recording.mp3,--HarojsWojLTjUTow1RHA
https://crworkspace.s3.ap-south-1.amazonaws.com/crdhs/private/2024/9/23/recording6846160919692797381.mp3,pMhpXnhPaxsOcBSJ4s8vmw
https://crworkspace.s3.ap-south-1.amazonaws.com/crdhs/private/2024/11/6/recording.mp3,--HarojsWojLTjUTow1RHA
https://crworkspace.s3.ap-south-1.amazonaws.com/crdhs/private/2024/11/6/recording.mp3,--HarojsWojLTjUTow1RHA
https://crworkspace.s3.ap-south-1.amazonaws.com/crdhs/private/2024/11/6/recording.mp3,--HarojsWojLTjUTow1RHA
https://crworkspace.s3.ap-south-1.amazonaws.com/crdhs/private/2024/10/7/recording7470424916669149434.mp3,aeAPpu8U3BaWO22kdYMZ5Q
https://crworkspace.s3.ap-south-1.amazonaws.com/crdhs/private/2024/10/6/recording17871875094962916912.mp3,tdNpE7MG2Nk0tsla0GHVgQ
https://crworkspace.s3.ap-south-1.amazonaws.com/crdhs/private/2024/9/24/recording17050127487091542695.mp3,9gmAZ2ZKaacDm18dMhHfVw
https://crworkspace.s3.ap-south-1.amazonaws.com/crdhs/private/2024/11/21/recording.mp3,--CsMlwV1w_m0om101_Z1w
https://crworkspace.s3.ap-south-1.amazonaws.com/crdhs/private/2024/9/27/recording14768099851750310578.mp3,RcjlMoZ94B015M6VWdqMuw
https://crworkspace.s3.ap-south-1.amazonaws.com/crdhs/private/2024/9/26/recording8402091769296263095.mp3,e2GTzE9yhcZGGO0a98r5KA
https://crworkspace.s3.ap-south-1.amazonaws.com/crdhs/private/2024/9/24/recording11873056254969743373.mp3,gvMTEgqOExl8eSpetwAfCg
https://crworkspace.s3.ap-south-1.amazonaws.com/crdhs/private/2024/9/26/recording13973652273636673576.mp3,jnrxhD76cdJCw1O1kdtUJQ
https://crworkspace.s3.ap-south-1.amazonaws.com/crdhs/private/2024/9/23/recording1570695186281208828.mp3,27lynSJFsSfGQDnfobx3tA
https://crworkspace.s3.ap-south-1.amazonaws.com/crdhs/private/2024/9/25/recording18305261783077357498.mp3,XWyE8ySgBAjPJvDfx-_ENw
https://crworkspace.s3.ap-south-1.amazonaws.com/crdhs/private/2024/11/6/recording.mp3,--HarojsWojLTjUTow1RHA
https://crworkspace.s3.ap-south-1.amazonaws.com/crdhs/private/2024/11/6/recording.mp3,--HarojsWojLTjUTow1RHA
https://crworkspace.s3.ap-south-1.amazonaws.com/crdhs/private/2024/9/24/recording14538149672977284773.mp3,vU8D6feOL10badvQC4NXTw
https://crworkspace.s3.ap-south-1.amazonaws.com/crdhs/private/2024/10/6/recording6881121783723402012.mp3,Uwff-M4MQ-iK4WVjCZa0sQ
https://crworkspace.s3.ap-south-1.amazonaws.com/crdhs/private/2024/11/6/recording.mp3,--HarojsWojLTjUTow1RHA
https://crworkspace.s3.ap-south-1.amazonaws.com/crdhs/private/2024/11/6/recording.mp3,--HarojsWojLTjUTow1RHA
https://crworkspace.s3.ap-south-1.amazonaws.com/crdhs/private/2024/9/27/recording9423527867327858676.mp3,8FgEnwbgqmjYLXsHX9X13A
https://crworkspace.s3.ap-south-1.amazonaws.com/crdhs/private/2024/9/23/recording6667028480262103595.mp3,KdcUYvRQTpbaMTEBqnIpog
https://crworkspace.s3.ap-south-1.amazonaws.com/crdhs/private/2024/10/7/recording13949220430589127816.mp3,SX8RJqVw5UdIlk8_zQYsYw
https://crworkspace.s3.ap-south-1.amazonaws.com/crdhs/private/2024/9/23/recording3170867571796867916.mp3,UurmFPr1PYeBo3o1gbJq8Q
https://crworkspace.s3.ap-south-1.amazonaws.com/crdhs/private/2024/11/6/recording.mp3,--HarojsWojLTjUTow1RHA
https://crworkspace.s3.ap-south-1.amazonaws.com/crdhs/private/2024/11/6/recording.mp3,--HarojsWojLTjUTow1RHA
https://crworkspace.s3.ap-south-1.amazonaws.com/crdhs/private/2024/9/24/recording1408633028526917319.mp3,Qv1JuicAggI5yblY24tY2g
https://crworkspace.s3.ap-south-1.amazonaws.com/crdhs/private/2024/9/24/recording2155901826701820874.mp3,RQko7jNPm3EywBq8AXThnQ
https://crworkspace.s3.ap-south-1.amazonaws.com/crdhs/private/2024/11/21/recording.mp3,--CsMlwV1w_m0om101_Z1w
https://crworkspace.s3.ap-south-1.amazonaws.com/crdhs/private/2024/11/6/recording.mp3,--HarojsWojLTjUTow1RHA
https://crworkspace.s3.ap-south-1.amazonaws.com/crdhs/private/2024/11/26/recording.mp3,-8AhiNg6tiGz8N7jiEqUFA
https://crworkspace.s3.ap-south-1.amazonaws.com/crdhs/private/2024/11/26/recording.mp3,-8AhiNg6tiGz8N7jiEqUFA
https://crworkspace.s3.ap-south-1.amazonaws.com/crdhs/private/2024/11/21/recording.mp3,--CsMlwV1w_m0om101_Z1w
https://crworkspace.s3.ap-south-1.amazonaws.com/crdhs/private/2024/9/24/recording11157409610801236804.mp3,OfyRlxrz22shLUcaLzCi0g
https://crworkspace.s3.ap-south-1.amazonaws.com/crdhs/private/2024/11/6/recording.mp3,--HarojsWojLTjUTow1RHA
https://crworkspace.s3.ap-south-1.amazonaws.com/crdhs/private/2024/11/21/recording.mp3,--CsMlwV1w_m0om101_Z1w
https://crworkspace.s3.ap-south-1.amazonaws.com/crdhs/private/2024/11/6/recording.mp3,--HarojsWojLTjUTow1RHA
https://crworkspace.s3.ap-south-1.amazonaws.com/crdhs/private/2024/11/6/recording.mp3,--HarojsWojLTjUTow1RHA
https://crworkspace.s3.ap-south-1.amazonaws.com/crdhs/private/2024/11/6/recording.mp3,--HarojsWojLTjUTow1RHA
https://crworkspace.s3.ap-south-1.amazonaws.com/crdhs/private/2024/11/26/recording.mp3,-8AhiNg6tiGz8N7jiEqUFA
https://crworkspace.s3.ap-south-1.amazonaws.com/crdhs/private/2024/9/27/recording6017867270755568803.mp3,3dLQYfrXUq5ZsKFXX90A5g
https://crworkspace.s3.ap-south-1.amazonaws.com/crdhs/private/2024/9/27/recording13610694017049262307.mp3,FaoD6YJt6grEwV5aOHlTrA
https://crworkspace.s3.ap-south-1.amazonaws.com/crdhs/private/2024/9/27/recording1591438854160946493.mp3,MUQCxkt82WDDImPIBez6VQ
https://crworkspace.s3.ap-south-1.amazonaws.com/crdhs/private/2024/11/26/recording.mp3,-8AhiNg6tiGz8N7jiEqUFA
https://crworkspace.s3.ap-south-1.amazonaws.com/crdhs/private/2024/11/6/recording.mp3,--HarojsWojLTjUTow1RHA
https://crworkspace.s3.ap-south-1.amazonaws.com/crdhs/private/2024/9/26/recording13735715675901827497.mp3,UviF6DpTEeelwKdQ0_d9Pw
https://crworkspace.s3.ap-south-1.amazonaws.com/crdhs/private/2024/11/26/recording.mp3,-8AhiNg6tiGz8N7jiEqUFA
https://crworkspace.s3.ap-south-1.amazonaws.com/crdhs/private/2024/11/6/recording.mp3,--HarojsWojLTjUTow1RHA
https://crworkspace.s3.ap-south-1.amazonaws.com/crdhs/private/2024/9/27/recording8478591259859808101.mp3,WYr2L83qg6vw7dPLLGmY6Q
https://crworkspace.s3.ap-south-1.amazonaws.com/crdhs/private/2024/9/23/recording263170846903128434.mp3,AVG8llHJsMqrc52ncgc0xA
https://crworkspace.s3.ap-south-1.amazonaws.com/crdhs/private/2024/11/21/recording.mp3,--CsMlwV1w_m0om101_Z1w
https://crworkspace.s3.ap-south-1.amazonaws.com/crdhs/private/2024/10/6/recording10585337768630600667.mp3,u3FcJyAHvVcxvtFGbj6GvA
https://crworkspace.s3.ap-south-1.amazonaws.com/crdhs/private/2024/11/6/recording.mp3,--HarojsWojLTjUTow1RHA
https://crworkspace.s3.ap-south-1.amazonaws.com/crdhs/private/2024/11/21/recording.mp3,--CsMlwV1w_m0om101_Z1w
https://crworkspace.s3.ap-south-1.amazonaws.com/crdhs/private/2024/9/23/recording16652539310504252967.mp3,sJDfJGbgqdNEdSJDxRG62w
https://crworkspace.s3.ap-south-1.amazonaws.com/crdhs/private/2024/9/24/recording13792812972117079494.mp3,1u_5LmRPCa9SezyAyFjaiw
https://crworkspace.s3.ap-south-1.amazonaws.com/crdhs/private/2024/9/24/recording10001368578250029738.mp3,iWHUfDNVWpufZkJ0dPNd8w
https://crworkspace.s3.ap-south-1.amazonaws.com/crdhs/private/2024/9/20/recording17844376986329388438.mp3,AT2SuJb7QP593b1P5IoOuw
https://crworkspace.s3.ap-south-1.amazonaws.com/crdhs/private/2024/11/6/recording.mp3,--HarojsWojLTjUTow1RHA
https://crworkspace.s3.ap-south-1.amazonaws.com/crdhs/private/2024/9/26/recording3272076283555225934.mp3,g5ko2uA-cNQnF-Zo4jr5oA
https://crworkspace.s3.ap-south-1.amazonaws.com/crdhs/private/2024/9/25/recording8623056081809233103.mp3,Jwt8t8FjT5BWbrAE2kkAbQ
https://crworkspace.s3.ap-south-1.amazonaws.com/crdhs/private/2024/11/26/recording.mp3,-8AhiNg6tiGz8N7jiEqUFA
https://crworkspace.s3.ap-south-1.amazonaws.com/crdhs/private/2024/9/27/recording11330916441823597487.mp3,6YZ9tmBe-73QNF3QxS7X9Q
https://crworkspace.s3.ap-south-1.amazonaws.com/crdhs/private/2024/10/6/recording4789040747357742239.mp3,H_XKahdsH7RenL8aPLcFUg
https://crworkspace.s3.ap-south-1.amazonaws.com/crdhs/private/2024/9/20/recording11303338798061041724.mp3,kRj5bbPZEmsMab8eUFxw1w
https://crworkspace.s3.ap-south-1.amazonaws.com/crdhs/private/2024/9/25/recording2747444466576224612.mp3,2563fGoEarbUqbliI6s1sw
https://crworkspace.s3.ap-south-1.amazonaws.com/crdhs/private/2024/9/20/recording5624941544108980201.mp3,RHXu05tnamVTljMBtBR9ZQ
https://crworkspace.s3.ap-south-1.amazonaws.com/crdhs/private/2024/9/25/recording17066273149224595186.mp3,b7jwV3dbpdxFzwUdllUrXg
https://crworkspace.s3.ap-south-1.amazonaws.com/crdhs/private/2024/9/23/recording14221020280130498491.mp3,eZ7ZGEXRBUGI6CtSXeEAPQ
https://crworkspace.s3.ap-south-1.amazonaws.com/crdhs/private/2024/9/23/recording17198789856247696798.mp3,25BfeEW7CxFBJbjHzXlADw
https://crworkspace.s3.ap-south-1.amazonaws.com/crdhs/private/2024/9/23/recording15200533687461774887.mp3,xjjfq3G0kUw-tw_f0sQAsg
https://crworkspace.s3.ap-south-1.amazonaws.com/crdhs/private/2024/9/25/recording12240248949928605231.mp3,r67vv0c19dNkN9t6_ZomCA
https://crworkspace.s3.ap-south-1.amazonaws.com/crdhs/private/2024/9/23/recording2000400062927171445.mp3,S_InHobRQ-xK-B9yTTlqAQ
https://crworkspace.s3.ap-south-1.amazonaws.com/crdhs/private/2024/11/21/recording.mp3,--CsMlwV1w_m0om101_Z1w
https://crworkspace.s3.ap-south-1.amazonaws.com/crdhs/private/2024/9/26/recording6963299452076323722.mp3,FRLCKTRG_ew3XOrm_PUTlg
https://crworkspace.s3.ap-south-1.amazonaws.com/crdhs/private/2024/11/21/recording.mp3,--CsMlwV1w_m0om101_Z1w
https://crworkspace.s3.ap-south-1.amazonaws.com/crdhs/private/2024/11/21/recording.mp3,--CsMlwV1w_m0om101_Z1w
https://crworkspace.s3.ap-south-1.amazonaws.com/crdhs/private/2024/9/23/recording3730240677378578101.mp3,_E5XgdCNbLSgYJFlBoii7Q
https://crworkspace.s3.ap-south-1.amazonaws.com/crdhs/private/2024/9/24/recording12351491261983622593.mp3,yw_BytCAjQWU6S440yMeqw
https://crworkspace.s3.ap-south-1.amazonaws.com/crdhs/private/2024/9/23/recording9902985014144213310.mp3,la5TGzlICmf6w02Ha4hT8Q
https://crworkspace.s3.ap-south-1.amazonaws.com/crdhs/private/2024/11/21/recording.mp3,--CsMlwV1w_m0om101_Z1w
https://crworkspace.s3.ap-south-1.amazonaws.com/crdhs/private/2024/9/27/recording6737556262768993255.mp3,b9vwt467N1WWfYxG4n6Etw
https://crworkspace.s3.ap-south-1.amazonaws.com/crdhs/private/2024/11/6/recording.mp3,--HarojsWojLTjUTow1RHA
https://crworkspace.s3.ap-south-1.amazonaws.com/crdhs/private/2024/9/24/recording14140742367785129421.mp3,drt9bH_pEjIuWPjWi-kzvw
https://crworkspace.s3.ap-south-1.amazonaws.com/crdhs/private/2024/11/21/recording.mp3,--CsMlwV1w_m0om101_Z1w
https://crworkspace.s3.ap-south-1.amazonaws.com/crdhs/private/2024/9/24/recording8839633496901739197.mp3,97YVltHu5FimMNdz8hI9dw
https://crworkspace.s3.ap-south-1.amazonaws.com/crdhs/private/2024/9/21/recording3577209778751153889.mp3,7RDRSt1AwJd-PsG9ok9uCA
https://crworkspace.s3.ap-south-1.amazonaws.com/crdhs/private/2024/9/24/recording11055303204516443463.mp3,GnlBQuvINUaQqIkzKK23zQ
https://crworkspace.s3.ap-south-1.amazonaws.com/crdhs/private/2024/9/21/recording2716750548580049089.mp3,2G6e26J7gc_1irlBk70qGg
https://crworkspace.s3.ap-south-1.amazonaws.com/crdhs/private/2024/9/24/recording11024649640337845786.mp3,CwSYcH9FNJkwoQPLLEnaAw
https://crworkspace.s3.ap-south-1.amazonaws.com/crdhs/private/2024/9/26/recording2457488178119445185.mp3,QvW8EW2TFEACGYidd00z0A
https://crworkspace.s3.ap-south-1.amazonaws.com/crdhs/private/2024/11/6/recording.mp3,--HarojsWojLTjUTow1RHA
https://crworkspace.s3.ap-south-1.amazonaws.com/crdhs/private/2024/11/6/recording.mp3,--HarojsWojLTjUTow1RHA
https://crworkspace.s3.ap-south-1.amazonaws.com/crdhs/private/2024/11/6/recording.mp3,--HarojsWojLTjUTow1RHA
https://crworkspace.s3.ap-south-1.amazonaws.com/crdhs/private/2024/11/21/recording.mp3,--CsMlwV1w_m0om101_Z1w
https://crworkspace.s3.ap-south-1.amazonaws.com/crdhs/private/2024/9/20/recording9536045254558067080.mp3,JD9NBnQW6-qG5RyirqoS0g
https://crworkspace.s3.ap-south-1.amazonaws.com/crdhs/private/2024/10/6/recording2349405447198953588.mp3,N21sMHzn0i4eLkZc5lFKPw
https://crworkspace.s3.ap-south-1.amazonaws.com/crdhs/private/2024/9/23/recording15193401285828442234.mp3,56V7HLOqdoL2BYDVk6mSGw
https://crworkspace.s3.ap-south-1.amazonaws.com/crdhs/private/2024/9/24/recording17185865944688136729.mp3,69X1vHKAwYsY5wdLlJaN-Q
https://crworkspace.s3.ap-south-1.amazonaws.com/crdhs/private/2024/10/7/recording941015462420177599.mp3,Ah2ncn3i4EQVNvz3-_rrCw
https://crworkspace.s3.ap-south-1.amazonaws.com/crdhs/private/2024/9/25/recording15412789575834623792.mp3,9AFgvOTn5uUBHdcYcxm9Kw
https://crworkspace.s3.ap-south-1.amazonaws.com/crdhs/private/2024/10/7/recording462328744485593659.mp3,82A8JNdzXH5lvoYaPj607g
https://crworkspace.s3.ap-south-1.amazonaws.com/crdhs/private/2024/11/6/recording.mp3,--HarojsWojLTjUTow1RHA
https://crworkspace.s3.ap-south-1.amazonaws.com/crdhs/private/2024/11/6/recording.mp3,--HarojsWojLTjUTow1RHA
https://crworkspace.s3.ap-south-1.amazonaws.com/crdhs/private/2024/11/6/recording.mp3,--HarojsWojLTjUTow1RHA
https://crworkspace.s3.ap-south-1.amazonaws.com/crdhs/private/2024/10/6/recording14111569412469329508.mp3,t9eGFFIQEbxyqEtyMZyOtQ
https://crworkspace.s3.ap-south-1.amazonaws.com/crdhs/private/2024/9/26/recording17213531544055468540.mp3,52BFHK6tsKBCVW08FccmMw
https://crworkspace.s3.ap-south-1.amazonaws.com/crdhs/private/2024/10/6/recording5662114413815475263.mp3,KEwGVL6s9QSp-Cxq75TluA
https://crworkspace.s3.ap-south-1.amazonaws.com/crdhs/private/2024/9/26/recording10979582609916196577.mp3,fnupMqMUWdFFe9EThBAvyA
https://crworkspace.s3.ap-south-1.amazonaws.com/crdhs/private/2024/11/6/recording.mp3,--HarojsWojLTjUTow1RHA
https://crworkspace.s3.ap-south-1.amazonaws.com/crdhs/private/2024/9/24/recording794882345366208354.mp3,Lt2DPBjsmYUwaV-k54SpmA
https://crworkspace.s3.ap-south-1.amazonaws.com/crdhs/private/2024/11/6/recording.mp3,--HarojsWojLTjUTow1RHA
https://crworkspace.s3.ap-south-1.amazonaws.com/crdhs/private/2024/11/6/recording.mp3,--HarojsWojLTjUTow1RHA
https://crworkspace.s3.ap-south-1.amazonaws.com/crdhs/private/2024/11/21/recording.mp3,--CsMlwV1w_m0om101_Z1w
https://crworkspace.s3.ap-south-1.amazonaws.com/crdhs/private/2024/10/6/recording10284921362958164742.mp3,X7nuvYycAvOHV0Gc9XOpKw
https://crworkspace.s3.ap-south-1.amazonaws.com/crdhs/private/2024/9/21/recording13349540178075810718.mp3,Pz7ia332ZWR43s3Udagc0w
https://crworkspace.s3.ap-south-1.amazonaws.com/crdhs/private/2024/9/23/recording4596430523061066978.mp3,ZeCWsFMAI_9oTI3VXczkBQ
https://crworkspace.s3.ap-south-1.amazonaws.com/crdhs/private/2024/11/6/recording.mp3,--HarojsWojLTjUTow1RHA
https://crworkspace.s3.ap-south-1.amazonaws.com/crdhs/private/2024/10/6/recording4291896984854620973.mp3,qd_CikqEigscp_h21eZKjw
https://crworkspace.s3.ap-south-1.amazonaws.com/crdhs/private/2024/9/24/recording12746024528168356888.mp3,MAf1-5PlY7loQoYCAElh4Q
https://crworkspace.s3.ap-south-1.amazonaws.com/crdhs/private/2024/11/6/recording.mp3,--HarojsWojLTjUTow1RHA
https://crworkspace.s3.ap-south-1.amazonaws.com/crdhs/private/2024/10/6/recording1658823481796780051.mp3,DUzkNEenCMyG-kLgsPcvCw
https://crworkspace.s3.ap-south-1.amazonaws.com/crdhs/private/2024/9/24/recording13285828607088126720.mp3,JjA9TM8zgJKUWd74CJwEFQ
https://crworkspace.s3.ap-south-1.amazonaws.com/crdhs/private/2024/9/26/recording9810826465964628896.mp3,e0s7873nC14w-IahVGqMtw
https://crworkspace.s3.ap-south-1.amazonaws.com/crdhs/private/2024/11/6/recording.mp3,--HarojsWojLTjUTow1RHA
https://crworkspace.s3.ap-south-1.amazonaws.com/crdhs/private/2024/9/23/recording15528293181786674128.mp3,juB5WtHIEgQhMZlrbQ0VHg
https://crworkspace.s3.ap-south-1.amazonaws.com/crdhs/private/2024/9/20/recording11202939677969233046.mp3,LoQ5Tun1lc7lOajF-aYIBg
https://crworkspace.s3.ap-south-1.amazonaws.com/crdhs/private/2024/10/7/recording14569663730511040241.mp3,95EwiR48Tjl3qSKBJv6MnA
https://crworkspace.s3.ap-south-1.amazonaws.com/crdhs/private/2024/9/24/recording6338365149382738284.mp3,-MUQpKNozRtGfOp0ePwkfA
https://crworkspace.s3.ap-south-1.amazonaws.com/crdhs/private/2024/9/24/recording968361813782993457.mp3,j8zBHwcBWEODu20Esye1VQ
https://crworkspace.s3.ap-south-1.amazonaws.com/crdhs/private/2024/9/21/recording9312261573023823959.mp3,ET0ygpezMKZhk8-AjqGuzg
https://crworkspace.s3.ap-south-1.amazonaws.com/crdhs/private/2024/9/26/recording10750354356845707752.mp3,2cqyp-5ux0vqH16AZP910Q
https://crworkspace.s3.ap-south-1.amazonaws.com/crdhs/private/2024/9/26/recording10567021425631545994.mp3,eLGL73-ZjIrnVur5YyaWpg
https://crworkspace.s3.ap-south-1.amazonaws.com/crdhs/private/2024/11/6/recording.mp3,--HarojsWojLTjUTow1RHA
https://crworkspace.s3.ap-south-1.amazonaws.com/crdhs/private/2024/9/24/recording17850308035416399874.mp3,7FdXqJTE6Vv1HAPKx2wxYg
https://crworkspace.s3.ap-south-1.amazonaws.com/crdhs/private/2024/11/6/recording.mp3,--HarojsWojLTjUTow1RHA
https://crworkspace.s3.ap-south-1.amazonaws.com/crdhs/private/2024/9/24/recording5851155851697745650.mp3,qhs3Ys0IjSqx2p_DOcCR2A
https://crworkspace.s3.ap-south-1.amazonaws.com/crdhs/private/2024/11/21/recording.mp3,--CsMlwV1w_m0om101_Z1w
https://crworkspace.s3.ap-south-1.amazonaws.com/crdhs/private/2024/9/24/recording5626898094085022962.mp3,5_SSWPqddhxpwpHqtr-L-g
https://crworkspace.s3.ap-south-1.amazonaws.com/crdhs/private/2024/9/27/recording5860968372161993453.mp3,BGlVGWApn6OxSim9Siofdw
https://crworkspace.s3.ap-south-1.amazonaws.com/crdhs/private/2024/10/7/recording4975383739205793346.mp3,giR5TzSQdSBTy--bY9rAFw
https://crworkspace.s3.ap-south-1.amazonaws.com/crdhs/private/2024/10/7/recording5282072538729736111.mp3,xC_kdGxIq-cS0UocCtGRnw
https://crworkspace.s3.ap-south-1.amazonaws.com/crdhs/private/2024/9/26/recording760778666258056794.mp3,nBGvnxNg1isPMsrX8tohbg
https://crworkspace.s3.ap-south-1.amazonaws.com/crdhs/private/2024/11/6/recording.mp3,--HarojsWojLTjUTow1RHA
https://crworkspace.s3.ap-south-1.amazonaws.com/crdhs/private/2024/11/6/recording.mp3,--HarojsWojLTjUTow1RHA
https://crworkspace.s3.ap-south-1.amazonaws.com/crdhs/private/2024/11/6/recording.mp3,--HarojsWojLTjUTow1RHA
https://crworkspace.s3.ap-south-1.amazonaws.com/crdhs/private/2024/9/26/recording14260937050261889628.mp3,d1Qk3EovIbKa1x7xsot7PQ
https://crworkspace.s3.ap-south-1.amazonaws.com/crdhs/private/2024/9/26/recording6270890348289699038.mp3,Ge6DX0GI1d0l72T4moUbPw
https://crworkspace.s3.ap-south-1.amazonaws.com/crdhs/private/2024/11/6/recording.mp3,--HarojsWojLTjUTow1RHA
https://crworkspace.s3.ap-south-1.amazonaws.com/crdhs/private/2024/11/6/recording.mp3,--HarojsWojLTjUTow1RHA
https://crworkspace.s3.ap-south-1.amazonaws.com/crdhs/private/2024/10/6/recording7298352355240061801.mp3,KMdXDIS3gEsHr_ExBPtsgw
https://crworkspace.s3.ap-south-1.amazonaws.com/crdhs/private/2024/9/25/recording11670317406017596833.mp3,iTqPj-XSkty8KSWPCrE9-w
https://crworkspace.s3.ap-south-1.amazonaws.com/crdhs/private/2024/9/24/recording1020571086330748727.mp3,yuPIbAGbcraDRNb10apAlA
https://crworkspace.s3.ap-south-1.amazonaws.com/crdhs/private/2024/10/6/recording3537588142045568861.mp3,OcEJsWVBlkytalTnMvCugg
https://crworkspace.s3.ap-south-1.amazonaws.com/crdhs/private/2024/10/7/recording12524015711960941616.mp3,CVF0bW38FB-8sciqCkNBMQ
https://crworkspace.s3.ap-south-1.amazonaws.com/crdhs/private/2024/9/23/recording14723078139927809.mp3,806jjR1NYVOu9ukSRuTPQg
https://crworkspace.s3.ap-south-1.amazonaws.com/crdhs/private/2024/9/25/recording3313607186365446529.mp3,l-qP51nqI7p0-UzMDZUqDA
https://crworkspace.s3.ap-south-1.amazonaws.com/crdhs/private/2024/11/6/recording.mp3,--HarojsWojLTjUTow1RHA
https://crworkspace.s3.ap-south-1.amazonaws.com/crdhs/private/2024/11/6/recording.mp3,--HarojsWojLTjUTow1RHA
https://crworkspace.s3.ap-south-1.amazonaws.com/crdhs/private/2024/11/6/recording.mp3,--HarojsWojLTjUTow1RHA
https://crworkspace.s3.ap-south-1.amazonaws.com/crdhs/private/2024/9/23/recording5458856482143163059.mp3,JxNRB9yVpdAJBXc1GOg9lQ
https://crworkspace.s3.ap-south-1.amazonaws.com/crdhs/private/2024/11/6/recording.mp3,--HarojsWojLTjUTow1RHA
https://crworkspace.s3.ap-south-1.amazonaws.com/crdhs/private/2024/9/27/recording14789505458274986054.mp3,dz5sdVPplPV2najCC01K4Q
https://crworkspace.s3.ap-south-1.amazonaws.com/crdhs/private/2024/11/21/recording.mp3,--CsMlwV1w_m0om101_Z1w
https://crworkspace.s3.ap-south-1.amazonaws.com/crdhs/private/2024/9/21/recording7123295223919461051.mp3,jFVS1wyb_gmAaRp74P0yVQ
https://crworkspace.s3.ap-south-1.amazonaws.com/crdhs/private/2024/11/21/recording.mp3,--CsMlwV1w_m0om101_Z1w
https://crworkspace.s3.ap-south-1.amazonaws.com/crdhs/private/2024/11/6/recording.mp3,--HarojsWojLTjUTow1RHA
https://crworkspace.s3.ap-south-1.amazonaws.com/crdhs/private/2024/11/26/recording.mp3,-8AhiNg6tiGz8N7jiEqUFA
https://crworkspace.s3.ap-south-1.amazonaws.com/crdhs/private/2024/11/6/recording.mp3,--HarojsWojLTjUTow1RHA
https://crworkspace.s3.ap-south-1.amazonaws.com/crdhs/private/2024/9/26/recording7187945429612372170.mp3,0Q4kJ9gA4spXxt67FN2ffQ
https://crworkspace.s3.ap-south-1.amazonaws.com/crdhs/private/2024/9/27/recording3496371812695853374.mp3,i19EUo7FrMXMfpozaKG2xw
https://crworkspace.s3.ap-south-1.amazonaws.com/crdhs/private/2024/11/6/recording.mp3,--HarojsWojLTjUTow1RHA
https://crworkspace.s3.ap-south-1.amazonaws.com/crdhs/private/2024/11/21/recording.mp3,--CsMlwV1w_m0om101_Z1w
https://crworkspace.s3.ap-south-1.amazonaws.com/crdhs/private/2024/10/7/recording10566396419090906872.mp3,Q5NHrVsi4cHoT-t1tg9JeQ
https://crworkspace.s3.ap-south-1.amazonaws.com/crdhs/private/2024/9/24/recording18393020105750902094.mp3,rKaHBs85jZQ3rW2-4ZdU_g
https://crworkspace.s3.ap-south-1.amazonaws.com/crdhs/private/2024/11/6/recording.mp3,--HarojsWojLTjUTow1RHA
https://crworkspace.s3.ap-south-1.amazonaws.com/crdhs/private/2024/11/21/recording.mp3,--CsMlwV1w_m0om101_Z1w
https://crworkspace.s3.ap-south-1.amazonaws.com/crdhs/private/2024/10/7/recording9917387765034327402.mp3,WAsipqp32m51RldQ-pfFUQ
https://crworkspace.s3.ap-south-1.amazonaws.com/crdhs/private/2024/9/26/recording10358431882001480187.mp3,cP9RIsoVW4O2I74YLaeMeA
https://crworkspace.s3.ap-south-1.amazonaws.com/crdhs/private/2024/11/6/recording.mp3,--HarojsWojLTjUTow1RHA
https://crworkspace.s3.ap-south-1.amazonaws.com/crdhs/private/2024/9/23/recording13989591883405392944.mp3,qPZP3KhDJy6GnmQgbysPvw
https://crworkspace.s3.ap-south-1.amazonaws.com/crdhs/private/2024/9/24/recording13523433207511905913.mp3,Xql1pgWqHz1pvkmtk5s7Fw
https://crworkspace.s3.ap-south-1.amazonaws.com/crdhs/private/2024/9/24/recording13193949940578485460.mp3,WiGer-wuzMJCR_EX81EtYA
https://crworkspace.s3.ap-south-1.amazonaws.com/crdhs/private/2024/11/6/recording.mp3,--HarojsWojLTjUTow1RHA
https://crworkspace.s3.ap-south-1.amazonaws.com/crdhs/private/2024/11/6/recording.mp3,--HarojsWojLTjUTow1RHA
https://crworkspace.s3.ap-south-1.amazonaws.com/crdhs/private/2024/11/6/recording.mp3,--HarojsWojLTjUTow1RHA
https://crworkspace.s3.ap-south-1.amazonaws.com/crdhs/private/2024/10/7/recording5695901730606610664.mp3,IJTDINiz9dOXQ1_3o5mtWA
https://crworkspace.s3.ap-south-1.amazonaws.com/crdhs/private/2024/9/23/recording12648607864496911549.mp3,0Eqamtj_MFCWHhCWUo0ogQ
https://crworkspace.s3.ap-south-1.amazonaws.com/crdhs/private/2024/9/23/recording2497196052098777537.mp3,x1YX98NnuE2mEwiRKEu8Jg
https://crworkspace.s3.ap-south-1.amazonaws.com/crdhs/private/2024/11/6/recording.mp3,--HarojsWojLTjUTow1RHA
https://crworkspace.s3.ap-south-1.amazonaws.com/crdhs/private/2024/11/6/recording.mp3,--HarojsWojLTjUTow1RHA
https://crworkspace.s3.ap-south-1.amazonaws.com/crdhs/private/2024/11/6/recording.mp3,--HarojsWojLTjUTow1RHA
https://crworkspace.s3.ap-south-1.amazonaws.com/crdhs/private/2024/11/6/recording.mp3,--HarojsWojLTjUTow1RHA
https://crworkspace.s3.ap-south-1.amazonaws.com/crdhs/private/2024/11/6/recording.mp3,--HarojsWojLTjUTow1RHA
https://crworkspace.s3.ap-south-1.amazonaws.com/crdhs/private/2024/10/7/recording7749009850874565563.mp3,Y9nf3hTf01e96s6imlR4qw
https://crworkspace.s3.ap-south-1.amazonaws.com/crdhs/private/2024/11/21/recording.mp3,--CsMlwV1w_m0om101_Z1w
https://crworkspace.s3.ap-south-1.amazonaws.com/crdhs/private/2024/11/6/recording.mp3,--HarojsWojLTjUTow1RHA
https://crworkspace.s3.ap-south-1.amazonaws.com/crdhs/private/2024/9/26/recording3829490537477384561.mp3,zVwLj7TUcqGellCb8vzJRw
https://crworkspace.s3.ap-south-1.amazonaws.com/crdhs/private/2024/11/6/recording.mp3,--HarojsWojLTjUTow1RHA
https://crworkspace.s3.ap-south-1.amazonaws.com/crdhs/private/2024/9/24/recording5773787051573059463.mp3,DrP4PJs23rOO5CVX4rlT0w
https://crworkspace.s3.ap-south-1.amazonaws.com/crdhs/private/2024/11/6/recording.mp3,--HarojsWojLTjUTow1RHA
https://crworkspace.s3.ap-south-1.amazonaws.com/crdhs/private/2024/11/6/recording.mp3,--HarojsWojLTjUTow1RHA
https://crworkspace.s3.ap-south-1.amazonaws.com/crdhs/private/2024/10/7/recording4229699542496773005.mp3,sG0ZP3VyHlYUH14fGEvreg
https://crworkspace.s3.ap-south-1.amazonaws.com/crdhs/private/2024/11/6/recording.mp3,--HarojsWojLTjUTow1RHA
https://crworkspace.s3.ap-south-1.amazonaws.com/crdhs/private/2024/9/20/recording10169311810391628114.mp3,uHUKlg3_RJuW2ksIhBxEZw
https://crworkspace.s3.ap-south-1.amazonaws.com/crdhs/private/2024/9/20/recording4714220605434804829.mp3,GDhSwrlg-OlpyK9s6VXteg
https://crworkspace.s3.ap-south-1.amazonaws.com/crdhs/private/2024/10/7/recording14681613226730458150.mp3,i5SGCOjsdKzTx3Uu--9UeA
https://crworkspace.s3.ap-south-1.amazonaws.com/crdhs/private/2024/9/24/recording16058936199857389536.mp3,lc8Cw21JSWbs5nySyhp4og
https://crworkspace.s3.ap-south-1.amazonaws.com/crdhs/private/2024/10/6/recording786935264289347846.mp3,ldMBvjrIKZrY7z9CmzmjDw
https://crworkspace.s3.ap-south-1.amazonaws.com/crdhs/private/2024/11/21/recording.mp3,--CsMlwV1w_m0om101_Z1w
https://crworkspace.s3.ap-south-1.amazonaws.com/crdhs/private/2024/9/24/recording7419014386283575389.mp3,dgsAM6gDJl_rNKx-8c1FVQ
https://crworkspace.s3.ap-south-1.amazonaws.com/crdhs/private/2024/11/21/recording.mp3,--CsMlwV1w_m0om101_Z1w
https://crworkspace.s3.ap-south-1.amazonaws.com/crdhs/private/2024/11/6/recording.mp3,--HarojsWojLTjUTow1RHA
https://crworkspace.s3.ap-south-1.amazonaws.com/crdhs/private/2024/10/6/recording9699279914164220741.mp3,NoHqpu0g8lGKTUXy_xJUmg
https://crworkspace.s3.ap-south-1.amazonaws.com/crdhs/private/2024/9/23/recording3439377172093555688.mp3,2p2OIuHrXcNFvYQ_XjiBHA
https://crworkspace.s3.ap-south-1.amazonaws.com/crdhs/private/2024/11/6/recording.mp3,--HarojsWojLTjUTow1RHA
https://crworkspace.s3.ap-south-1.amazonaws.com/crdhs/private/2024/9/21/recording4917886265155531510.mp3,6G_R4VR4YYP9yxNG__cihA
https://crworkspace.s3.ap-south-1.amazonaws.com/crdhs/private/2024/9/26/recording6112656728872725927.mp3,JXAFHQEZGc-rrN7PRHAJAg
https://crworkspace.s3.ap-south-1.amazonaws.com/crdhs/private/2024/9/25/recording14927001960784692717.mp3,bwjvC1P-43FRCEASDNRf1A
https://crworkspace.s3.ap-south-1.amazonaws.com/crdhs/private/2024/11/6/recording.mp3,--HarojsWojLTjUTow1RHA
https://crworkspace.s3.ap-south-1.amazonaws.com/crdhs/private/2024/9/26/recording496732638196615058.mp3,_HL6AwfTig7nmYIHr87Tuw
https://crworkspace.s3.ap-south-1.amazonaws.com/crdhs/private/2024/9/27/recording6867694256596567976.mp3,mNHqv-2WFhC94oIG44aJmQ
https://crworkspace.s3.ap-south-1.amazonaws.com/crdhs/private/2024/9/24/recording2948226951846731390.mp3,r3lZvEsxGZmm5Ell6hcu_g
https://crworkspace.s3.ap-south-1.amazonaws.com/crdhs/private/2024/11/6/recording.mp3,--HarojsWojLTjUTow1RHA
https://crworkspace.s3.ap-south-1.amazonaws.com/crdhs/private/2024/11/21/recording.mp3,--CsMlwV1w_m0om101_Z1w
https://crworkspace.s3.ap-south-1.amazonaws.com/crdhs/private/2024/10/6/recording18095480491706206799.mp3,qUIOZj_0uCzH_9OR021ggg
https://crworkspace.s3.ap-south-1.amazonaws.com/crdhs/private/2024/11/6/recording.mp3,--HarojsWojLTjUTow1RHA
https://crworkspace.s3.ap-south-1.amazonaws.com/crdhs/private/2024/9/27/recording13158639378196336631.mp3,nZdHDxsiDOhxF011Uv0kXQ
https://crworkspace.s3.ap-south-1.amazonaws.com/crdhs/private/2024/11/6/recording.mp3,--HarojsWojLTjUTow1RHA
https://crworkspace.s3.ap-south-1.amazonaws.com/crdhs/private/2024/11/6/recording.mp3,--HarojsWojLTjUTow1RHA
https://crworkspace.s3.ap-south-1.amazonaws.com/crdhs/private/2024/9/26/recording112212749835426070.mp3,1KzoczFI1iDPteiOsYBILg
https://crworkspace.s3.ap-south-1.amazonaws.com/crdhs/private/2024/11/6/recording.mp3,--HarojsWojLTjUTow1RHA
https://crworkspace.s3.ap-south-1.amazonaws.com/crdhs/private/2024/9/24/recording3389646324548912514.mp3,ZPccu6kCwYi90YCNrQVRvg
https://crworkspace.s3.ap-south-1.amazonaws.com/crdhs/private/2024/9/26/recording3911285092087589607.mp3,QqrSIrsCBg3esMcPtmIfKg
https://crworkspace.s3.ap-south-1.amazonaws.com/crdhs/private/2024/11/6/recording.mp3,--HarojsWojLTjUTow1RHA
https://crworkspace.s3.ap-south-1.amazonaws.com/crdhs/private/2024/9/23/recording5919716838959616858.mp3,RqimulmWAza0ggzniYr4AQ
https://crworkspace.s3.ap-south-1.amazonaws.com/crdhs/private/2024/11/6/recording.mp3,--HarojsWojLTjUTow1RHA
https://crworkspace.s3.ap-south-1.amazonaws.com/crdhs/private/2024/11/21/recording.mp3,--CsMlwV1w_m0om101_Z1w
https://crworkspace.s3.ap-south-1.amazonaws.com/crdhs/private/2024/9/26/recording13394581719145946002.mp3,htmpldOD-LIADslucWRJZA
https://crworkspace.s3.ap-south-1.amazonaws.com/crdhs/private/2024/9/27/recording15512821477357183760.mp3,vYy6QQROCCjLk2q9-Cw85w
https://crworkspace.s3.ap-south-1.amazonaws.com/crdhs/private/2024/9/20/recording18056833701325274610.mp3,NXcYNyUntroM7KQEMKcOtg
https://crworkspace.s3.ap-south-1.amazonaws.com/crdhs/private/2024/9/21/recording6802101539143240244.mp3,BKU1tJnD4DTKwqy9eQgdkA
https://crworkspace.s3.ap-south-1.amazonaws.com/crdhs/private/2024/9/27/recording1878725507295254684.mp3,PDqZULcno5JUzy5HWqRTng
https://crworkspace.s3.ap-south-1.amazonaws.com/crdhs/private/2024/11/6/recording.mp3,--HarojsWojLTjUTow1RHA
https://crworkspace.s3.ap-south-1.amazonaws.com/crdhs/private/2024/9/23/recording8824241518712942247.mp3,hLJPor1itjyEVHIKc_E1zQ
https://crworkspace.s3.ap-south-1.amazonaws.com/crdhs/private/2024/10/6/recording16383481936563911756.mp3,iCQ4s4tQk7_Fnw8m2ytvFA
https://crworkspace.s3.ap-south-1.amazonaws.com/crdhs/private/2024/9/20/recording5275844917555237132.mp3,0vAYlPKY9rspQnutjMKGHQ
https://crworkspace.s3.ap-south-1.amazonaws.com/crdhs/private/2024/9/21/recording8677625284353544245.mp3,7Fe16lIgA3tciqfQ0pnvHg
https://crworkspace.s3.ap-south-1.amazonaws.com/crdhs/private/2024/11/6/recording.mp3,--HarojsWojLTjUTow1RHA
https://crworkspace.s3.ap-south-1.amazonaws.com/crdhs/private/2024/10/7/recording13551941701093446939.mp3,wPwRDFuoBVwEfuXCvIQScQ
https://crworkspace.s3.ap-south-1.amazonaws.com/crdhs/private/2024/11/6/recording.mp3,--HarojsWojLTjUTow1RHA
https://crworkspace.s3.ap-south-1.amazonaws.com/crdhs/private/2024/11/6/recording.mp3,--HarojsWojLTjUTow1RHA
https://crworkspace.s3.ap-south-1.amazonaws.com/crdhs/private/2024/11/6/recording.mp3,--HarojsWojLTjUTow1RHA
https://crworkspace.s3.ap-south-1.amazonaws.com/crdhs/private/2024/9/23/recording11255534163817886203.mp3,WGiXZpjWR7XEun00QSf5Jw
https://crworkspace.s3.ap-south-1.amazonaws.com/crdhs/private/2024/9/23/recording16926345974435839428.mp3,ZCtXvCU5B0btd1yuTZA-8A
https://crworkspace.s3.ap-south-1.amazonaws.com/crdhs/private/2024/11/21/recording.mp3,--CsMlwV1w_m0om101_Z1w
https://crworkspace.s3.ap-south-1.amazonaws.com/crdhs/private/2024/9/24/recording3423201868775809524.mp3,HOOTqLHQuA_KZL4uMqH7MQ
https://crworkspace.s3.ap-south-1.amazonaws.com/crdhs/private/2024/11/21/recording.mp3,--CsMlwV1w_m0om101_Z1w
https://crworkspace.s3.ap-south-1.amazonaws.com/crdhs/private/2024/9/24/recording1524985582788816941.mp3,rtt-7sg94brUYR3NqYW9zA
https://crworkspace.s3.ap-south-1.amazonaws.com/crdhs/private/2024/11/6/recording.mp3,--HarojsWojLTjUTow1RHA
https://crworkspace.s3.ap-south-1.amazonaws.com/crdhs/private/2024/10/6/recording569423404065781679.mp3,lnGbFfXQTg4gmvVwPVAkhA
https://crworkspace.s3.ap-south-1.amazonaws.com/crdhs/private/2024/11/6/recording.mp3,--HarojsWojLTjUTow1RHA
https://crworkspace.s3.ap-south-1.amazonaws.com/crdhs/private/2024/11/6/recording.mp3,--HarojsWojLTjUTow1RHA
https://crworkspace.s3.ap-south-1.amazonaws.com/crdhs/private/2024/11/6/recording.mp3,--HarojsWojLTjUTow1RHA
https://crworkspace.s3.ap-south-1.amazonaws.com/crdhs/private/2024/11/6/recording.mp3,--HarojsWojLTjUTow1RHA
https://crworkspace.s3.ap-south-1.amazonaws.com/crdhs/private/2024/11/6/recording.mp3,--HarojsWojLTjUTow1RHA
https://crworkspace.s3.ap-south-1.amazonaws.com/crdhs/private/2024/11/6/recording.mp3,--HarojsWojLTjUTow1RHA
https://crworkspace.s3.ap-south-1.amazonaws.com/crdhs/private/2024/9/25/recording18373129457375640619.mp3,TF5WGq_12Tv-WSP6EXwd0w
https://crworkspace.s3.ap-south-1.amazonaws.com/crdhs/private/2024/9/23/recording18208345083061575983.mp3,PVEgpJat0pAYQpexj1JGtg
https://crworkspace.s3.ap-south-1.amazonaws.com/crdhs/private/2024/11/6/recording.mp3,--HarojsWojLTjUTow1RHA
https://crworkspace.s3.ap-south-1.amazonaws.com/crdhs/private/2024/11/6/recording.mp3,--HarojsWojLTjUTow1RHA
https://crworkspace.s3.ap-south-1.amazonaws.com/crdhs/private/2024/11/21/recording.mp3,--CsMlwV1w_m0om101_Z1w
https://crworkspace.s3.ap-south-1.amazonaws.com/crdhs/private/2024/11/6/recording.mp3,--HarojsWojLTjUTow1RHA
https://crworkspace.s3.ap-south-1.amazonaws.com/crdhs/private/2024/9/23/recording18123211799686801215.mp3,4GpSOchSzi5jzmKTphwYQw
https://crworkspace.s3.ap-south-1.amazonaws.com/crdhs/private/2024/11/6/recording.mp3,--HarojsWojLTjUTow1RHA
https://crworkspace.s3.ap-south-1.amazonaws.com/crdhs/private/2024/9/25/recording5570984098141910692.mp3,w3d6xPuQdRzIeTunxrbidQ
https://crworkspace.s3.ap-south-1.amazonaws.com/crdhs/private/2024/9/25/recording4116880776721570142.mp3,T2NA8_LlC7cbPYotG89keA
https://crworkspace.s3.ap-south-1.amazonaws.com/crdhs/private/2024/11/6/recording.mp3,--HarojsWojLTjUTow1RHA
https://crworkspace.s3.ap-south-1.amazonaws.com/crdhs/private/2024/9/27/recording11992824398480211682.mp3,MBT3v0pnitpNSJBt2bop7Q
https://crworkspace.s3.ap-south-1.amazonaws.com/crdhs/private/2024/9/23/recording16349446952118291021.mp3,-u8l8eIujDL1c1vvOcyYMA
https://crworkspace.s3.ap-south-1.amazonaws.com/crdhs/private/2024/9/23/recording3417444937450402168.mp3,jA-KZeJd1SVdpKknCbJ17w
https://crworkspace.s3.ap-south-1.amazonaws.com/crdhs/private/2024/9/23/recording1748115852686478330.mp3,55gkDHW7aceNHGTVdv5qfA
https://crworkspace.s3.ap-south-1.amazonaws.com/crdhs/private/2024/10/6/recording15501109901548116753.mp3,w7JQQVD--CQKVR0RZJGGCQ
https://crworkspace.s3.ap-south-1.amazonaws.com/crdhs/private/2024/9/23/recording17056443411236925025.mp3,deAaDoo5s_I-amT4lM3CtA
https://crworkspace.s3.ap-south-1.amazonaws.com/crdhs/private/2024/9/24/recording2202188060644226599.mp3,Lm5x_N-CI1rGfjVfQdbWFw
https://crworkspace.s3.ap-south-1.amazonaws.com/crdhs/private/2024/9/24/recording2184286699621538621.mp3,wGv8Y2cHujvG7IlUzXz-GQ
https://crworkspace.s3.ap-south-1.amazonaws.com/crdhs/private/2024/9/23/recording11154416036408519938.mp3,9OwXPJfY9jft2FrNDKvrjw
https://crworkspace.s3.ap-south-1.amazonaws.com/crdhs/private/2024/10/6/recording10303321242838809404.mp3,4zB7SYPuFO-jhV90Q8kIIg
https://crworkspace.s3.ap-south-1.amazonaws.com/crdhs/private/2024/9/23/recording2610686118063454632.mp3,XRjTVLwi9nePfuofjNo7Pg
https://crworkspace.s3.ap-south-1.amazonaws.com/crdhs/private/2024/9/24/recording3224555078651019721.mp3,QOXeXW7X9L1OQu2aM37Lcg
https://crworkspace.s3.ap-south-1.amazonaws.com/crdhs/private/2024/9/21/recording1849453984387132695.mp3,pshoQnBhHahpy55YC6Wb3w
https://crworkspace.s3.ap-south-1.amazonaws.com/crdhs/private/2024/9/20/recording236101665742665378.mp3,Koke8Wm3zQ0GWfaNdnor7w
https://crworkspace.s3.ap-south-1.amazonaws.com/crdhs/private/2024/9/23/recording6768982481783429935.mp3,-C0FtZtMvjitRoUICKV_Sw
https://crworkspace.s3.ap-south-1.amazonaws.com/crdhs/private/2024/9/21/recording2038497024642278892.mp3,m7gTgCIIBFYEDJmDO4hTsQ
https://crworkspace.s3.ap-south-1.amazonaws.com/crdhs/private/2024/11/6/recording.mp3,--HarojsWojLTjUTow1RHA
https://crworkspace.s3.ap-south-1.amazonaws.com/crdhs/private/2024/9/21/recording13819758370642910230.mp3,_qUSyppSMP-8T3p7K586vQ
https://crworkspace.s3.ap-south-1.amazonaws.com/crdhs/private/2024/9/20/recording15622540649208770767.mp3,lK9qviHQ2FmzoZXI1GOzgw
https://crworkspace.s3.ap-south-1.amazonaws.com/crdhs/private/2024/11/6/recording.mp3,--HarojsWojLTjUTow1RHA
https://crworkspace.s3.ap-south-1.amazonaws.com/crdhs/private/2024/10/6/recording17767749912038349975.mp3,V9bVn5H0E2MWvTl7fMclNA
https://crworkspace.s3.ap-south-1.amazonaws.com/crdhs/private/2024/9/21/recording12444857849281641007.mp3,QxCN1QIwiMWL28Zw8BN3bA
https://crworkspace.s3.ap-south-1.amazonaws.com/crdhs/private/2024/9/21/recording1264760560620647367.mp3,QEVbekfpGNbDc49OSOo5aQ
https://crworkspace.s3.ap-south-1.amazonaws.com/crdhs/private/2024/9/23/recording6240615224537994938.mp3,3zjuglyIjhe5gHqcfETcww
https://crworkspace.s3.ap-south-1.amazonaws.com/crdhs/private/2024/11/21/recording.mp3,--CsMlwV1w_m0om101_Z1w
https://crworkspace.s3.ap-south-1.amazonaws.com/crdhs/private/2024/9/23/recording2772577539417770295.mp3,n68HtdHqgFj99Cfh3956cA
https://crworkspace.s3.ap-south-1.amazonaws.com/crdhs/private/2024/9/23/recording2109632188111769531.mp3,2r9abdllwacJVgVARezpmQ
https://crworkspace.s3.ap-south-1.amazonaws.com/crdhs/private/2024/9/20/recording4241076641896538057.mp3,BVXdg_25vvRDPvo-DsXfeQ
https://crworkspace.s3.ap-south-1.amazonaws.com/crdhs/private/2024/10/6/recording13831578595487862480.mp3,SLcjxsJM6MLg_b_1LgQxkg
https://crworkspace.s3.ap-south-1.amazonaws.com/crdhs/private/2024/11/6/recording.mp3,--HarojsWojLTjUTow1RHA
https://crworkspace.s3.ap-south-1.amazonaws.com/crdhs/private/2024/9/24/recording18106205374528697416.mp3,d_jt_TH-4kbQ5BdWZqtHDg
https://crworkspace.s3.ap-south-1.amazonaws.com/crdhs/private/2024/9/24/recording14722197958360153273.mp3,6eaPMNnQqW0_3TnySU-6mw
https://crworkspace.s3.ap-south-1.amazonaws.com/crdhs/private/2024/11/21/recording.mp3,--CsMlwV1w_m0om101_Z1w
https://crworkspace.s3.ap-south-1.amazonaws.com/crdhs/private/2024/9/23/recording3639263558800555859.mp3,d-wP7oyt7K-pt65kVOM10g
https://crworkspace.s3.ap-south-1.amazonaws.com/crdhs/private/2024/9/23/recording11156194069917926735.mp3,fNu3RuwdYX90L14KcuOTEQ
https://crworkspace.s3.ap-south-1.amazonaws.com/crdhs/private/2024/11/6/recording.mp3,--HarojsWojLTjUTow1RHA
https://crworkspace.s3.ap-south-1.amazonaws.com/crdhs/private/2024/9/21/recording158610529115217122.mp3,P2HFIwe4W7SXjnhdG7Z8Cg
https://crworkspace.s3.ap-south-1.amazonaws.com/crdhs/private/2024/10/6/recording17945410663765294214.mp3,Cre6Xa6E5Sv1kp4VFXX9qw
https://crworkspace.s3.ap-south-1.amazonaws.com/crdhs/private/2024/9/21/recording2838104185050082904.mp3,wVf1Cp6Hd9Nxf2GOm0E2Ag
https://crworkspace.s3.ap-south-1.amazonaws.com/crdhs/private/2024/9/23/recording12947313741866488011.mp3,meO4kNNEpoNka96nRV_RBg
https://crworkspace.s3.ap-south-1.amazonaws.com/crdhs/private/2024/9/24/recording8066456527503721146.mp3,M_Koq4Zb7134BW_nDenbPw
https://crworkspace.s3.ap-south-1.amazonaws.com/crdhs/private/2024/11/6/recording.mp3,--HarojsWojLTjUTow1RHA
https://crworkspace.s3.ap-south-1.amazonaws.com/crdhs/private/2024/11/26/recording.mp3,-8AhiNg6tiGz8N7jiEqUFA
https://crworkspace.s3.ap-south-1.amazonaws.com/crdhs/private/2024/9/20/recording1828248260581471964.mp3,ml22LpTZLqcqi3NxkiaQgQ
https://crworkspace.s3.ap-south-1.amazonaws.com/crdhs/private/2024/9/23/recording2121092064269075986.mp3,X9rmcYM9ixahLULkDzwm3A
https://crworkspace.s3.ap-south-1.amazonaws.com/crdhs/private/2024/10/6/recording17281630791693996711.mp3,GUo8JKPIVu7xtQh88Alidw
https://crworkspace.s3.ap-south-1.amazonaws.com/crdhs/private/2024/9/20/recording12238421192429779143.mp3,UYEMiqg07Ngb6zZ1G8PLaw
https://crworkspace.s3.ap-south-1.amazonaws.com/crdhs/private/2024/9/24/recording9664829869975616971.mp3,wG6kJH3E-_R7uocyAmlHjA
https://crworkspace.s3.ap-south-1.amazonaws.com/crdhs/private/2024/9/23/recording17996806960213600684.mp3,yvrCnWNsODmRA0G35e29ug
https://crworkspace.s3.ap-south-1.amazonaws.com/crdhs/private/2024/10/6/recording2020855128526220170.mp3,2LsTdRgNrL-Adc78-XIPIA
https://crworkspace.s3.ap-south-1.amazonaws.com/crdhs/private/2024/10/7/recording11813253417840209375.mp3,Tval_qyg3X57YkEL288IxQ
https://crworkspace.s3.ap-south-1.amazonaws.com/crdhs/private/2024/9/23/recording3101995454743882918.mp3,dpBQ_zZuf5pvpVgFQE6_nA
https://crworkspace.s3.ap-south-1.amazonaws.com/crdhs/private/2024/11/6/recording.mp3,--HarojsWojLTjUTow1RHA
https://crworkspace.s3.ap-south-1.amazonaws.com/crdhs/private/2024/11/6/recording.mp3,--HarojsWojLTjUTow1RHA
https://crworkspace.s3.ap-south-1.amazonaws.com/crdhs/private/2024/9/21/recording16958326627281282168.mp3,Sv2ASKoszfeln-hyLz4KvA
https://crworkspace.s3.ap-south-1.amazonaws.com/crdhs/private/2024/9/20/recording3331131849596227106.mp3,y-ZcaGWmht9juSmCFLhE_Q
https://crworkspace.s3.ap-south-1.amazonaws.com/crdhs/private/2024/10/6/recording885438229844152533.mp3,Nts1ru7icN18rFrhHTa1xA
https://crworkspace.s3.ap-south-1.amazonaws.com/crdhs/private/2024/9/23/recording1811276704735271436.mp3,xnzPrj4G91kivIW1I10Hfg
https://crworkspace.s3.ap-south-1.amazonaws.com/crdhs/private/2024/9/20/recording9334354346008330092.mp3,HgfX3Ph4JArkIHUezKwPMQ
https://crworkspace.s3.ap-south-1.amazonaws.com/crdhs/private/2024/9/23/recording371450222280924723.mp3,EFzU5izEkT2A91D1Kfdn9Q
https://crworkspace.s3.ap-south-1.amazonaws.com/crdhs/private/2024/9/21/recording15690319537225058592.mp3,aG2-LoOjGqbKF0QbIhQXBw
https://crworkspace.s3.ap-south-1.amazonaws.com/crdhs/private/2024/9/20/recording3768276270017520754.mp3,HE0ka8ROS3lvnAJ2wmrbfw
https://crworkspace.s3.ap-south-1.amazonaws.com/crdhs/private/2024/9/24/recording13363442404528568388.mp3,DFYvvCp_WCytyXM-S9YJ1w
https://crworkspace.s3.ap-south-1.amazonaws.com/crdhs/private/2024/11/21/recording.mp3,--CsMlwV1w_m0om101_Z1w
https://crworkspace.s3.ap-south-1.amazonaws.com/crdhs/private/2024/9/20/recording3379012747907907561.mp3,zUcM4Ua7G6ynfXXrtgWkcw
https://crworkspace.s3.ap-south-1.amazonaws.com/crdhs/private/2024/9/21/recording15882195564468740885.mp3,G_vfA0BhALozMX_pEdoJNA
https://crworkspace.s3.ap-south-1.amazonaws.com/crdhs/private/2024/11/6/recording.mp3,--HarojsWojLTjUTow1RHA
https://crworkspace.s3.ap-south-1.amazonaws.com/crdhs/private/2024/11/6/recording.mp3,--HarojsWojLTjUTow1RHA
https://crworkspace.s3.ap-south-1.amazonaws.com/crdhs/private/2024/9/21/recording17828776009334637907.mp3,aLID4OQMpLswFdD90XxLgQ
https://crworkspace.s3.ap-south-1.amazonaws.com/crdhs/private/2024/9/24/recording14958321732239478579.mp3,SpRgb69j8d00-xIey7Kvgw
https://crworkspace.s3.ap-south-1.amazonaws.com/crdhs/private/2024/10/7/recording16856481440383332544.mp3,lyhrwTjwtCE3rbOOk_ST1w
https://crworkspace.s3.ap-south-1.amazonaws.com/crdhs/private/2024/9/26/recording7239738904594852514.mp3,4Q0lLuRXua_NE2KzQLSE8g
https://crworkspace.s3.ap-south-1.amazonaws.com/crdhs/private/2024/9/25/recording13711903817909376541.mp3,3iOpGxYEXZIJ2Aczf6SoAQ
https://crworkspace.s3.ap-south-1.amazonaws.com/crdhs/private/2024/9/23/recording8924067306972414806.mp3,UAE7bMGqG6Q-4sQ_ouFtQg
https://crworkspace.s3.ap-south-1.amazonaws.com/crdhs/private/2024/9/27/recording6392344209568430442.mp3,X6u15zYuQlbghJDgTvuWLQ
https://crworkspace.s3.ap-south-1.amazonaws.com/crdhs/private/2024/9/27/recording2489396322579651845.mp3,8uJoaH2uv1hl3wBb_UzyCA
https://crworkspace.s3.ap-south-1.amazonaws.com/crdhs/private/2024/9/20/recording9326339925969719582.mp3,CG3w-73waQPcC_jaYQOrjQ
https://crworkspace.s3.ap-south-1.amazonaws.com/crdhs/private/2024/9/23/recording14983794747704673835.mp3,voSwgmnCqU7LfnJybThrOQ
https://crworkspace.s3.ap-south-1.amazonaws.com/crdhs/private/2024/9/26/recording2706170655414899547.mp3,ftNMuson7BaXNuJEQSb6FQ
https://crworkspace.s3.ap-south-1.amazonaws.com/crdhs/private/2024/9/21/recording2542996620224997108.mp3,dPoY67PdPEnTcYIaih0XYw
https://crworkspace.s3.ap-south-1.amazonaws.com/crdhs/private/2024/9/21/recording17995981529828035767.mp3,vgjtRSCNCLcEmoA4BMeAag
https://crworkspace.s3.ap-south-1.amazonaws.com/crdhs/private/2024/9/26/recording5131485622773352594.mp3,1eE7asaqcmagLfsOsMtc0g
https://crworkspace.s3.ap-south-1.amazonaws.com/crdhs/private/2024/11/6/recording.mp3,--HarojsWojLTjUTow1RHA
https://crworkspace.s3.ap-south-1.amazonaws.com/crdhs/private/2024/9/25/recording16884886238174257966.mp3,SNpNUJSLdYUMlrIPw2kUJA
https://crworkspace.s3.ap-south-1.amazonaws.com/crdhs/private/2024/9/20/recording12582052348515566295.mp3,5OJ10zR7w2uEZf0UuFPSbA
https://crworkspace.s3.ap-south-1.amazonaws.com/crdhs/private/2024/9/25/recording6941968860414767529.mp3,mQzz_k2T3sqeqd5Gx9V4kA
https://crworkspace.s3.ap-south-1.amazonaws.com/crdhs/private/2024/9/26/recording13588830729392541094.mp3,fxZWe3rq7UD1Pf4iLkMVuA
https://crworkspace.s3.ap-south-1.amazonaws.com/crdhs/private/2024/9/24/recording8928494907069032255.mp3,Ill0lq_76tt-c9qAogq-yw
https://crworkspace.s3.ap-south-1.amazonaws.com/crdhs/private/2024/9/20/recording14885943881826747691.mp3,IotaPuFXRW5ISJr-QY3lFg
https://crworkspace.s3.ap-south-1.amazonaws.com/crdhs/private/2024/9/26/recording10851287204455384738.mp3,PQUakEbYb6RxJZdV-6yuUQ
https://crworkspace.s3.ap-south-1.amazonaws.com/crdhs/private/2024/11/21/recording.mp3,--CsMlwV1w_m0om101_Z1w
https://crworkspace.s3.ap-south-1.amazonaws.com/crdhs/private/2024/9/24/recording12042369115077361310.mp3,SoFsH01U7xnpRKAhLNBDtw
https://crworkspace.s3.ap-south-1.amazonaws.com/crdhs/private/2024/9/27/recording17266011803922723210.mp3,vsw3fzZem6p_RxpdzQHIUQ
https://crworkspace.s3.ap-south-1.amazonaws.com/crdhs/private/2024/9/20/recording5407809587406794315.mp3,M7CXxYTU1bxHC78dih6pUA
https://crworkspace.s3.ap-south-1.amazonaws.com/crdhs/private/2024/10/6/recording15401866217963524460.mp3,_uY_SoCa3PGYeIXaoVuGiw
https://crworkspace.s3.ap-south-1.amazonaws.com/crdhs/private/2024/11/21/recording.mp3,--CsMlwV1w_m0om101_Z1w
https://crworkspace.s3.ap-south-1.amazonaws.com/crdhs/private/2024/9/23/recording4207306051940194277.mp3,rp6-4mirGV8aM-mBB27A4A
https://crworkspace.s3.ap-south-1.amazonaws.com/crdhs/private/2024/9/21/recording8789145242744000658.mp3,6xVyksV7yFnrQH7ENsXERQ
https://crworkspace.s3.ap-south-1.amazonaws.com/crdhs/private/2024/9/21/recording13936000223023662880.mp3,Rs31qoc18578j7GFkFEC5A
https://crworkspace.s3.ap-south-1.amazonaws.com/crdhs/private/2024/11/6/recording.mp3,--HarojsWojLTjUTow1RHA
https://crworkspace.s3.ap-south-1.amazonaws.com/crdhs/private/2024/11/6/recording.mp3,--HarojsWojLTjUTow1RHA
https://crworkspace.s3.ap-south-1.amazonaws.com/crdhs/private/2024/11/6/recording.mp3,--HarojsWojLTjUTow1RHA
https://crworkspace.s3.ap-south-1.amazonaws.com/crdhs/private/2024/11/6/recording.mp3,--HarojsWojLTjUTow1RHA
https://crworkspace.s3.ap-south-1.amazonaws.com/crdhs/private/2024/9/21/recording706013449225788137.mp3,Z7jJPU_qIfFvEt95mJbb3w
https://crworkspace.s3.ap-south-1.amazonaws.com/crdhs/private/2024/10/6/recording16685032648852979884.mp3,Gk-d7opD9T2S_roC3A623w
https://crworkspace.s3.ap-south-1.amazonaws.com/crdhs/private/2024/11/6/recording.mp3,--HarojsWojLTjUTow1RHA
https://crworkspace.s3.ap-south-1.amazonaws.com/crdhs/private/2024/9/23/recording7588375084827915213.mp3,-1X-4DDcv2p-GhUN90REQQ
https://crworkspace.s3.ap-south-1.amazonaws.com/crdhs/private/2024/9/23/recording5490784207778939549.mp3,0A6-_tgGh6hBu5rQVrNmaA
https://crworkspace.s3.ap-south-1.amazonaws.com/crdhs/private/2024/11/6/recording.mp3,--HarojsWojLTjUTow1RHA
https://crworkspace.s3.ap-south-1.amazonaws.com/crdhs/private/2024/9/23/recording17625217712612870906.mp3,f2nrLfI4MjfO_Xku3Et33Q
https://crworkspace.s3.ap-south-1.amazonaws.com/crdhs/private/2024/9/24/recording13084444418683419271.mp3,YAtcLQ6OvS24MzKsFL8VZg
https://crworkspace.s3.ap-south-1.amazonaws.com/crdhs/private/2024/11/6/recording.mp3,--HarojsWojLTjUTow1RHA
https://crworkspace.s3.ap-south-1.amazonaws.com/crdhs/private/2024/9/21/recording2001720692673242630.mp3,GnRg741BFCVhRInLBENlXQ
https://crworkspace.s3.ap-south-1.amazonaws.com/crdhs/private/2024/9/24/recording13145555805390553203.mp3,L1PdST5TnGwxq5yUDUSGPQ
https://crworkspace.s3.ap-south-1.amazonaws.com/crdhs/private/2024/9/23/recording6821178618682374296.mp3,8IrHx4VYs86X7jbczReoVg
https://crworkspace.s3.ap-south-1.amazonaws.com/crdhs/private/2024/9/23/recording13762107613720036944.mp3,ryIp6u8qp-bvfHNxyqFJGA
https://crworkspace.s3.ap-south-1.amazonaws.com/crdhs/private/2024/9/21/recording8847722752921449100.mp3,Sg0tg7AQ7XxxzPVXcQ99qg
https://crworkspace.s3.ap-south-1.amazonaws.com/crdhs/private/2024/9/23/recording2425519736547521534.mp3,0kTEiidV9wuMFAzHLILehQ
https://crworkspace.s3.ap-south-1.amazonaws.com/crdhs/private/2024/9/20/recording16025005895551178370.mp3,pus8Z-vmJLlG9wsVsZ1qkQ
https://crworkspace.s3.ap-south-1.amazonaws.com/crdhs/private/2024/9/20/recording8538329178890197451.mp3,8_o5WyIg_vktwmC8zD3TbA
https://crworkspace.s3.ap-south-1.amazonaws.com/crdhs/private/2024/11/6/recording.mp3,--HarojsWojLTjUTow1RHA
https://crworkspace.s3.ap-south-1.amazonaws.com/crdhs/private/2024/9/24/recording16479087684775557495.mp3,KCECKADRn6R9A1gGkCEPpA
https://crworkspace.s3.ap-south-1.amazonaws.com/crdhs/private/2024/9/20/recording7810907016628353343.mp3,TY_xx3fcZvYptYa6bE-LLg
https://crworkspace.s3.ap-south-1.amazonaws.com/crdhs/private/2024/9/23/recording16036812935201893666.mp3,m1ZycKZYVQzuECpsHJeFxg
https://crworkspace.s3.ap-south-1.amazonaws.com/crdhs/private/2024/11/26/recording.mp3,-8AhiNg6tiGz8N7jiEqUFA
https://crworkspace.s3.ap-south-1.amazonaws.com/crdhs/private/2024/10/7/recording17118599722575761953.mp3,JPHrww7v27zY8wgAO3axOg
https://crworkspace.s3.ap-south-1.amazonaws.com/crdhs/private/2024/9/21/recording3767729435715124908.mp3,_bx-_nTBh6nncwoMoK-hvw
https://crworkspace.s3.ap-south-1.amazonaws.com/crdhs/private/2024/9/21/recording633777768121544760.mp3,3HoKgMYw8MQqi-An-ix0xg
https://crworkspace.s3.ap-south-1.amazonaws.com/crdhs/private/2024/9/21/recording12779576244437531034.mp3,W-jLU4tblsB553Slt1MMxA
https://crworkspace.s3.ap-south-1.amazonaws.com/crdhs/private/2024/10/6/recording4300613830085062983.mp3,Z6HP7zR4lpR_YeCjP_6QWQ
https://crworkspace.s3.ap-south-1.amazonaws.com/crdhs/private/2024/10/6/recording10445652122311302700.mp3,WlciawP8qvRewhcsITX_Gw
https://crworkspace.s3.ap-south-1.amazonaws.com/crdhs/private/2024/9/23/recording3780088450894847994.mp3,Rq9Kh3UriIT721LEQOoBiA
https://crworkspace.s3.ap-south-1.amazonaws.com/crdhs/private/2024/9/21/recording6056277596661185451.mp3,rEhlGG0UOuyoHFkHJU7dTA
https://crworkspace.s3.ap-south-1.amazonaws.com/crdhs/private/2024/9/24/recording7803692549346056766.mp3,1PbpeShOVpHHHcYO81L9Nw
https://crworkspace.s3.ap-south-1.amazonaws.com/crdhs/private/2024/9/24/recording7866460214428533512.mp3,VVqB8GXWulFpqifZqhanFQ
https://crworkspace.s3.ap-south-1.amazonaws.com/crdhs/private/2024/11/6/recording.mp3,--HarojsWojLTjUTow1RHA
https://crworkspace.s3.ap-south-1.amazonaws.com/crdhs/private/2024/9/21/recording7834075642185028223.mp3,oBIb-GYHWgVCjdbhenfJ9A
https://crworkspace.s3.ap-south-1.amazonaws.com/crdhs/private/2024/9/23/recording17894745666149117907.mp3,CP40r1PcmBdiwLY_E8gd8A
https://crworkspace.s3.ap-south-1.amazonaws.com/crdhs/private/2024/9/24/recording1353607641021680314.mp3,pPy3oux49xvkAliMiOJWJg
https://crworkspace.s3.ap-south-1.amazonaws.com/crdhs/private/2024/11/6/recording.mp3,--HarojsWojLTjUTow1RHA
https://crworkspace.s3.ap-south-1.amazonaws.com/crdhs/private/2024/11/21/recording.mp3,--CsMlwV1w_m0om101_Z1w
https://crworkspace.s3.ap-south-1.amazonaws.com/crdhs/private/2024/10/7/recording7291338484616092885.mp3,xiiO-hJGh27qSLBGC8aDdg
https://crworkspace.s3.ap-south-1.amazonaws.com/crdhs/private/2024/9/26/recording3236261508952027115.mp3,cc5qPIUn5URkQ0rFeM39Lg
https://crworkspace.s3.ap-south-1.amazonaws.com/crdhs/private/2024/10/7/recording1379422570318701414.mp3,w4iDTzx620V8kZ5IA5h2Ow
https://crworkspace.s3.ap-south-1.amazonaws.com/crdhs/private/2024/9/23/recording4549920932480999249.mp3,8j6v2b6m59wbsW_8h4Q-jA
https://crworkspace.s3.ap-south-1.amazonaws.com/crdhs/private/2024/11/26/recording.mp3,-8AhiNg6tiGz8N7jiEqUFA
https://crworkspace.s3.ap-south-1.amazonaws.com/crdhs/private/2024/9/23/recording8564619719609205175.mp3,nCNJOzu66UcDDwdRzpkpRA
https://crworkspace.s3.ap-south-1.amazonaws.com/crdhs/private/2024/9/23/recording7980847556117191035.mp3,dE2hLbxsbteGAMjWg1Ofcg
https://crworkspace.s3.ap-south-1.amazonaws.com/crdhs/private/2024/9/23/recording484329681478875836.mp3,NNC_SVL30XXMwzEBNTkG1A
https://crworkspace.s3.ap-south-1.amazonaws.com/crdhs/private/2024/9/25/recording13362043072895302409.mp3,PNgpRaqIebyV-04fhANIXw
https://crworkspace.s3.ap-south-1.amazonaws.com/crdhs/private/2024/11/6/recording.mp3,--HarojsWojLTjUTow1RHA
https://crworkspace.s3.ap-south-1.amazonaws.com/crdhs/private/2024/10/6/recording6002366200471459845.mp3,otSlw6cnFCXvtImcqonuYQ
https://crworkspace.s3.ap-south-1.amazonaws.com/crdhs/private/2024/9/24/recording15641385960617422703.mp3,502esg7BOK-P5XmeEsOb_w
https://crworkspace.s3.ap-south-1.amazonaws.com/crdhs/private/2024/9/26/recording6912504315128641101.mp3,pnzLJ73nLnRw7953ED9nMw
https://crworkspace.s3.ap-south-1.amazonaws.com/crdhs/private/2024/11/6/recording.mp3,--HarojsWojLTjUTow1RHA
https://crworkspace.s3.ap-south-1.amazonaws.com/crdhs/private/2024/9/23/recording8871533039574275289.mp3,29hQJl6Pmym-WabUlfdXcg
https://crworkspace.s3.ap-south-1.amazonaws.com/crdhs/private/2024/10/7/recording5960490267439762500.mp3,VienV9Jw_jx9V2EBHav52A
https://crworkspace.s3.ap-south-1.amazonaws.com/crdhs/private/2024/9/24/recording13640755342121958816.mp3,zsoQIHQ6VPXNxnQDiYlyYw
https://crworkspace.s3.ap-south-1.amazonaws.com/crdhs/private/2024/11/6/recording.mp3,--HarojsWojLTjUTow1RHA
https://crworkspace.s3.ap-south-1.amazonaws.com/crdhs/private/2024/10/6/recording1281452228794711641.mp3,F-AiKsGMYivK5fRJ6RWqkg
https://crworkspace.s3.ap-south-1.amazonaws.com/crdhs/private/2024/11/6/recording.mp3,--HarojsWojLTjUTow1RHA
https://crworkspace.s3.ap-south-1.amazonaws.com/crdhs/private/2024/11/6/recording.mp3,--HarojsWojLTjUTow1RHA
https://crworkspace.s3.ap-south-1.amazonaws.com/crdhs/private/2024/9/20/recording4560694588211218864.mp3,Sme1O1HdNoMxSIcutX-ifA
https://crworkspace.s3.ap-south-1.amazonaws.com/crdhs/private/2024/10/5/recording2564658524427341005.mp3,YShCOpBI8Jrdn4-UnWfWGA
https://crworkspace.s3.ap-south-1.amazonaws.com/crdhs/private/2024/9/20/recording17298440321057583748.mp3,UGuOnBPNPvMBBQ0FhjWYKw
https://crworkspace.s3.ap-south-1.amazonaws.com/crdhs/private/2024/11/6/recording.mp3,--HarojsWojLTjUTow1RHA
https://crworkspace.s3.ap-south-1.amazonaws.com/crdhs/private/2024/11/6/recording.mp3,--HarojsWojLTjUTow1RHA
https://crworkspace.s3.ap-south-1.amazonaws.com/crdhs/private/2024/9/24/recording9700467541472056069.mp3,YZLv8tHxAreer6b8VOEFKg
https://crworkspace.s3.ap-south-1.amazonaws.com/crdhs/private/2024/11/6/recording.mp3,--HarojsWojLTjUTow1RHA
https://crworkspace.s3.ap-south-1.amazonaws.com/crdhs/private/2024/9/25/recording4648885374095166067.mp3,-bbG1k4Di2sy4mVT2sRWCw
https://crworkspace.s3.ap-south-1.amazonaws.com/crdhs/private/2024/11/6/recording.mp3,--HarojsWojLTjUTow1RHA
https://crworkspace.s3.ap-south-1.amazonaws.com/crdhs/private/2024/11/6/recording.mp3,--HarojsWojLTjUTow1RHA
https://crworkspace.s3.ap-south-1.amazonaws.com/crdhs/private/2024/11/21/recording.mp3,--CsMlwV1w_m0om101_Z1w
https://crworkspace.s3.ap-south-1.amazonaws.com/crdhs/private/2024/11/6/recording.mp3,--HarojsWojLTjUTow1RHA
https://crworkspace.s3.ap-south-1.amazonaws.com/crdhs/private/2024/11/21/recording.mp3,--CsMlwV1w_m0om101_Z1w
https://crworkspace.s3.ap-south-1.amazonaws.com/crdhs/private/2024/11/21/recording.mp3,--CsMlwV1w_m0om101_Z1w
https://crworkspace.s3.ap-south-1.amazonaws.com/crdhs/private/2024/9/20/recording1383980832172342582.mp3,MGy7AhcPJaHzdEhH5WXJQQ
https://crworkspace.s3.ap-south-1.amazonaws.com/crdhs/private/2024/11/6/recording.mp3,--HarojsWojLTjUTow1RHA
https://crworkspace.s3.ap-south-1.amazonaws.com/crdhs/private/2024/11/21/recording.mp3,--CsMlwV1w_m0om101_Z1w
https://crworkspace.s3.ap-south-1.amazonaws.com/crdhs/private/2024/9/20/recording16593276248628270234.mp3,x71g8OEZjgTs6Hv54E3dWA
https://crworkspace.s3.ap-south-1.amazonaws.com/crdhs/private/2024/10/6/recording1013990664741106547.mp3,L9O6oGxr6fkdfJx1ennKKw
https://crworkspace.s3.ap-south-1.amazonaws.com/crdhs/private/2024/11/6/recording.mp3,--HarojsWojLTjUTow1RHA
https://crworkspace.s3.ap-south-1.amazonaws.com/crdhs/private/2024/9/25/recording494889172425444372.mp3,bIKfDwd-LYLsVCUsJMhZYA
https://crworkspace.s3.ap-south-1.amazonaws.com/crdhs/private/2024/9/23/recording3519487182157266571.mp3,1HJr5SLpj-tfKSOo5yXU8w
https://crworkspace.s3.ap-south-1.amazonaws.com/crdhs/private/2024/9/20/recording7788502691675440385.mp3,TzjdfvDJOy4-gL7dP8Ti7g
https://crworkspace.s3.ap-south-1.amazonaws.com/crdhs/private/2024/9/24/recording12470730161255409132.mp3,bfi-oS5l4YmkEjtf-vrd9w
https://crworkspace.s3.ap-south-1.amazonaws.com/crdhs/private/2024/9/23/recording9732837809822103847.mp3,4NnE2yYRed7uruAz2NzBXg
https://crworkspace.s3.ap-south-1.amazonaws.com/crdhs/private/2024/9/21/recording10028795577770898951.mp3,OlXubM85KzL-vO928nC-2A
https://crworkspace.s3.ap-south-1.amazonaws.com/crdhs/private/2024/9/24/recording17989641658405799325.mp3,k-McmNa43vRnPQxVpNB4Yg
https://crworkspace.s3.ap-south-1.amazonaws.com/crdhs/private/2024/9/25/recording14147293491978946449.mp3,08vXGcVVdvLpm1ej3Ybpwg
https://crworkspace.s3.ap-south-1.amazonaws.com/crdhs/private/2024/11/6/recording.mp3,--HarojsWojLTjUTow1RHA
https://crworkspace.s3.ap-south-1.amazonaws.com/crdhs/private/2024/9/20/recording1945890272506165704.mp3,fXmenosda-Q_tLcBi5KNhw
https://crworkspace.s3.ap-south-1.amazonaws.com/crdhs/private/2024/11/26/recording.mp3,-8AhiNg6tiGz8N7jiEqUFA
https://crworkspace.s3.ap-south-1.amazonaws.com/crdhs/private/2024/10/7/recording203259529399822254.mp3,OxNewNlobZKvP07vmuSe0g
https://crworkspace.s3.ap-south-1.amazonaws.com/crdhs/private/2024/11/26/recording.mp3,-8AhiNg6tiGz8N7jiEqUFA
https://crworkspace.s3.ap-south-1.amazonaws.com/crdhs/private/2024/11/6/recording.mp3,--HarojsWojLTjUTow1RHA
https://crworkspace.s3.ap-south-1.amazonaws.com/crdhs/private/2024/11/21/recording.mp3,--CsMlwV1w_m0om101_Z1w
https://crworkspace.s3.ap-south-1.amazonaws.com/crdhs/private/2024/11/26/recording.mp3,-8AhiNg6tiGz8N7jiEqUFA
https://crworkspace.s3.ap-south-1.amazonaws.com/crdhs/private/2024/11/21/recording.mp3,--CsMlwV1w_m0om101_Z1w
https://crworkspace.s3.ap-south-1.amazonaws.com/crdhs/private/2024/11/26/recording.mp3,-8AhiNg6tiGz8N7jiEqUFA
https://crworkspace.s3.ap-south-1.amazonaws.com/crdhs/private/2024/11/6/recording.mp3,--HarojsWojLTjUTow1RHA
https://crworkspace.s3.ap-south-1.amazonaws.com/crdhs/private/2024/10/7/recording3291894670059251887.mp3,M4einp1NIL32pz2wgrX2Rg
https://crworkspace.s3.ap-south-1.amazonaws.com/crdhs/private/2024/11/6/recording.mp3,--HarojsWojLTjUTow1RHA
https://crworkspace.s3.ap-south-1.amazonaws.com/crdhs/private/2024/11/26/recording.mp3,-8AhiNg6tiGz8N7jiEqUFA
https://crworkspace.s3.ap-south-1.amazonaws.com/crdhs/private/2024/11/26/recording.mp3,-8AhiNg6tiGz8N7jiEqUFA
https://crworkspace.s3.ap-south-1.amazonaws.com/crdhs/private/2024/9/21/recording12917105489566443418.mp3,eGaU86xr4ZPxUcziOJaNSw
https://crworkspace.s3.ap-south-1.amazonaws.com/crdhs/private/2024/11/21/recording.mp3,--CsMlwV1w_m0om101_Z1w
https://crworkspace.s3.ap-south-1.amazonaws.com/crdhs/private/2024/11/21/recording.mp3,--CsMlwV1w_m0om101_Z1w
https://crworkspace.s3.ap-south-1.amazonaws.com/crdhs/private/2024/9/21/recording18133026943099848427.mp3,DXZ4jXcyXIu83sHNrGQzuw
https://crworkspace.s3.ap-south-1.amazonaws.com/crdhs/private/2024/9/25/recording13499992085076358631.mp3,xp3_71DiVTa7Jat-OVj8vw
https://crworkspace.s3.ap-south-1.amazonaws.com/crdhs/private/2024/11/26/recording.mp3,-8AhiNg6tiGz8N7jiEqUFA
https://crworkspace.s3.ap-south-1.amazonaws.com/crdhs/private/2024/9/23/recording10350570794381964000.mp3,VxbTlQfr2NL037yJEUfkqw
https://crworkspace.s3.ap-south-1.amazonaws.com/crdhs/private/2024/9/20/recording4633021800963217291.mp3,chuii4QxvKiRFenD7iTQwg
https://crworkspace.s3.ap-south-1.amazonaws.com/crdhs/private/2024/9/20/recording18127131106552327587.mp3,H2VcBtNxI4H_E6-3hFrGVQ
https://crworkspace.s3.ap-south-1.amazonaws.com/crdhs/private/2024/9/23/recording13937348465519853379.mp3,Orhx53RIt7j4_i17jmREOg
https://crworkspace.s3.ap-south-1.amazonaws.com/crdhs/private/2024/11/6/recording.mp3,--HarojsWojLTjUTow1RHA
https://crworkspace.s3.ap-south-1.amazonaws.com/crdhs/private/2024/9/21/recording4153530223110248880.mp3,ZoyJzatkJrRNv6l6wwMxWQ
https://crworkspace.s3.ap-south-1.amazonaws.com/crdhs/private/2024/9/23/recording1514294898365355202.mp3,sn9HCKST8A-EUZggqRor4Q
https://crworkspace.s3.ap-south-1.amazonaws.com/crdhs/private/2024/11/6/recording.mp3,--HarojsWojLTjUTow1RHA
https://crworkspace.s3.ap-south-1.amazonaws.com/crdhs/private/2024/9/23/recording10835248120641225233.mp3,2Khr5cikDH3PgzS_2m0Zpw
https://crworkspace.s3.ap-south-1.amazonaws.com/crdhs/private/2024/9/20/recording677379388325053670.mp3,M1I-SCQYhHvaRdy2BT1YKA
https://crworkspace.s3.ap-south-1.amazonaws.com/crdhs/private/2024/11/26/recording.mp3,-8AhiNg6tiGz8N7jiEqUFA
https://crworkspace.s3.ap-south-1.amazonaws.com/crdhs/private/2024/11/26/recording.mp3,-8AhiNg6tiGz8N7jiEqUFA
https://crworkspace.s3.ap-south-1.amazonaws.com/crdhs/private/2024/9/21/recording15923144993225550940.mp3,tXkgGZvyzeiGblR9-PceOQ
https://crworkspace.s3.ap-south-1.amazonaws.com/crdhs/private/2024/11/6/recording.mp3,--HarojsWojLTjUTow1RHA
https://crworkspace.s3.ap-south-1.amazonaws.com/crdhs/private/2024/11/26/recording.mp3,-8AhiNg6tiGz8N7jiEqUFA
https://crworkspace.s3.ap-south-1.amazonaws.com/crdhs/private/2024/10/7/recording9244693463040499935.mp3,gQg3UIvQ4GiaywuUILcQaA
https://crworkspace.s3.ap-south-1.amazonaws.com/crdhs/private/2024/9/20/recording12567523300817511554.mp3,vkEfQ4fq7r3Riy5VLyPq_Q
https://crworkspace.s3.ap-south-1.amazonaws.com/crdhs/private/2024/9/23/recording6807403017234833722.mp3,JHGmNlRnsyeTP_IWClG_sA
https://crworkspace.s3.ap-south-1.amazonaws.com/crdhs/private/2024/11/21/recording.mp3,--CsMlwV1w_m0om101_Z1w
https://crworkspace.s3.ap-south-1.amazonaws.com/crdhs/private/2024/9/23/recording11243814395717728616.mp3,TSddqVZqt3dvUvW2dTjF_Q
https://crworkspace.s3.ap-south-1.amazonaws.com/crdhs/private/2024/9/25/recording2299889513883673946.mp3,ajQMu3ZZTfnHy3w4RqqlbQ
https://crworkspace.s3.ap-south-1.amazonaws.com/crdhs/private/2024/9/24/recording8880607221518832225.mp3,KmL5xuTq0WD3025KewYeDw
https://crworkspace.s3.ap-south-1.amazonaws.com/crdhs/private/2024/11/6/recording.mp3,--HarojsWojLTjUTow1RHA
https://crworkspace.s3.ap-south-1.amazonaws.com/crdhs/private/2024/11/26/recording.mp3,-8AhiNg6tiGz8N7jiEqUFA
https://crworkspace.s3.ap-south-1.amazonaws.com/crdhs/private/2024/11/6/recording.mp3,--HarojsWojLTjUTow1RHA
https://crworkspace.s3.ap-south-1.amazonaws.com/crdhs/private/2024/9/23/recording10094141716594255240.mp3,vaFN0ex-CKY4gggzNn_woQ
https://crworkspace.s3.ap-south-1.amazonaws.com/crdhs/private/2024/9/23/recording15212858571833120820.mp3,Sw1FeQsDM_oEfJsddxUhUA
https://crworkspace.s3.ap-south-1.amazonaws.com/crdhs/private/2024/11/21/recording.mp3,--CsMlwV1w_m0om101_Z1w
https://crworkspace.s3.ap-south-1.amazonaws.com/crdhs/private/2024/11/26/recording.mp3,-8AhiNg6tiGz8N7jiEqUFA
https://crworkspace.s3.ap-south-1.amazonaws.com/crdhs/private/2024/11/21/recording.mp3,--CsMlwV1w_m0om101_Z1w
https://crworkspace.s3.ap-south-1.amazonaws.com/crdhs/private/2024/11/6/recording.mp3,--HarojsWojLTjUTow1RHA
https://crworkspace.s3.ap-south-1.amazonaws.com/crdhs/private/2024/9/27/recording8216440706944676146.mp3,ieB4YylXyAlYXVTPAhTH8g
https://crworkspace.s3.ap-south-1.amazonaws.com/crdhs/private/2024/11/21/recording.mp3,--CsMlwV1w_m0om101_Z1w
https://crworkspace.s3.ap-south-1.amazonaws.com/crdhs/private/2024/11/21/recording.mp3,--CsMlwV1w_m0om101_Z1w
https://crworkspace.s3.ap-south-1.amazonaws.com/crdhs/private/2024/10/6/recording16718829755559036083.mp3,p5a4IU2itmUyUuOrHjNhYg
https://crworkspace.s3.ap-south-1.amazonaws.com/crdhs/private/2024/10/7/recording1584642933737380009.mp3,r6AAeLrXm4o6DPEeXh9ttw
https://crworkspace.s3.ap-south-1.amazonaws.com/crdhs/private/2024/11/26/recording.mp3,-8AhiNg6tiGz8N7jiEqUFA
https://crworkspace.s3.ap-south-1.amazonaws.com/crdhs/private/2024/11/26/recording.mp3,-8AhiNg6tiGz8N7jiEqUFA
https://crworkspace.s3.ap-south-1.amazonaws.com/crdhs/private/2024/11/26/recording.mp3,-8AhiNg6tiGz8N7jiEqUFA
https://crworkspace.s3.ap-south-1.amazonaws.com/crdhs/private/2024/9/26/recording17089090522639068285.mp3,s_5lMmIwFGFGbioB2PtadA
https://crworkspace.s3.ap-south-1.amazonaws.com/crdhs/private/2024/9/25/recording9007554004649611789.mp3,6b8N3lORPZP7UzQEtfoA9w
https://crworkspace.s3.ap-south-1.amazonaws.com/crdhs/private/2024/10/7/recording5466466829719047072.mp3,OHsyccEhm8jRvZI7THXJxw
https://crworkspace.s3.ap-south-1.amazonaws.com/crdhs/private/2024/9/24/recording17711996750849404730.mp3,l6eHMm4OJYcgeKPid75yyg
https://crworkspace.s3.ap-south-1.amazonaws.com/crdhs/private/2024/11/6/recording.mp3,--HarojsWojLTjUTow1RHA
https://crworkspace.s3.ap-south-1.amazonaws.com/crdhs/private/2024/9/27/recording3686557612552895912.mp3,-sZ8rJdaxmMMOT3zZWbQIQ
https://crworkspace.s3.ap-south-1.amazonaws.com/crdhs/private/2024/9/27/recording14973563411784963033.mp3,2oS_IUfZQLJS8XSiUvnSYg
https://crworkspace.s3.ap-south-1.amazonaws.com/crdhs/private/2024/9/24/recording399344466977067699.mp3,YH6nNZo4R3Ju5MxwYL9jOg
https://crworkspace.s3.ap-south-1.amazonaws.com/crdhs/private/2024/11/6/recording.mp3,--HarojsWojLTjUTow1RHA
https://crworkspace.s3.ap-south-1.amazonaws.com/crdhs/private/2024/9/25/recording14989437754589027499.mp3,Wq_eUD5vMk_YtNCxgoc8Nw
https://crworkspace.s3.ap-south-1.amazonaws.com/crdhs/private/2024/9/27/recording6680691918015104811.mp3,3fMUhrr1cgpOWUEEp0QK-w
https://crworkspace.s3.ap-south-1.amazonaws.com/crdhs/private/2024/9/23/recording6664814464174618278.mp3,L_SHBkR_40LSQUhyhm9bnQ
https://crworkspace.s3.ap-south-1.amazonaws.com/crdhs/private/2024/9/21/recording3816348788114967995.mp3,kIZSEJUXh8PKZthQTlYBpQ
https://crworkspace.s3.ap-south-1.amazonaws.com/crdhs/private/2024/9/20/recording16149648598612050533.mp3,KKHyxlclq_RIEPTz0NFY0w
https://crworkspace.s3.ap-south-1.amazonaws.com/crdhs/private/2024/9/23/recording4020866709641297785.mp3,D9jkiYPuZ61jSnsEn8rEqA
https://crworkspace.s3.ap-south-1.amazonaws.com/crdhs/private/2024/9/24/recording10827860515880368984.mp3,X0LDhOfMLLCmz8_3c0XVAQ
https://crworkspace.s3.ap-south-1.amazonaws.com/crdhs/private/2024/9/24/recording17999067688657945825.mp3,ozB9HriD30z5Wvp_XGOlig
https://crworkspace.s3.ap-south-1.amazonaws.com/crdhs/private/2024/9/23/recording1818071653722595758.mp3,Yir1Oof4yzQMiICoxNGkog
https://crworkspace.s3.ap-south-1.amazonaws.com/crdhs/private/2024/9/23/recording12322274930976315318.mp3,xthB3_PLsmHUAZveoB-jzg
https://crworkspace.s3.ap-south-1.amazonaws.com/crdhs/private/2024/9/20/recording10567965685534575100.mp3,NKpm_MQ361fc9kM8VQDAoA
https://crworkspace.s3.ap-south-1.amazonaws.com/crdhs/private/2024/9/23/recording9495526274348374800.mp3,psNelOn2azmaiBCKG5NqZQ
https://crworkspace.s3.ap-south-1.amazonaws.com/crdhs/private/2024/11/6/recording.mp3,--HarojsWojLTjUTow1RHA
https://crworkspace.s3.ap-south-1.amazonaws.com/crdhs/private/2024/11/6/recording.mp3,--HarojsWojLTjUTow1RHA
https://crworkspace.s3.ap-south-1.amazonaws.com/crdhs/private/2024/11/26/recording.mp3,-8AhiNg6tiGz8N7jiEqUFA
https://crworkspace.s3.ap-south-1.amazonaws.com/crdhs/private/2024/11/6/recording.mp3,--HarojsWojLTjUTow1RHA
https://crworkspace.s3.ap-south-1.amazonaws.com/crdhs/private/2024/10/7/recording13916685198151444906.mp3,4Otfvjwus26KYZDg0NeFYQ
https://crworkspace.s3.ap-south-1.amazonaws.com/crdhs/private/2024/11/26/recording.mp3,-8AhiNg6tiGz8N7jiEqUFA
https://crworkspace.s3.ap-south-1.amazonaws.com/crdhs/private/2024/9/24/recording107789485462417019.mp3,PzWIuFwIPcDrhOSkfPCT-g
https://crworkspace.s3.ap-south-1.amazonaws.com/crdhs/private/2024/9/27/recording4156291042398247118.mp3,xFAOppBPLifyFpN5Bwmlag
https://crworkspace.s3.ap-south-1.amazonaws.com/crdhs/private/2024/11/21/recording.mp3,--CsMlwV1w_m0om101_Z1w
https://crworkspace.s3.ap-south-1.amazonaws.com/crdhs/private/2024/11/21/recording.mp3,--CsMlwV1w_m0om101_Z1w
https://crworkspace.s3.ap-south-1.amazonaws.com/crdhs/private/2024/10/7/recording18330079909179186017.mp3,7X7w_5z4ctPt7DMb8xMnHg
https://crworkspace.s3.ap-south-1.amazonaws.com/crdhs/private/2024/9/24/recording13453517241170403144.mp3,lpaL7pIAI5VKKWzUf2u6jQ
https://crworkspace.s3.ap-south-1.amazonaws.com/crdhs/private/2024/11/6/recording.mp3,--HarojsWojLTjUTow1RHA
https://crworkspace.s3.ap-south-1.amazonaws.com/crdhs/private/2024/11/26/recording.mp3,-8AhiNg6tiGz8N7jiEqUFA
https://crworkspace.s3.ap-south-1.amazonaws.com/crdhs/private/2024/11/21/recording.mp3,--CsMlwV1w_m0om101_Z1w
https://crworkspace.s3.ap-south-1.amazonaws.com/crdhs/private/2024/9/23/recording9122631448986150091.mp3,c19T29MibFDCpt-yCzNkNw
https://crworkspace.s3.ap-south-1.amazonaws.com/crdhs/private/2024/11/6/recording.mp3,--HarojsWojLTjUTow1RHA
https://crworkspace.s3.ap-south-1.amazonaws.com/crdhs/private/2024/9/20/recording15685743027320441510.mp3,f8BVkii71rYwHauo-cQhdA
https://crworkspace.s3.ap-south-1.amazonaws.com/crdhs/private/2024/9/23/recording6082728990418428468.mp3,voiixAymfkVozbbTRbqbLg
https://crworkspace.s3.ap-south-1.amazonaws.com/crdhs/private/2024/10/7/recording14215363501866908314.mp3,qAgOzZFjbVQ1tcCuS6y5ng
https://crworkspace.s3.ap-south-1.amazonaws.com/crdhs/private/2024/9/24/recording3015991047175712820.mp3,IpsBUZXCCbiMiVBqY_qZsg
https://crworkspace.s3.ap-south-1.amazonaws.com/crdhs/private/2024/9/20/recording6501093960553723534.mp3,G1BRjM0Jvv48edvXeJn-6A
https://crworkspace.s3.ap-south-1.amazonaws.com/crdhs/private/2024/9/24/recording2220149432793607816.mp3,aDS39VDzwm0XIP8_niEKDw
https://crworkspace.s3.ap-south-1.amazonaws.com/crdhs/private/2024/9/27/recording11690536209679736733.mp3,TzahE7iiLAPL3qQslzAA9w
https://crworkspace.s3.ap-south-1.amazonaws.com/crdhs/private/2024/10/6/recording6643856215185044099.mp3,YsAGlkl7APkzFPwN9xRH-Q
https://crworkspace.s3.ap-south-1.amazonaws.com/crdhs/private/2024/11/6/recording.mp3,--HarojsWojLTjUTow1RHA
https://crworkspace.s3.ap-south-1.amazonaws.com/crdhs/private/2024/9/23/recording15523093579450672996.mp3,ttCq02PyziwL4zEDp3ZGZw
https://crworkspace.s3.ap-south-1.amazonaws.com/crdhs/private/2024/10/7/recording12729608250716327807.mp3,9rbVT16gU_FmzxQVilGZ-w
https://crworkspace.s3.ap-south-1.amazonaws.com/crdhs/private/2024/9/24/recording7859769862967341734.mp3,gpzqjSDG6VRyO9ni6jJHpg
https://crworkspace.s3.ap-south-1.amazonaws.com/crdhs/private/2024/9/25/recording5930817649107660252.mp3,ub6B9DzsqhsDZS0OItc_-w
https://crworkspace.s3.ap-south-1.amazonaws.com/crdhs/private/2024/11/21/recording.mp3,--CsMlwV1w_m0om101_Z1w
https://crworkspace.s3.ap-south-1.amazonaws.com/crdhs/private/2024/9/24/recording9939122711380102058.mp3,SYd_0DqAieDmFNFSLl74Uw
https://crworkspace.s3.ap-south-1.amazonaws.com/crdhs/private/2024/9/23/recording2267665327141807315.mp3,KLe6xuLO2yiDaAtP96RXUQ
https://crworkspace.s3.ap-south-1.amazonaws.com/crdhs/private/2024/9/26/recording13066004899751134855.mp3,2LTK8IRrEFci-8flc2Y8ew
https://crworkspace.s3.ap-south-1.amazonaws.com/crdhs/private/2024/9/27/recording15647348979667074709.mp3,WwYRp-JmlCH7f8irS5h_iw
https://crworkspace.s3.ap-south-1.amazonaws.com/crdhs/private/2024/9/27/recording10158603206027501715.mp3,RYWi7xLjA-SataAVmDHw7Q
https://crworkspace.s3.ap-south-1.amazonaws.com/crdhs/private/2024/9/23/recording4958344096773089739.mp3,Tof1F5ltV1GGW_kNtOFfgQ
https://crworkspace.s3.ap-south-1.amazonaws.com/crdhs/private/2024/9/23/recording1432576372019166727.mp3,NAFTMhodR4gAuwGRDHh18g
https://crworkspace.s3.ap-south-1.amazonaws.com/crdhs/private/2024/9/23/recording14451771946191329616.mp3,QUjxPp6RtGY0lFTci1_U_Q
https://crworkspace.s3.ap-south-1.amazonaws.com/crdhs/private/2024/10/6/recording2415443059273665851.mp3,FPaFWMO5PIH7czoACwNp1w
https://crworkspace.s3.ap-south-1.amazonaws.com/crdhs/private/2024/9/25/recording1444135335746623829.mp3,JKqX3gUbFQgYfzQCKS_N5g
https://crworkspace.s3.ap-south-1.amazonaws.com/crdhs/private/2024/10/7/recording13621863515643507944.mp3,QP_ZJtrKhyG3ih3H0npJNw
https://crworkspace.s3.ap-south-1.amazonaws.com/crdhs/private/2024/11/21/recording.mp3,--CsMlwV1w_m0om101_Z1w
https://crworkspace.s3.ap-south-1.amazonaws.com/crdhs/private/2024/9/20/recording2795097563836200593.mp3,5l-SGw4niKZXaBQ9RbIMhA
https://crworkspace.s3.ap-south-1.amazonaws.com/crdhs/private/2024/9/20/recording7941140902453471710.mp3,uwlHNiguN6C2OgY7g879Aw
https://crworkspace.s3.ap-south-1.amazonaws.com/crdhs/private/2024/11/26/recording.mp3,-8AhiNg6tiGz8N7jiEqUFA
https://crworkspace.s3.ap-south-1.amazonaws.com/crdhs/private/2024/9/21/recording4095088249953679262.mp3,WCrz2a6_FkGMCYIyIGKvxg
https://crworkspace.s3.ap-south-1.amazonaws.com/crdhs/private/2024/9/23/recording2166039977807330691.mp3,E0kYS6GpTXU84i2ZYkVcrA
https://crworkspace.s3.ap-south-1.amazonaws.com/crdhs/private/2024/9/23/recording4608369105061300999.mp3,dkSIAQptooIzUtUHjKJHsA
https://crworkspace.s3.ap-south-1.amazonaws.com/crdhs/private/2024/9/24/recording1051738478124256829.mp3,zq0ASS0T0AQvmPLl9W00Cg
https://crworkspace.s3.ap-south-1.amazonaws.com/crdhs/private/2024/11/21/recording.mp3,--CsMlwV1w_m0om101_Z1w
https://crworkspace.s3.ap-south-1.amazonaws.com/crdhs/private/2024/9/21/recording5041442795066374521.mp3,T8kLuC6AkZxYjPpjVxUsUg
https://crworkspace.s3.ap-south-1.amazonaws.com/crdhs/private/2024/9/24/recording14674071349598769192.mp3,0J44co7qeLYoZiaiWqWR9Q
https://crworkspace.s3.ap-south-1.amazonaws.com/crdhs/private/2024/11/21/recording.mp3,--CsMlwV1w_m0om101_Z1w
https://crworkspace.s3.ap-south-1.amazonaws.com/crdhs/private/2024/11/6/recording.mp3,--HarojsWojLTjUTow1RHA
https://crworkspace.s3.ap-south-1.amazonaws.com/crdhs/private/2024/9/24/recording361756809140163760.mp3,D7XBphAoxfG4MKSVh1g2Zg
https://crworkspace.s3.ap-south-1.amazonaws.com/crdhs/private/2024/9/21/recording14212827974086469759.mp3,ViJlO9GBPQ1Q8PSxwdSmXQ
https://crworkspace.s3.ap-south-1.amazonaws.com/crdhs/private/2024/11/6/recording.mp3,--HarojsWojLTjUTow1RHA
https://crworkspace.s3.ap-south-1.amazonaws.com/crdhs/private/2024/11/6/recording.mp3,--HarojsWojLTjUTow1RHA
https://crworkspace.s3.ap-south-1.amazonaws.com/crdhs/private/2024/11/6/recording.mp3,--HarojsWojLTjUTow1RHA
https://crworkspace.s3.ap-south-1.amazonaws.com/crdhs/private/2024/9/27/recording1714182834702715191.mp3,GT5TjAdcAdaryypM252wlw
https://crworkspace.s3.ap-south-1.amazonaws.com/crdhs/private/2024/11/6/recording.mp3,--HarojsWojLTjUTow1RHA
https://crworkspace.s3.ap-south-1.amazonaws.com/crdhs/private/2024/11/6/recording.mp3,--HarojsWojLTjUTow1RHA
https://crworkspace.s3.ap-south-1.amazonaws.com/crdhs/private/2024/9/27/recording4046155980189856946.mp3,ZUYfJbZpBAXh3rtxWNI1Sw
https://crworkspace.s3.ap-south-1.amazonaws.com/crdhs/private/2024/11/21/recording.mp3,--CsMlwV1w_m0om101_Z1w
https://crworkspace.s3.ap-south-1.amazonaws.com/crdhs/private/2024/9/27/recording16900032468822004492.mp3,aQGEbk-R4TpxRoVup8Kigg
https://crworkspace.s3.ap-south-1.amazonaws.com/crdhs/private/2024/11/21/recording.mp3,--CsMlwV1w_m0om101_Z1w
https://crworkspace.s3.ap-south-1.amazonaws.com/crdhs/private/2024/11/21/recording.mp3,--CsMlwV1w_m0om101_Z1w
https://crworkspace.s3.ap-south-1.amazonaws.com/crdhs/private/2024/11/21/recording.mp3,--CsMlwV1w_m0om101_Z1w
https://crworkspace.s3.ap-south-1.amazonaws.com/crdhs/private/2024/9/27/recording12515856053780684096.mp3,Mbo8Rvh2EoXpqW6VDmQtpg
https://crworkspace.s3.ap-south-1.amazonaws.com/crdhs/private/2024/10/7/recording453831329498558441.mp3,niObPOmGDP6lxjl_ZkEhxw
https://crworkspace.s3.ap-south-1.amazonaws.com/crdhs/private/2024/9/23/recording13676889148276131295.mp3,VuztWZN4Oc7dKPlrykPnrA
https://crworkspace.s3.ap-south-1.amazonaws.com/crdhs/private/2024/9/25/recording4811102649060730169.mp3,SLKEp8R84BIbzcJ0ou1GGA
https://crworkspace.s3.ap-south-1.amazonaws.com/crdhs/private/2024/11/21/recording.mp3,--CsMlwV1w_m0om101_Z1w
https://crworkspace.s3.ap-south-1.amazonaws.com/crdhs/private/2024/11/21/recording.mp3,--CsMlwV1w_m0om101_Z1w
https://crworkspace.s3.ap-south-1.amazonaws.com/crdhs/private/2024/11/21/recording.mp3,--CsMlwV1w_m0om101_Z1w
https://crworkspace.s3.ap-south-1.amazonaws.com/crdhs/private/2024/11/26/recording.mp3,-8AhiNg6tiGz8N7jiEqUFA
https://crworkspace.s3.ap-south-1.amazonaws.com/crdhs/private/2024/11/21/recording.mp3,--CsMlwV1w_m0om101_Z1w
https://crworkspace.s3.ap-south-1.amazonaws.com/crdhs/private/2024/10/6/recording521932152468674738.mp3,FbAFe3yQyEyF3XyDLEnmlw
https://crworkspace.s3.ap-south-1.amazonaws.com/crdhs/private/2024/10/2/recording1520340654171960526.mp3,VINmu26wz5Q7rDqdngtPxA
https://crworkspace.s3.ap-south-1.amazonaws.com/crdhs/private/2024/11/26/recording.mp3,-8AhiNg6tiGz8N7jiEqUFA
https://crworkspace.s3.ap-south-1.amazonaws.com/crdhs/private/2024/10/7/recording10807431392035831924.mp3,lOcGNtnmqjugarCi2pDqaw
https://crworkspace.s3.ap-south-1.amazonaws.com/crdhs/private/2024/11/26/recording.mp3,-8AhiNg6tiGz8N7jiEqUFA
https://crworkspace.s3.ap-south-1.amazonaws.com/crdhs/private/2024/11/26/recording.mp3,-8AhiNg6tiGz8N7jiEqUFA
https://crworkspace.s3.ap-south-1.amazonaws.com/crdhs/private/2024/11/6/recording.mp3,--HarojsWojLTjUTow1RHA
https://crworkspace.s3.ap-south-1.amazonaws.com/crdhs/private/2024/9/27/recording5731503233724136177.mp3,YsaJTHnsZHCaY3yq9c6zaw
https://crworkspace.s3.ap-south-1.amazonaws.com/crdhs/private/2024/11/21/recording.mp3,--CsMlwV1w_m0om101_Z1w
https://crworkspace.s3.ap-south-1.amazonaws.com/crdhs/private/2024/9/25/recording17248231445015521119.mp3,D_9ByZ2-fzHt9xRNVdDG8A
https://crworkspace.s3.ap-south-1.amazonaws.com/crdhs/private/2024/11/26/recording.mp3,-8AhiNg6tiGz8N7jiEqUFA
https://crworkspace.s3.ap-south-1.amazonaws.com/crdhs/private/2024/9/23/recording5969688552523159501.mp3,d572QRUQkjPKAcdVKJeJDQ
https://crworkspace.s3.ap-south-1.amazonaws.com/crdhs/private/2024/9/20/recording14725230779820041000.mp3,CGopONwwHS49AxpaelWCNQ
https://crworkspace.s3.ap-south-1.amazonaws.com/crdhs/private/2024/11/6/recording.mp3,--HarojsWojLTjUTow1RHA
https://crworkspace.s3.ap-south-1.amazonaws.com/crdhs/private/2024/9/24/recording7688766063783954241.mp3,zqOqdnbWUCvTnhLLOQ_LYg
https://crworkspace.s3.ap-south-1.amazonaws.com/crdhs/private/2024/9/23/recording14617567763832884200.mp3,m9lazsYG9fJ2vYdM9Opg2A
https://crworkspace.s3.ap-south-1.amazonaws.com/crdhs/private/2024/9/23/recording11321284226125908994.mp3,aD5JmTHesDUZqHYOYbwF4A
https://crworkspace.s3.ap-south-1.amazonaws.com/crdhs/private/2024/9/24/recording7677720638212340932.mp3,Qjn9GlnRJuiFle6YTckoBA
https://crworkspace.s3.ap-south-1.amazonaws.com/crdhs/private/2024/11/6/recording.mp3,--HarojsWojLTjUTow1RHA
https://crworkspace.s3.ap-south-1.amazonaws.com/crdhs/private/2024/10/6/recording4557230120480345819.mp3,HceOUBRGxmhISCngz9BCOQ
https://crworkspace.s3.ap-south-1.amazonaws.com/crdhs/private/2024/10/7/recording12506326315068183372.mp3,BmyW6TkNMn2L2xr6B3wSRQ
https://crworkspace.s3.ap-south-1.amazonaws.com/crdhs/private/2024/9/24/recording8982938992773704047.mp3,ydqKEG3N96hSPx30aZmlaA
https://crworkspace.s3.ap-south-1.amazonaws.com/crdhs/private/2024/9/24/recording1197593023843906687.mp3,uYqrtx5arCcnr4tG7sd6lg
https://crworkspace.s3.ap-south-1.amazonaws.com/crdhs/private/2024/9/20/recording13718657600758447309.mp3,BLmLGiY4oMJo4ciP7raOEA
https://crworkspace.s3.ap-south-1.amazonaws.com/crdhs/private/2024/9/20/recording9761714656232212796.mp3,UeKFBD7PGr966lvXrKg0jw
https://crworkspace.s3.ap-south-1.amazonaws.com/crdhs/private/2024/9/23/recording2376339425739282479.mp3,nkL09XyJjA4VBEtCZgYlMw
https://crworkspace.s3.ap-south-1.amazonaws.com/crdhs/private/2024/9/24/recording11230418684671372363.mp3,CCyjCg3iZ_u-8yz6G2ko_Q
https://crworkspace.s3.ap-south-1.amazonaws.com/crdhs/private/2024/9/21/recording12696144600585423007.mp3,M5wjT9afh-qna0lUHQneMQ
https://crworkspace.s3.ap-south-1.amazonaws.com/crdhs/private/2024/9/21/recording1678433095540255790.mp3,fsTSYyudkQ1Fw170Oz6I7w
https://crworkspace.s3.ap-south-1.amazonaws.com/crdhs/private/2024/10/6/recording3052218681305630951.mp3,PIPZHsDvYKKqTC82b2Nn6w
https://crworkspace.s3.ap-south-1.amazonaws.com/crdhs/private/2024/9/23/recording16948498164548372455.mp3,6qqTBdQdC-kJqtSADzXy-w
https://crworkspace.s3.ap-south-1.amazonaws.com/crdhs/private/2024/11/26/recording.mp3,-8AhiNg6tiGz8N7jiEqUFA
https://crworkspace.s3.ap-south-1.amazonaws.com/crdhs/private/2024/9/26/recording16014936254074164949.mp3,aNnqMiyQ5iK_651cwC040w
https://crworkspace.s3.ap-south-1.amazonaws.com/crdhs/private/2024/9/24/recording14323758568621827250.mp3,dMCe3uWgH300NWvIu1vFgA
https://crworkspace.s3.ap-south-1.amazonaws.com/crdhs/private/2024/9/23/recording13180943118746617611.mp3,ED9F7FjABShPxVfNLvsthw
https://crworkspace.s3.ap-south-1.amazonaws.com/crdhs/private/2024/11/6/recording.mp3,--HarojsWojLTjUTow1RHA
https://crworkspace.s3.ap-south-1.amazonaws.com/crdhs/private/2024/9/24/recording7775065661010296722.mp3,0bMpz6FIcQueiy4nBoONGQ
https://crworkspace.s3.ap-south-1.amazonaws.com/crdhs/private/2024/9/20/recording4185556266494422198.mp3,Gz3fNePq8tyzmcD0cniUdA
https://crworkspace.s3.ap-south-1.amazonaws.com/crdhs/private/2024/11/21/recording.mp3,--CsMlwV1w_m0om101_Z1w
https://crworkspace.s3.ap-south-1.amazonaws.com/crdhs/private/2024/9/23/recording10442168151854627820.mp3,Wqu1M_rGOjRhnciYbKU8xA
https://crworkspace.s3.ap-south-1.amazonaws.com/crdhs/private/2024/9/23/recording358118645749692369.mp3,wkDEWx31-WaxetoLyILsbg
https://crworkspace.s3.ap-south-1.amazonaws.com/crdhs/private/2024/9/23/recording12143416521291346777.mp3,eEBL7Tt7TpMJZ9imKxpxFw
https://crworkspace.s3.ap-south-1.amazonaws.com/crdhs/private/2024/9/20/recording2265491896639301040.mp3,p0aI3-z7_KPCkOFEoNcdKQ
https://crworkspace.s3.ap-south-1.amazonaws.com/crdhs/private/2024/9/24/recording4712018142924352956.mp3,rXQGWPoFpazyCmHVo9TaBQ
https://crworkspace.s3.ap-south-1.amazonaws.com/crdhs/private/2024/9/20/recording15554591444181208437.mp3,PGy7TmNKR-htqHTB8NklFA
https://crworkspace.s3.ap-south-1.amazonaws.com/crdhs/private/2024/9/20/recording13406546142181266318.mp3,NugeTACYZpi-JjpT4YyQuQ
https://crworkspace.s3.ap-south-1.amazonaws.com/crdhs/private/2024/9/21/recording11076328482187637929.mp3,PP3XyPaTuCFtOwXX5XB4QQ
https://crworkspace.s3.ap-south-1.amazonaws.com/crdhs/private/2024/9/24/recording10772961771686487442.mp3,PC90CcrXtfmgOaOb6nG8Qg
https://crworkspace.s3.ap-south-1.amazonaws.com/crdhs/private/2024/9/24/recording2438686924673848642.mp3,7rEjJNye_oEf0lxpshaoVw
https://crworkspace.s3.ap-south-1.amazonaws.com/crdhs/private/2024/10/6/recording16907992060059818390.mp3,UerYv99yx4Hg9gZCn1HRBA
https://crworkspace.s3.ap-south-1.amazonaws.com/crdhs/private/2024/9/23/recording6930266020863017223.mp3,pluHxZnrhEVv3KLonhfb-g
https://crworkspace.s3.ap-south-1.amazonaws.com/crdhs/private/2024/11/6/recording.mp3,--HarojsWojLTjUTow1RHA
https://crworkspace.s3.ap-south-1.amazonaws.com/crdhs/private/2024/9/20/recording3484077812673718163.mp3,U8Ng98jKSmP1x2LEVssIGA
https://crworkspace.s3.ap-south-1.amazonaws.com/crdhs/private/2024/9/24/recording15158005266416884967.mp3,GHjRzAQlKrly95q7VoCDmQ
https://crworkspace.s3.ap-south-1.amazonaws.com/crdhs/private/2024/9/20/recording6185880745721867787.mp3,3flOu02xHpxCcdoFBOWJsQ
https://crworkspace.s3.ap-south-1.amazonaws.com/crdhs/private/2024/11/26/recording.mp3,-8AhiNg6tiGz8N7jiEqUFA
https://crworkspace.s3.ap-south-1.amazonaws.com/crdhs/private/2024/9/21/recording6878534432758719018.mp3,DFMgLEhxSDUj2JxIb4OyBA
https://crworkspace.s3.ap-south-1.amazonaws.com/crdhs/private/2024/9/20/recording7883722814404033133.mp3,1m_ja97_CsdkanQJAUJ57g
https://crworkspace.s3.ap-south-1.amazonaws.com/crdhs/private/2024/9/23/recording10825160013775894873.mp3,JKX8ePeoEkv67gmmURgBpw
https://crworkspace.s3.ap-south-1.amazonaws.com/crdhs/private/2024/11/26/recording.mp3,-8AhiNg6tiGz8N7jiEqUFA
https://crworkspace.s3.ap-south-1.amazonaws.com/crdhs/private/2024/9/20/recording16453143493214555497.mp3,wdtlx7NV5IeXtwZN6lsaow
https://crworkspace.s3.ap-south-1.amazonaws.com/crdhs/private/2024/9/24/recording14706046768086546818.mp3,HHuIMBFa1IV1hcfsfW-SBA
https://crworkspace.s3.ap-south-1.amazonaws.com/crdhs/private/2024/9/23/recording5327459679354488906.mp3,VwxwOzCnRraE4Q4ZmK-ibw
https://crworkspace.s3.ap-south-1.amazonaws.com/crdhs/private/2024/11/26/recording.mp3,-8AhiNg6tiGz8N7jiEqUFA
https://crworkspace.s3.ap-south-1.amazonaws.com/crdhs/private/2024/11/6/recording.mp3,--HarojsWojLTjUTow1RHA
https://crworkspace.s3.ap-south-1.amazonaws.com/crdhs/private/2024/9/25/recording673357298126952430.mp3,ovGI6-TNz_quAv-aq_Zuhg
https://crworkspace.s3.ap-south-1.amazonaws.com/crdhs/private/2024/9/20/recording15022187983604084601.mp3,8ZXG721C87kardIuVqRMyA
https://crworkspace.s3.ap-south-1.amazonaws.com/crdhs/private/2024/11/26/recording.mp3,-8AhiNg6tiGz8N7jiEqUFA
https://crworkspace.s3.ap-south-1.amazonaws.com/crdhs/private/2024/11/6/recording.mp3,--HarojsWojLTjUTow1RHA
https://crworkspace.s3.ap-south-1.amazonaws.com/crdhs/private/2024/9/21/recording13724108972831335386.mp3,_XwvEFnSbDUGXM5JSb0RkQ
https://crworkspace.s3.ap-south-1.amazonaws.com/crdhs/private/2024/9/24/recording10427975999724160634.mp3,XT-HQwNZpyMPOPQhX5LZQA
https://crworkspace.s3.ap-south-1.amazonaws.com/crdhs/private/2024/9/24/recording10647431446492600632.mp3,yimhT8nTp32fG21fjFXtKA
https://crworkspace.s3.ap-south-1.amazonaws.com/crdhs/private/2024/9/26/recording14852720690724579913.mp3,Rb5osBFjWjvGsJaEx2I7VQ
https://crworkspace.s3.ap-south-1.amazonaws.com/crdhs/private/2024/10/7/recording1024309120069867454.mp3,DEd3UqrIZJNkeaCGeH76Vw
https://crworkspace.s3.ap-south-1.amazonaws.com/crdhs/private/2024/11/26/recording.mp3,-8AhiNg6tiGz8N7jiEqUFA
https://crworkspace.s3.ap-south-1.amazonaws.com/crdhs/private/2024/11/6/recording.mp3,--HarojsWojLTjUTow1RHA
https://crworkspace.s3.ap-south-1.amazonaws.com/crdhs/private/2024/11/6/recording.mp3,--HarojsWojLTjUTow1RHA
https://crworkspace.s3.ap-south-1.amazonaws.com/crdhs/private/2024/11/6/recording.mp3,--HarojsWojLTjUTow1RHA
https://crworkspace.s3.ap-south-1.amazonaws.com/crdhs/private/2024/11/6/recording.mp3,--HarojsWojLTjUTow1RHA
https://crworkspace.s3.ap-south-1.amazonaws.com/crdhs/private/2024/11/6/recording.mp3,--HarojsWojLTjUTow1RHA
https://crworkspace.s3.ap-south-1.amazonaws.com/crdhs/private/2024/9/26/recording8218572898054941010.mp3,b2vhSIV2AGcO_0quSRqpUg
https://crworkspace.s3.ap-south-1.amazonaws.com/crdhs/private/2024/9/23/recording4452007727031633961.mp3,WutiGfLoVvzmAD1BhKqtGw
https://crworkspace.s3.ap-south-1.amazonaws.com/crdhs/private/2024/11/26/recording.mp3,-8AhiNg6tiGz8N7jiEqUFA
https://crworkspace.s3.ap-south-1.amazonaws.com/crdhs/private/2024/11/6/recording.mp3,--HarojsWojLTjUTow1RHA
https://crworkspace.s3.ap-south-1.amazonaws.com/crdhs/private/2024/11/21/recording.mp3,--CsMlwV1w_m0om101_Z1w
https://crworkspace.s3.ap-south-1.amazonaws.com/crdhs/private/2024/9/28/recording7659284635441852798.mp3,6KtfxL-Uv3VZ4d00WxX6kw
https://crworkspace.s3.ap-south-1.amazonaws.com/crdhs/private/2024/9/24/recording13850331664632087927.mp3,tabxmKUKa9ExqJgAwUMQYw
https://crworkspace.s3.ap-south-1.amazonaws.com/crdhs/private/2024/10/7/recording10156922054362846391.mp3,v-ei2ZWuosIgRQSJOmnjyw
https://crworkspace.s3.ap-south-1.amazonaws.com/crdhs/private/2024/11/26/recording.mp3,-8AhiNg6tiGz8N7jiEqUFA
https://crworkspace.s3.ap-south-1.amazonaws.com/crdhs/private/2024/11/6/recording.mp3,--HarojsWojLTjUTow1RHA
https://crworkspace.s3.ap-south-1.amazonaws.com/crdhs/private/2024/11/6/recording.mp3,--HarojsWojLTjUTow1RHA
https://crworkspace.s3.ap-south-1.amazonaws.com/crdhs/private/2024/9/24/recording6712397334601977391.mp3,Iz9FWxAjVd6Rx0ss2LzlDw
https://crworkspace.s3.ap-south-1.amazonaws.com/crdhs/private/2024/11/26/recording.mp3,-8AhiNg6tiGz8N7jiEqUFA
https://crworkspace.s3.ap-south-1.amazonaws.com/crdhs/private/2024/11/26/recording.mp3,-8AhiNg6tiGz8N7jiEqUFA
https://crworkspace.s3.ap-south-1.amazonaws.com/crdhs/private/2024/10/7/recording13272338796187416784.mp3,oxIFDgzJtDE79BXxEEaMLw
https://crworkspace.s3.ap-south-1.amazonaws.com/crdhs/private/2024/11/21/recording.mp3,--CsMlwV1w_m0om101_Z1w
https://crworkspace.s3.ap-south-1.amazonaws.com/crdhs/private/2024/9/24/recording13262271200458407554.mp3,BUo75_lxlrc46uZjQOdcBQ
https://crworkspace.s3.ap-south-1.amazonaws.com/crdhs/private/2024/10/6/recording10012731503562591732.mp3,UlPuAePRM4R989ZxzMCs2A
https://crworkspace.s3.ap-south-1.amazonaws.com/crdhs/private/2024/10/6/recording2410160794896522870.mp3,B_hr5h7mPSz30BB7jnorkw
https://crworkspace.s3.ap-south-1.amazonaws.com/crdhs/private/2024/9/25/recording13579177482558025102.mp3,oqdd36rbbliVsMRWx1KhEA
https://crworkspace.s3.ap-south-1.amazonaws.com/crdhs/private/2024/9/20/recording18158765142944663205.mp3,jrDeazFwyoBlC1mGTf5__g
https://crworkspace.s3.ap-south-1.amazonaws.com/crdhs/private/2024/9/23/recording7806038812745319362.mp3,FAe8IAO0AFON0blAmX6JPQ
https://crworkspace.s3.ap-south-1.amazonaws.com/crdhs/private/2024/9/21/recording14939219639965232456.mp3,x7G9s2kTNGYeuvg6gw7i6w
https://crworkspace.s3.ap-south-1.amazonaws.com/crdhs/private/2024/9/20/recording3420157598883437238.mp3,0KByTruhmftC9ESKmKdskA
https://crworkspace.s3.ap-south-1.amazonaws.com/crdhs/private/2024/11/6/recording.mp3,--HarojsWojLTjUTow1RHA
https://crworkspace.s3.ap-south-1.amazonaws.com/crdhs/private/2024/10/7/recording6095100636528771696.mp3,ahbfH_nymVGyJKEd0Lttow
https://crworkspace.s3.ap-south-1.amazonaws.com/crdhs/private/2024/9/25/recording2134122998457265333.mp3,42pr6hy9dS_8Qs7JAN8LoQ
https://crworkspace.s3.ap-south-1.amazonaws.com/crdhs/private/2024/9/21/recording7707272325481414364.mp3,sqpp7JkE54nHVARB5qGg4w
https://crworkspace.s3.ap-south-1.amazonaws.com/crdhs/private/2024/11/21/recording.mp3,--CsMlwV1w_m0om101_Z1w
https://crworkspace.s3.ap-south-1.amazonaws.com/crdhs/private/2024/10/7/recording15759339708943194237.mp3,P5QSV14S-IZ7OTVOrIR40A
https://crworkspace.s3.ap-south-1.amazonaws.com/crdhs/private/2024/11/21/recording.mp3,--CsMlwV1w_m0om101_Z1w
https://crworkspace.s3.ap-south-1.amazonaws.com/crdhs/private/2024/9/23/recording10315548039953190644.mp3,efJ4E0CxE4O4ykWfylC9nA
https://crworkspace.s3.ap-south-1.amazonaws.com/crdhs/private/2024/9/20/recording1255137015970240961.mp3,YzLiGMPWwBEXOJpvkBy7HQ
https://crworkspace.s3.ap-south-1.amazonaws.com/crdhs/private/2024/9/23/recording4665514012735870882.mp3,vfMxbIpFTXznG71auJshXg
https://crworkspace.s3.ap-south-1.amazonaws.com/crdhs/private/2024/11/6/recording.mp3,--HarojsWojLTjUTow1RHA
https://crworkspace.s3.ap-south-1.amazonaws.com/crdhs/private/2024/11/21/recording.mp3,--CsMlwV1w_m0om101_Z1w
https://crworkspace.s3.ap-south-1.amazonaws.com/crdhs/private/2024/9/23/recording15821292824997847241.mp3,tz4P5KyWgBmvif0-lDvNQQ
https://crworkspace.s3.ap-south-1.amazonaws.com/crdhs/private/2024/9/25/recording10899373793830268612.mp3,pUWLLOjasbGwjzZnMrmuwQ
https://crworkspace.s3.ap-south-1.amazonaws.com/crdhs/private/2024/11/21/recording.mp3,--CsMlwV1w_m0om101_Z1w
https://crworkspace.s3.ap-south-1.amazonaws.com/crdhs/private/2024/11/6/recording.mp3,--HarojsWojLTjUTow1RHA
https://crworkspace.s3.ap-south-1.amazonaws.com/crdhs/private/2024/11/26/recording.mp3,-8AhiNg6tiGz8N7jiEqUFA
https://crworkspace.s3.ap-south-1.amazonaws.com/crdhs/private/2024/10/7/recording10273897891474966865.mp3,eiibGXciwuD37F3TODc6yw
https://crworkspace.s3.ap-south-1.amazonaws.com/crdhs/private/2024/11/6/recording.mp3,--HarojsWojLTjUTow1RHA
https://crworkspace.s3.ap-south-1.amazonaws.com/crdhs/private/2024/10/7/recording17422011269023124906.mp3,OnT_t2aJO8zYXCX_HsiJ1g
https://crworkspace.s3.ap-south-1.amazonaws.com/crdhs/private/2024/11/21/recording.mp3,--CsMlwV1w_m0om101_Z1w
https://crworkspace.s3.ap-south-1.amazonaws.com/crdhs/private/2024/11/6/recording.mp3,--HarojsWojLTjUTow1RHA
https://crworkspace.s3.ap-south-1.amazonaws.com/crdhs/private/2024/9/23/recording10135572771268813418.mp3,oFJJKqoRh5KZIef9Ab5Wxg
https://crworkspace.s3.ap-south-1.amazonaws.com/crdhs/private/2024/9/24/recording9790496489721674543.mp3,Fg5doKNafyu6ARy3gzFUIA
https://crworkspace.s3.ap-south-1.amazonaws.com/crdhs/private/2024/10/7/recording5648345633712995898.mp3,VvKR94-5skl9qLTa18tFjw
https://crworkspace.s3.ap-south-1.amazonaws.com/crdhs/private/2024/9/23/recording17975281952094773951.mp3,VC2itM8LL_X47Gi46yLqfw
https://crworkspace.s3.ap-south-1.amazonaws.com/crdhs/private/2024/9/26/recording8063801933634924125.mp3,d4iK_buzraOCcrduOw77ug
https://crworkspace.s3.ap-south-1.amazonaws.com/crdhs/private/2024/9/24/recording8686890100854365192.mp3,GsbPVZsRdp3GDR4bOmzaOA
https://crworkspace.s3.ap-south-1.amazonaws.com/crdhs/private/2024/11/6/recording.mp3,--HarojsWojLTjUTow1RHA
https://crworkspace.s3.ap-south-1.amazonaws.com/crdhs/private/2024/9/25/recording10475710596123230751.mp3,D9fuzB7un5HkD6h4CGIM1Q
https://crworkspace.s3.ap-south-1.amazonaws.com/crdhs/private/2024/11/6/recording.mp3,--HarojsWojLTjUTow1RHA
https://crworkspace.s3.ap-south-1.amazonaws.com/crdhs/private/2024/9/24/recording16787247834699429305.mp3,RvR6KzEPCI2pV7VZ3kj-PA
https://crworkspace.s3.ap-south-1.amazonaws.com/crdhs/private/2024/11/21/recording.mp3,--CsMlwV1w_m0om101_Z1w
https://crworkspace.s3.ap-south-1.amazonaws.com/crdhs/private/2024/10/6/recording12521698007179107232.mp3,qZujha7Ns9NajBJt8p4qWA
https://crworkspace.s3.ap-south-1.amazonaws.com/crdhs/private/2024/9/21/recording16792404722554549077.mp3,VtGT5-g8bpbRggmjVHDzVA
https://crworkspace.s3.ap-south-1.amazonaws.com/crdhs/private/2024/11/21/recording.mp3,--CsMlwV1w_m0om101_Z1w
https://crworkspace.s3.ap-south-1.amazonaws.com/crdhs/private/2024/9/26/recording3500990691002192270.mp3,gAk1Zoi7IviehoGM0d7DfA
https://crworkspace.s3.ap-south-1.amazonaws.com/crdhs/private/2024/11/6/recording.mp3,--HarojsWojLTjUTow1RHA
https://crworkspace.s3.ap-south-1.amazonaws.com/crdhs/private/2024/10/6/recording7767084067146700573.mp3,5wDhll3n5tRNIjfBRpVOPg
https://crworkspace.s3.ap-south-1.amazonaws.com/crdhs/private/2024/11/21/recording.mp3,--CsMlwV1w_m0om101_Z1w
https://crworkspace.s3.ap-south-1.amazonaws.com/crdhs/private/2024/9/23/recording8967190853614266585.mp3,pdTHOridCOy559OnFaZHyg
https://crworkspace.s3.ap-south-1.amazonaws.com/crdhs/private/2024/9/24/recording7502115354285575432.mp3,ec5aSfPGxTDBz_hXzj5hYQ
https://crworkspace.s3.ap-south-1.amazonaws.com/crdhs/private/2024/10/7/recording13602456989167340125.mp3,QYmRE3_kTrBnkabhm0iyCA
https://crworkspace.s3.ap-south-1.amazonaws.com/crdhs/private/2024/9/20/recording2010357883636428694.mp3,Dn0uA0GtCTMr5NSeTuTKbA
https://crworkspace.s3.ap-south-1.amazonaws.com/crdhs/private/2024/10/7/recording11107317403670883947.mp3,dvK4uO_PrveZ04VXJ6qibA
https://crworkspace.s3.ap-south-1.amazonaws.com/crdhs/private/2024/11/6/recording.mp3,--HarojsWojLTjUTow1RHA
https://crworkspace.s3.ap-south-1.amazonaws.com/crdhs/private/2024/11/6/recording.mp3,--HarojsWojLTjUTow1RHA
https://crworkspace.s3.ap-south-1.amazonaws.com/crdhs/private/2024/11/26/recording.mp3,-8AhiNg6tiGz8N7jiEqUFA
https://crworkspace.s3.ap-south-1.amazonaws.com/crdhs/private/2024/11/21/recording.mp3,--CsMlwV1w_m0om101_Z1w
https://crworkspace.s3.ap-south-1.amazonaws.com/crdhs/private/2024/11/21/recording.mp3,--CsMlwV1w_m0om101_Z1w
https://crworkspace.s3.ap-south-1.amazonaws.com/crdhs/private/2024/11/6/recording.mp3,--HarojsWojLTjUTow1RHA
https://crworkspace.s3.ap-south-1.amazonaws.com/crdhs/private/2024/11/6/recording.mp3,--HarojsWojLTjUTow1RHA
https://crworkspace.s3.ap-south-1.amazonaws.com/crdhs/private/2024/11/6/recording.mp3,--HarojsWojLTjUTow1RHA
https://crworkspace.s3.ap-south-1.amazonaws.com/crdhs/private/2024/11/6/recording.mp3,--HarojsWojLTjUTow1RHA
https://crworkspace.s3.ap-south-1.amazonaws.com/crdhs/private/2024/10/6/recording14864220552585180416.mp3,j-Rg7L1_joFvDUZWzYjj-A
https://crworkspace.s3.ap-south-1.amazonaws.com/crdhs/private/2024/11/6/recording.mp3,--HarojsWojLTjUTow1RHA
https://crworkspace.s3.ap-south-1.amazonaws.com/crdhs/private/2024/11/6/recording.mp3,--HarojsWojLTjUTow1RHA
https://crworkspace.s3.ap-south-1.amazonaws.com/crdhs/private/2024/11/26/recording.mp3,-8AhiNg6tiGz8N7jiEqUFA
https://crworkspace.s3.ap-south-1.amazonaws.com/crdhs/private/2024/11/6/recording.mp3,--HarojsWojLTjUTow1RHA
https://crworkspace.s3.ap-south-1.amazonaws.com/crdhs/private/2024/11/6/recording.mp3,--HarojsWojLTjUTow1RHA
https://crworkspace.s3.ap-south-1.amazonaws.com/crdhs/private/2024/11/26/recording.mp3,-8AhiNg6tiGz8N7jiEqUFA
https://crworkspace.s3.ap-south-1.amazonaws.com/crdhs/private/2024/11/21/recording.mp3,--CsMlwV1w_m0om101_Z1w
https://crworkspace.s3.ap-south-1.amazonaws.com/crdhs/private/2024/11/21/recording.mp3,--CsMlwV1w_m0om101_Z1w
https://crworkspace.s3.ap-south-1.amazonaws.com/crdhs/private/2024/11/6/recording.mp3,--HarojsWojLTjUTow1RHA
https://crworkspace.s3.ap-south-1.amazonaws.com/crdhs/private/2024/11/26/recording.mp3,-8AhiNg6tiGz8N7jiEqUFA
https://crworkspace.s3.ap-south-1.amazonaws.com/crdhs/private/2024/11/6/recording.mp3,--HarojsWojLTjUTow1RHA
https://crworkspace.s3.ap-south-1.amazonaws.com/crdhs/private/2024/10/6/recording17783845680608693716.mp3,YuExNHbecdgLE1uZzUKJ0Q
https://crworkspace.s3.ap-south-1.amazonaws.com/crdhs/private/2024/11/26/recording.mp3,-8AhiNg6tiGz8N7jiEqUFA
https://crworkspace.s3.ap-south-1.amazonaws.com/crdhs/private/2024/10/6/recording7545494799647464580.mp3,4oN7biQfYuX8sxLtQeu5bQ
https://crworkspace.s3.ap-south-1.amazonaws.com/crdhs/private/2024/11/6/recording.mp3,--HarojsWojLTjUTow1RHA
https://crworkspace.s3.ap-south-1.amazonaws.com/crdhs/private/2024/9/24/recording3598869463076125082.mp3,WI3YnQoRVdn7_Fjvd8z-rg
https://crworkspace.s3.ap-south-1.amazonaws.com/crdhs/private/2024/11/6/recording.mp3,--HarojsWojLTjUTow1RHA
https://crworkspace.s3.ap-south-1.amazonaws.com/crdhs/private/2024/11/21/recording.mp3,--CsMlwV1w_m0om101_Z1w
https://crworkspace.s3.ap-south-1.amazonaws.com/crdhs/private/2024/11/6/recording.mp3,--HarojsWojLTjUTow1RHA
https://crworkspace.s3.ap-south-1.amazonaws.com/crdhs/private/2024/10/7/recording16023107558624094304.mp3,4QebN9ywD9j7IEVONl7uZw
https://crworkspace.s3.ap-south-1.amazonaws.com/crdhs/private/2024/11/6/recording.mp3,--HarojsWojLTjUTow1RHA
https://crworkspace.s3.ap-south-1.amazonaws.com/crdhs/private/2024/11/6/recording.mp3,--HarojsWojLTjUTow1RHA
https://crworkspace.s3.ap-south-1.amazonaws.com/crdhs/private/2024/11/26/recording.mp3,-8AhiNg6tiGz8N7jiEqUFA
https://crworkspace.s3.ap-south-1.amazonaws.com/crdhs/private/2024/9/23/recording1929324463108173351.mp3,1gDhSf_5Sl8h7RSLh0-xdg
https://crworkspace.s3.ap-south-1.amazonaws.com/crdhs/private/2024/9/24/recording14933383285113199576.mp3,n3RtuabPcHaGxIDkX3HW1A
https://crworkspace.s3.ap-south-1.amazonaws.com/crdhs/private/2024/11/21/recording.mp3,--CsMlwV1w_m0om101_Z1w
https://crworkspace.s3.ap-south-1.amazonaws.com/crdhs/private/2024/11/26/recording.mp3,-8AhiNg6tiGz8N7jiEqUFA
https://crworkspace.s3.ap-south-1.amazonaws.com/crdhs/private/2024/11/26/recording.mp3,-8AhiNg6tiGz8N7jiEqUFA
https://crworkspace.s3.ap-south-1.amazonaws.com/crdhs/private/2024/11/26/recording.mp3,-8AhiNg6tiGz8N7jiEqUFA
https://crworkspace.s3.ap-south-1.amazonaws.com/crdhs/private/2024/11/6/recording.mp3,--HarojsWojLTjUTow1RHA
https://crworkspace.s3.ap-south-1.amazonaws.com/crdhs/private/2024/11/21/recording.mp3,--CsMlwV1w_m0om101_Z1w
https://crworkspace.s3.ap-south-1.amazonaws.com/crdhs/private/2024/9/26/recording7778855116092697590.mp3,JAQvWkhFgQaJYJZz2VjmDA
https://crworkspace.s3.ap-south-1.amazonaws.com/crdhs/private/2024/10/7/recording1462097875618741652.mp3,Ojj3LMZPumb0YYzV86M1Ig
https://crworkspace.s3.ap-south-1.amazonaws.com/crdhs/private/2024/11/26/recording.mp3,-8AhiNg6tiGz8N7jiEqUFA
https://crworkspace.s3.ap-south-1.amazonaws.com/crdhs/private/2024/11/6/recording.mp3,--HarojsWojLTjUTow1RHA
https://crworkspace.s3.ap-south-1.amazonaws.com/crdhs/private/2024/11/21/recording.mp3,--CsMlwV1w_m0om101_Z1w
https://crworkspace.s3.ap-south-1.amazonaws.com/crdhs/private/2024/9/21/recording8415872753629685055.mp3,WneVhSFf9X3aqm26iGJ9_A
https://crworkspace.s3.ap-south-1.amazonaws.com/crdhs/private/2024/10/7/recording16947973435063239303.mp3,rmjLHXMuav--Og1vlj2gpg
https://crworkspace.s3.ap-south-1.amazonaws.com/crdhs/private/2024/11/21/recording.mp3,--CsMlwV1w_m0om101_Z1w
https://crworkspace.s3.ap-south-1.amazonaws.com/crdhs/private/2024/11/26/recording.mp3,-8AhiNg6tiGz8N7jiEqUFA
https://crworkspace.s3.ap-south-1.amazonaws.com/crdhs/private/2024/9/24/recording4228184342043826830.mp3,6WhqzVoIZ89xfzMfI7kRwQ
https://crworkspace.s3.ap-south-1.amazonaws.com/crdhs/private/2024/10/7/recording201440195689879698.mp3,OYMt2fzplPij130FBR29ig
https://crworkspace.s3.ap-south-1.amazonaws.com/crdhs/private/2024/11/21/recording.mp3,--CsMlwV1w_m0om101_Z1w
https://crworkspace.s3.ap-south-1.amazonaws.com/crdhs/private/2024/11/21/recording.mp3,--CsMlwV1w_m0om101_Z1w
https://crworkspace.s3.ap-south-1.amazonaws.com/crdhs/private/2024/11/26/recording.mp3,-8AhiNg6tiGz8N7jiEqUFA
https://crworkspace.s3.ap-south-1.amazonaws.com/crdhs/private/2024/11/26/recording.mp3,-8AhiNg6tiGz8N7jiEqUFA
https://crworkspace.s3.ap-south-1.amazonaws.com/crdhs/private/2024/9/20/recording4588225774183760919.mp3,SX0mGkTPHCuy9_ItTNmnbA
https://crworkspace.s3.ap-south-1.amazonaws.com/crdhs/private/2024/11/6/recording.mp3,--HarojsWojLTjUTow1RHA
https://crworkspace.s3.ap-south-1.amazonaws.com/crdhs/private/2024/10/6/recording5443041860371131408.mp3,7B2xsJHvdT9Zwwm3qvruWQ
https://crworkspace.s3.ap-south-1.amazonaws.com/crdhs/private/2024/11/21/recording.mp3,--CsMlwV1w_m0om101_Z1w
https://crworkspace.s3.ap-south-1.amazonaws.com/crdhs/private/2024/11/6/recording.mp3,--HarojsWojLTjUTow1RHA
https://crworkspace.s3.ap-south-1.amazonaws.com/crdhs/private/2024/10/6/recording14481744810431718163.mp3,Rc7eh4FqEGpDRA5e92Hxdg
https://crworkspace.s3.ap-south-1.amazonaws.com/crdhs/private/2024/11/6/recording.mp3,--HarojsWojLTjUTow1RHA
https://crworkspace.s3.ap-south-1.amazonaws.com/crdhs/private/2024/10/6/recording7850499872048213289.mp3,dWrRNGNA4I_g4eoXOXGDLQ
https://crworkspace.s3.ap-south-1.amazonaws.com/crdhs/private/2024/10/7/recording9138378151789363184.mp3,xk2oslFZ2Ay62p_bJQzfgQ
https://crworkspace.s3.ap-south-1.amazonaws.com/crdhs/private/2024/9/23/recording179391311472607844.mp3,XJAPly0MjXxSq2qxxpVocA
https://crworkspace.s3.ap-south-1.amazonaws.com/crdhs/private/2024/9/25/recording3905423550560209054.mp3,vMiQMgxWvtSLheRiJCsQ9w
https://crworkspace.s3.ap-south-1.amazonaws.com/crdhs/private/2024/11/6/recording.mp3,--HarojsWojLTjUTow1RHA
https://crworkspace.s3.ap-south-1.amazonaws.com/crdhs/private/2024/9/23/recording8468226872757308890.mp3,ZhOzy1R6DYQydawsZW7qPg
https://crworkspace.s3.ap-south-1.amazonaws.com/crdhs/private/2024/9/21/recording7546885797177732283.mp3,nARzW1AmjnZlG8WONXfiSA
https://crworkspace.s3.ap-south-1.amazonaws.com/crdhs/private/2024/10/7/recording16895086989075382262.mp3,avEUBUu_App7BdigCCvAAg
https://crworkspace.s3.ap-south-1.amazonaws.com/crdhs/private/2024/9/24/recording4992522372852952179.mp3,td1wysqBatQLRgU-9N_-sg
https://crworkspace.s3.ap-south-1.amazonaws.com/crdhs/private/2024/10/3/recording3179948798201400415.mp3,1CKRHgaM3eB_InbX2EndSg
https://crworkspace.s3.ap-south-1.amazonaws.com/crdhs/private/2024/10/3/recording8969378473353626545.mp3,-nOkR6tO9Aid3Qd5zqXB9Q
https://crworkspace.s3.ap-south-1.amazonaws.com/crdhs/private/2024/11/21/recording.mp3,--CsMlwV1w_m0om101_Z1w
https://crworkspace.s3.ap-south-1.amazonaws.com/crdhs/private/2024/9/23/recording17124952046829860613.mp3,5INDrw3OmzzdgggGgKslQg
https://crworkspace.s3.ap-south-1.amazonaws.com/crdhs/private/2024/11/21/recording.mp3,--CsMlwV1w_m0om101_Z1w
https://crworkspace.s3.ap-south-1.amazonaws.com/crdhs/private/2024/9/23/recording18208236042828885676.mp3,k3244OIfE90QqCNcfTO8bw
https://crworkspace.s3.ap-south-1.amazonaws.com/crdhs/private/2024/11/26/recording.mp3,-8AhiNg6tiGz8N7jiEqUFA
https://crworkspace.s3.ap-south-1.amazonaws.com/crdhs/private/2024/9/24/recording13653732905993518778.mp3,DwbcabPo-KTOYkUgUGTAQQ
https://crworkspace.s3.ap-south-1.amazonaws.com/crdhs/private/2024/9/25/recording2396764828463027136.mp3,e_V3WRdFMp_Y3RLAtQ-33g
https://crworkspace.s3.ap-south-1.amazonaws.com/crdhs/private/2024/9/24/recording8761976651097512888.mp3,-gFMgc90HfvJEkzMoJb3vg
https://crworkspace.s3.ap-south-1.amazonaws.com/crdhs/private/2024/10/6/recording4267481130121481608.mp3,XX4UvDWw1-tMia0LSUMzyw
https://crworkspace.s3.ap-south-1.amazonaws.com/crdhs/private/2024/9/25/recording16366644955144658066.mp3,Je1Y39taeidKmSNyID7pVw
https://crworkspace.s3.ap-south-1.amazonaws.com/crdhs/private/2024/11/6/recording.mp3,--HarojsWojLTjUTow1RHA
https://crworkspace.s3.ap-south-1.amazonaws.com/crdhs/private/2024/11/6/recording.mp3,--HarojsWojLTjUTow1RHA
https://crworkspace.s3.ap-south-1.amazonaws.com/crdhs/private/2024/11/26/recording.mp3,-8AhiNg6tiGz8N7jiEqUFA
https://crworkspace.s3.ap-south-1.amazonaws.com/crdhs/private/2024/9/24/recording17930770203465732542.mp3,KbZn4dOmq2ljFgIwWN4iFg
https://crworkspace.s3.ap-south-1.amazonaws.com/crdhs/private/2024/10/6/recording6454479882788633694.mp3,-gCNsXfDngBqoDd_PR8t5Q
https://crworkspace.s3.ap-south-1.amazonaws.com/crdhs/private/2024/11/6/recording.mp3,--HarojsWojLTjUTow1RHA
https://crworkspace.s3.ap-south-1.amazonaws.com/crdhs/private/2024/11/6/recording.mp3,--HarojsWojLTjUTow1RHA
https://crworkspace.s3.ap-south-1.amazonaws.com/crdhs/private/2024/11/6/recording.mp3,--HarojsWojLTjUTow1RHA
https://crworkspace.s3.ap-south-1.amazonaws.com/crdhs/private/2024/11/6/recording.mp3,--HarojsWojLTjUTow1RHA
https://crworkspace.s3.ap-south-1.amazonaws.com/crdhs/private/2024/11/6/recording.mp3,--HarojsWojLTjUTow1RHA
https://crworkspace.s3.ap-south-1.amazonaws.com/crdhs/private/2024/11/26/recording.mp3,-8AhiNg6tiGz8N7jiEqUFA
https://crworkspace.s3.ap-south-1.amazonaws.com/crdhs/private/2024/9/24/recording13996712144819677379.mp3,3GvEt4VOPsBtHDxQkHGeIQ
https://crworkspace.s3.ap-south-1.amazonaws.com/crdhs/private/2024/9/21/recording936689849202335752.mp3,O5fTBdDT2y9N7hRezLplxw
https://crworkspace.s3.ap-south-1.amazonaws.com/crdhs/private/2024/9/20/recording13071741209683957327.mp3,xS9yoU9dW6w6FTUZ2zJB8g
https://crworkspace.s3.ap-south-1.amazonaws.com/crdhs/private/2024/9/21/recording13123138032230463222.mp3,JL5ISpNkdkfHk8fv7RjBNQ
https://crworkspace.s3.ap-south-1.amazonaws.com/crdhs/private/2024/9/26/recording698775661525120684.mp3,GSk41cZflHy9QsUj4zkcXg
https://crworkspace.s3.ap-south-1.amazonaws.com/crdhs/private/2024/9/26/recording10712193086210224241.mp3,GjLMUFYreNBE0Vez5M7RdQ
https://crworkspace.s3.ap-south-1.amazonaws.com/crdhs/private/2024/9/21/recording1930072245027581039.mp3,Jl6lG0A-dFXbsSfnr99vLQ
https://crworkspace.s3.ap-south-1.amazonaws.com/crdhs/private/2024/9/26/recording11230954301932264568.mp3,m0xfy0naGOsIY84cTxcEuA
https://crworkspace.s3.ap-south-1.amazonaws.com/crdhs/private/2024/9/21/recording502968042230464274.mp3,MQtDJvZxJdq8jspFdY4J7w
https://crworkspace.s3.ap-south-1.amazonaws.com/crdhs/private/2024/9/23/recording4694372213826095530.mp3,x89M_OriUFVAyaU3Zb6UEQ
https://crworkspace.s3.ap-south-1.amazonaws.com/crdhs/private/2024/9/20/recording11511455052647418989.mp3,iLDiYHMmsIuYO-QBvG0EYg
https://crworkspace.s3.ap-south-1.amazonaws.com/crdhs/private/2024/9/20/recording7700032602474471771.mp3,XDa_c0F9YYhAjvSUhDm_bw
https://crworkspace.s3.ap-south-1.amazonaws.com/crdhs/private/2024/9/25/recording5776827595522218795.mp3,KRihRFRj6r8oNx3N14eihQ
https://crworkspace.s3.ap-south-1.amazonaws.com/crdhs/private/2024/9/21/recording12093745864474417597.mp3,v4iV4MNJEBAKKmMAcBy3EQ
https://crworkspace.s3.ap-south-1.amazonaws.com/crdhs/private/2024/9/21/recording230557909282724546.mp3,CMwZoJN0mirIqNqQV8yxMw
https://crworkspace.s3.ap-south-1.amazonaws.com/crdhs/private/2024/9/23/recording998122753224447101.mp3,exL62IZIHG77Wikt9D6Cxg
https://crworkspace.s3.ap-south-1.amazonaws.com/crdhs/private/2024/9/20/recording17152296740542949814.mp3,xDxseZmorKDJvWZF38i3jQ
https://crworkspace.s3.ap-south-1.amazonaws.com/crdhs/private/2024/9/26/recording9010223131331447400.mp3,ISPYhtihc_UqHK2TlFWlGQ
https://crworkspace.s3.ap-south-1.amazonaws.com/crdhs/private/2024/9/20/recording8469815573389803070.mp3,apyVs2kV83whih-7oHnw_Q
https://crworkspace.s3.ap-south-1.amazonaws.com/crdhs/private/2024/9/20/recording17790568928103393382.mp3,fr8vlZMY1ZWNUgSJ-STEzQ
https://crworkspace.s3.ap-south-1.amazonaws.com/crdhs/private/2024/9/23/recording14555386259014434446.mp3,YIe4w3b-qe2-PKPA1ezWOw
https://crworkspace.s3.ap-south-1.amazonaws.com/crdhs/private/2024/9/20/recording14502402686511754632.mp3,mznt5lc29A9j-nx3Zes6tQ
https://crworkspace.s3.ap-south-1.amazonaws.com/crdhs/private/2024/9/23/recording1966822228201194628.mp3,hqMP0T0t0hv8ocdHLqy1GQ
https://crworkspace.s3.ap-south-1.amazonaws.com/crdhs/private/2024/9/25/recording12342021235377138124.mp3,gWCI-tNnfpc0p03QFDqpaQ
https://crworkspace.s3.ap-south-1.amazonaws.com/crdhs/private/2024/9/20/recording9796516102587767220.mp3,L4A__cRl75ti9rnvkbvFrQ
https://crworkspace.s3.ap-south-1.amazonaws.com/crdhs/private/2024/9/21/recording1016392455475929069.mp3,apqtYxRKyw5XZ8hHjrM3Kw
https://crworkspace.s3.ap-south-1.amazonaws.com/crdhs/private/2024/9/20/recording11184392610429724369.mp3,klQ8pqwfdlxmoau_SqdvAA
https://crworkspace.s3.ap-south-1.amazonaws.com/crdhs/private/2024/9/21/recording16340732561675420594.mp3,oWM0tiaqHp1Auq9fqKuhLg
https://crworkspace.s3.ap-south-1.amazonaws.com/crdhs/private/2024/9/24/recording872816725720142555.mp3,hoBFDm-VobvFkP79m6Wr-Q
https://crworkspace.s3.ap-south-1.amazonaws.com/crdhs/private/2024/9/20/recording6090880933850650326.mp3,da9RWPx-80QWjaVdejJJGA
https://crworkspace.s3.ap-south-1.amazonaws.com/crdhs/private/2024/9/20/recording8801131941026430012.mp3,R_6w4rkIGLy2ELvsINSTwQ
https://crworkspace.s3.ap-south-1.amazonaws.com/crdhs/private/2024/9/21/recording11216105589264144798.mp3,EraDzI5cQckLzWI8qtNndg
https://crworkspace.s3.ap-south-1.amazonaws.com/crdhs/private/2024/9/20/recording13051207347630850729.mp3,x9dYpAbBUVejAwlyO4Polg
https://crworkspace.s3.ap-south-1.amazonaws.com/crdhs/private/2024/9/25/recording9980593969075220830.mp3,JIACA3BRuzib3iIL5Dd24Q
https://crworkspace.s3.ap-south-1.amazonaws.com/crdhs/private/2024/9/25/recording9069274016600716734.mp3,1A_cIC6tJwGvN2wMlDb_Gg
https://crworkspace.s3.ap-south-1.amazonaws.com/crdhs/private/2024/9/23/recording9829231772875725281.mp3,akV0II-m9lPOj6RRXUV41w
https://crworkspace.s3.ap-south-1.amazonaws.com/crdhs/private/2024/9/23/recording3247218431260104474.mp3,Y9TMrYfNoIIp-gFb77sVQA
https://crworkspace.s3.ap-south-1.amazonaws.com/crdhs/private/2024/9/20/recording669958150234571630.mp3,edXW7IhKPWjWXX2E-pAAnw
https://crworkspace.s3.ap-south-1.amazonaws.com/crdhs/private/2024/9/23/recording14699592320243548691.mp3,nL-svC1uP7-CFQlDq3hm8Q
https://crworkspace.s3.ap-south-1.amazonaws.com/crdhs/private/2024/9/20/recording15816152834534295927.mp3,ocHQE_bV_S7OI8fsOmk2jw
https://crworkspace.s3.ap-south-1.amazonaws.com/crdhs/private/2024/9/21/recording17204047543323899885.mp3,95BAnutSeRJvdKWS2Af4Sg
https://crworkspace.s3.ap-south-1.amazonaws.com/crdhs/private/2024/9/23/recording12781404388711589964.mp3,-FCUSJC-dhSKe-lvOE69pQ
https://crworkspace.s3.ap-south-1.amazonaws.com/crdhs/private/2024/9/23/recording17516525440718963628.mp3,3FxtedubBpNeTMOsdq0lKw
https://crworkspace.s3.ap-south-1.amazonaws.com/crdhs/private/2024/9/23/recording637619858293497875.mp3,hxFiq4HOAQZ4eVYyGamPMA
https://crworkspace.s3.ap-south-1.amazonaws.com/crdhs/private/2024/9/26/recording16841152340346802826.mp3,EhmlcocKSYODnl2cEZ5NBw
https://crworkspace.s3.ap-south-1.amazonaws.com/crdhs/private/2024/9/20/recording374369087040034347.mp3,jDwHjPEqitOnlSOQjYaXXA
https://crworkspace.s3.ap-south-1.amazonaws.com/crdhs/private/2024/9/24/recording13534911149119268426.mp3,cJ453XdV7IGhYVVR7A8cMw
https://crworkspace.s3.ap-south-1.amazonaws.com/crdhs/private/2024/9/20/recording16073039807824435433.mp3,EUxOuWQxGPK9jS5H3yNzdw
https://crworkspace.s3.ap-south-1.amazonaws.com/crdhs/private/2024/9/25/recording17008848941704108291.mp3,b8LcJLHsmvQPvIk_ud3l0w
https://crworkspace.s3.ap-south-1.amazonaws.com/crdhs/private/2024/9/20/recording18263066166887982133.mp3,2QtuKrKe-KRPix2DUsKuxg
https://crworkspace.s3.ap-south-1.amazonaws.com/crdhs/private/2024/9/20/recording10955438628766947206.mp3,kl1HSCKKS2uytd_IzBy34w
https://crworkspace.s3.ap-south-1.amazonaws.com/crdhs/private/2024/9/20/recording1835709616686293887.mp3,FfPeFtdpxe4DoB9bHZg15g
https://crworkspace.s3.ap-south-1.amazonaws.com/crdhs/private/2024/9/20/recording12917039418717185786.mp3,U3M26WeTAETI0OeFTWhOoA
https://crworkspace.s3.ap-south-1.amazonaws.com/crdhs/private/2024/9/20/recording9154395417311300928.mp3,f1IqH2LqK7dKKe2xbx-s3A
https://crworkspace.s3.ap-south-1.amazonaws.com/crdhs/private/2024/9/20/recording15931412364006814670.mp3,7epQVvotSYTKZ-hFJ9BvJw
https://crworkspace.s3.ap-south-1.amazonaws.com/crdhs/private/2024/9/23/recording1155781183831402730.mp3,RhaHhyKsi79Xy8I_1npw4A
https://crworkspace.s3.ap-south-1.amazonaws.com/crdhs/private/2024/9/21/recording11293489832859026595.mp3,56AxHY1Z2yaqmmiDfRynHA
https://crworkspace.s3.ap-south-1.amazonaws.com/crdhs/private/2024/9/20/recording9929184855860505622.mp3,ABT6H5B_c-nohEB_oECqSw
https://crworkspace.s3.ap-south-1.amazonaws.com/crdhs/private/2024/9/21/recording4892742390291311857.mp3,9TMznFAMZwM0eK_MwdKUZw
https://crworkspace.s3.ap-south-1.amazonaws.com/crdhs/private/2024/9/20/recording1228938626831225671.mp3,GtIojk7P-MxoZzR6H_pHNg
https://crworkspace.s3.ap-south-1.amazonaws.com/crdhs/private/2024/9/20/recording8264632025159693907.mp3,BuyocdgFyR71luWIZ5aBug
https://crworkspace.s3.ap-south-1.amazonaws.com/crdhs/private/2024/9/25/recording5872183332883568065.mp3,DNsPzqieF9guz-oBn5APOg
https://crworkspace.s3.ap-south-1.amazonaws.com/crdhs/private/2024/9/20/recording10623042075624467306.mp3,2MDpOf7paVGOZ6LUneTGkw
https://crworkspace.s3.ap-south-1.amazonaws.com/crdhs/private/2024/9/20/recording12469070575298800944.mp3,BjJiF6BnPcET1r3cUWlPhQ
https://crworkspace.s3.ap-south-1.amazonaws.com/crdhs/private/2024/9/20/recording4154801779462838834.mp3,U2wEF8aJL81yqk09uNvFNA
https://crworkspace.s3.ap-south-1.amazonaws.com/crdhs/private/2024/9/20/recording7288298686823214697.mp3,1_cygO1b5f2TcXZY2ys1LA
https://crworkspace.s3.ap-south-1.amazonaws.com/crdhs/private/2024/9/21/recording14445321636345217388.mp3,mII-0iibj3UjikBzoKYSGg
https://crworkspace.s3.ap-south-1.amazonaws.com/crdhs/private/2024/9/24/recording15772915507496746989.mp3,mjHMyKIxYgBWNa8v1XlLuA
https://crworkspace.s3.ap-south-1.amazonaws.com/crdhs/private/2024/9/20/recording4427083595444203120.mp3,GjAyNCG6zyD8zmv1hAqrog
https://crworkspace.s3.ap-south-1.amazonaws.com/crdhs/private/2024/9/20/recording9739463745656347333.mp3,cDIIoH1PHasI0bnwpKMTRw
https://crworkspace.s3.ap-south-1.amazonaws.com/crdhs/private/2024/9/20/recording17843545074299059383.mp3,GllRmO0yHWzKed18ibSa4Q
https://crworkspace.s3.ap-south-1.amazonaws.com/crdhs/private/2024/9/21/recording17256205705851230285.mp3,M4V5yC7JFMtYMSo2jUotFg
https://crworkspace.s3.ap-south-1.amazonaws.com/crdhs/private/2024/9/23/recording15066660518035097504.mp3,BectKshO226SicRx2eGc-A
https://crworkspace.s3.ap-south-1.amazonaws.com/crdhs/private/2024/9/24/recording2698591287310272409.mp3,I99iGNTdl9AnjbekcBqAVQ
https://crworkspace.s3.ap-south-1.amazonaws.com/crdhs/private/2024/9/21/recording7007577995256517625.mp3,gzQgdxUG3LxS2G9O0jwGaA
https://crworkspace.s3.ap-south-1.amazonaws.com/crdhs/private/2024/9/21/recording3811333475287248645.mp3,z9Wo5F_A0kNYuAKMu3CwsA
https://crworkspace.s3.ap-south-1.amazonaws.com/crdhs/private/2024/9/26/recording11747156109102953843.mp3,y6r35LHOqT84Peh_J_1cyA
https://crworkspace.s3.ap-south-1.amazonaws.com/crdhs/private/2024/9/23/recording6123284167600493311.mp3,GlAvHXXrg0LyRGP588R9FQ
https://crworkspace.s3.ap-south-1.amazonaws.com/crdhs/private/2024/9/21/recording15135138473213783907.mp3,z-KnrzIIcTDG8zSYNMYEbg
https://crworkspace.s3.ap-south-1.amazonaws.com/crdhs/private/2024/9/26/recording12019041320345204243.mp3,nGxaohRk3E39x07TqRcNSQ
https://crworkspace.s3.ap-south-1.amazonaws.com/crdhs/private/2024/9/20/recording16178063599996919219.mp3,6X-9Iqg1oueirGe6whq1-A
https://crworkspace.s3.ap-south-1.amazonaws.com/crdhs/private/2024/9/23/recording2259610350299041240.mp3,RhC4Nm_ApKHjbFfYKfaNjQ
https://crworkspace.s3.ap-south-1.amazonaws.com/crdhs/private/2024/9/20/recording15689492999254401739.mp3,8rrKkusTbpDHvD7Qi6YbLA
https://crworkspace.s3.ap-south-1.amazonaws.com/crdhs/private/2024/9/25/recording13624642149857437391.mp3,KMtwn9dd25gCbJM3NkGgTA
https://crworkspace.s3.ap-south-1.amazonaws.com/crdhs/private/2024/9/21/recording10635936703124486018.mp3,h2-fDaCEJ-QNGceaK_283g
https://crworkspace.s3.ap-south-1.amazonaws.com/crdhs/private/2024/9/21/recording14111437879963081537.mp3,hXdBpJepudql8CbrYNxKRQ
https://crworkspace.s3.ap-south-1.amazonaws.com/crdhs/private/2024/9/21/recording9711241322849585131.mp3,vThkCBezoB6f770_FeKWMQ
https://crworkspace.s3.ap-south-1.amazonaws.com/crdhs/private/2024/9/20/recording10378595495804908279.mp3,_Z7xaKeAIsw6Z68xMLFgkA
https://crworkspace.s3.ap-south-1.amazonaws.com/crdhs/private/2024/9/21/recording12559588662071070453.mp3,grQbSAJLZK7XGNxmBb4G7g
https://crworkspace.s3.ap-south-1.amazonaws.com/crdhs/private/2024/9/23/recording7301111240753576094.mp3,lki-KtsrfG74r2kQhXUrNQ
https://crworkspace.s3.ap-south-1.amazonaws.com/crdhs/private/2024/9/21/recording4544152669266874482.mp3,adFAGY9bUzsLVzHwHNo15Q
https://crworkspace.s3.ap-south-1.amazonaws.com/crdhs/private/2024/9/21/recording12826569099848942022.mp3,MW_DStm0BamVPTcNkMVlNw
https://crworkspace.s3.ap-south-1.amazonaws.com/crdhs/private/2024/9/25/recording3507671891149949208.mp3,hkOwfp4k2i5xMewhhy7paQ
https://crworkspace.s3.ap-south-1.amazonaws.com/crdhs/private/2024/9/25/recording3457133371834668576.mp3,Sy2EnzoJW5WAo1izXlcRQQ
https://crworkspace.s3.ap-south-1.amazonaws.com/crdhs/private/2024/9/21/recording14713547779565747121.mp3,_ekhJJXoQJe1oAjAox50GQ
https://crworkspace.s3.ap-south-1.amazonaws.com/crdhs/private/2024/9/25/recording16113097340622269105.mp3,n34s4KofVJ0-6PHwuEBJng
https://crworkspace.s3.ap-south-1.amazonaws.com/crdhs/private/2024/9/21/recording1393756826307427818.mp3,9j1iRLtmNugnqLnCrFxz0w
https://crworkspace.s3.ap-south-1.amazonaws.com/crdhs/private/2024/9/23/recording14839615377709349090.mp3,PlP3Ubrw_BH446-SYwJtoA
https://crworkspace.s3.ap-south-1.amazonaws.com/crdhs/private/2024/9/24/recording12130287867603414923.mp3,KA_WGMcdO4ZgzAMr4El2SA
https://crworkspace.s3.ap-south-1.amazonaws.com/crdhs/private/2024/9/21/recording3495913982666668352.mp3,yMpQkQ65RHcNc4RMVEswLw
https://crworkspace.s3.ap-south-1.amazonaws.com/crdhs/private/2024/9/26/recording10106651888415524950.mp3,t2gsHlRDjGoR6I9734So0w
https://crworkspace.s3.ap-south-1.amazonaws.com/crdhs/private/2024/9/25/recording500884353360271511.mp3,al6ozp-VjIYqi8HHCtPM_Q
https://crworkspace.s3.ap-south-1.amazonaws.com/crdhs/private/2024/9/21/recording16446723831878899149.mp3,kkJCz76UfvBuPkZLT8PfKA
https://crworkspace.s3.ap-south-1.amazonaws.com/crdhs/private/2024/9/20/recording3554663598990896377.mp3,zUpOxq3tI3NIoOEJ1Mk5Ag
https://crworkspace.s3.ap-south-1.amazonaws.com/crdhs/private/2024/9/25/recording679337627018218765.mp3,3aAmKmVNqIEESaJLmPGWFw
https://crworkspace.s3.ap-south-1.amazonaws.com/crdhs/private/2024/9/26/recording12393798351604753203.mp3,TNJIVaFoiDSrfnuem0lCkw
https://crworkspace.s3.ap-south-1.amazonaws.com/crdhs/private/2024/9/20/recording10780393176720478820.mp3,N0RVhFhjnSEHnbzPeAzFFQ
https://crworkspace.s3.ap-south-1.amazonaws.com/crdhs/private/2024/9/25/recording10934654136517680313.mp3,FrB0fkoblWZDXdugj8-rmQ
https://crworkspace.s3.ap-south-1.amazonaws.com/crdhs/private/2024/9/25/recording18196059716183583371.mp3,NSSUEqnN40byhX963tPaBQ
https://crworkspace.s3.ap-south-1.amazonaws.com/crdhs/private/2024/9/25/recording131712780259894762.mp3,cCsNBTsqCrOfTNCW5zNHpA
https://crworkspace.s3.ap-south-1.amazonaws.com/crdhs/private/2024/9/26/recording5477599660658339253.mp3,-U1HRcWVvRZT3lVfkKZ8Xw
https://crworkspace.s3.ap-south-1.amazonaws.com/crdhs/private/2024/9/23/recording14341713004228051082.mp3,Wphu7lKsnYWpwpwT-3cTXA
https://crworkspace.s3.ap-south-1.amazonaws.com/crdhs/private/2024/9/25/recording2962672548087815846.mp3,kM24GB6kgRJEzGR9ausl7g
https://crworkspace.s3.ap-south-1.amazonaws.com/crdhs/private/2024/9/25/recording8967586163089331141.mp3,38QHleyu-BDdrhjAagbNAw
https://crworkspace.s3.ap-south-1.amazonaws.com/crdhs/private/2024/9/26/recording4432356889981154849.mp3,R2b-4UEeHYB5jZ3GwrJAWg
https://crworkspace.s3.ap-south-1.amazonaws.com/crdhs/private/2024/9/20/recording5829488483331605888.mp3,gsCWKgVsibyTMx0eHJ7kCA
https://crworkspace.s3.ap-south-1.amazonaws.com/crdhs/private/2024/9/20/recording3616740461510017000.mp3,5eQ1bnkKTF64hH2KPV2s0w
https://crworkspace.s3.ap-south-1.amazonaws.com/crdhs/private/2024/9/25/recording11968791922912638598.mp3,8B4qgxiQlFm3xw0oHc12MQ
https://crworkspace.s3.ap-south-1.amazonaws.com/crdhs/private/2024/9/25/recording1809167889809352283.mp3,W45yjksDCYzGruBqrq4Cgw
https://crworkspace.s3.ap-south-1.amazonaws.com/crdhs/private/2024/9/25/recording16559956079084051185.mp3,7WI-2QuzsIduohlgyXnT1w
https://crworkspace.s3.ap-south-1.amazonaws.com/crdhs/private/2024/9/23/recording16469836987710990714.mp3,DLY61iaP_ilZYM0STYSxeg
https://crworkspace.s3.ap-south-1.amazonaws.com/crdhs/private/2024/9/25/recording4409319924660585667.mp3,wwLDJlP2n4b8WGLwykHoRQ
https://crworkspace.s3.ap-south-1.amazonaws.com/crdhs/private/2024/9/20/recording2085303150960998820.mp3,8IYXMcrEKQ2QDq9SEzDQ4Q
https://crworkspace.s3.ap-south-1.amazonaws.com/crdhs/private/2024/9/23/recording8718007583583424583.mp3,UGo1aNkzvfj-vlqnzkjN_Q
https://crworkspace.s3.ap-south-1.amazonaws.com/crdhs/private/2024/9/20/recording17802357952719386321.mp3,pwPQshtTA-pFPc9-oqpSIg
https://crworkspace.s3.ap-south-1.amazonaws.com/crdhs/private/2024/9/24/recording4110122078127931181.mp3,1-O8xPNrFjroFoG1tPWI2A
https://crworkspace.s3.ap-south-1.amazonaws.com/crdhs/private/2024/9/25/recording13919391514916490524.mp3,Lc-eNPbUYK-pIcUaa_meIg
https://crworkspace.s3.ap-south-1.amazonaws.com/crdhs/private/2024/9/21/recording2442027516672984082.mp3,0KfY7sWSb7bA1cqSfI0gyg
https://crworkspace.s3.ap-south-1.amazonaws.com/crdhs/private/2024/9/20/recording17329293767461465241.mp3,DDcjblfWra4ggLxr5VGY_Q
https://crworkspace.s3.ap-south-1.amazonaws.com/crdhs/private/2024/9/25/recording9071208998201888584.mp3,Gr-iOIIQBuK-xt1vE8ueOw
https://crworkspace.s3.ap-south-1.amazonaws.com/crdhs/private/2024/9/23/recording15772450328331372540.mp3,SPIxbZApSX-Rqpg6FbBlGQ
https://crworkspace.s3.ap-south-1.amazonaws.com/crdhs/private/2024/9/24/recording12761614283101371870.mp3,wKm3SvM1WC4uCbU1ENA_VQ
https://crworkspace.s3.ap-south-1.amazonaws.com/crdhs/private/2024/9/25/recording343357009403638921.mp3,8XheFUkWuWaE3kRIoFbAxg
https://crworkspace.s3.ap-south-1.amazonaws.com/crdhs/private/2024/9/25/recording9832157021404027448.mp3,J98xBEYEP4z3WH95ljAOtA
https://crworkspace.s3.ap-south-1.amazonaws.com/crdhs/private/2024/9/26/recording3893485977462541964.mp3,nP2_dxQwsq0gm10goO8xqQ
https://crworkspace.s3.ap-south-1.amazonaws.com/crdhs/private/2024/9/25/recording1153233729696692423.mp3,LvXvpCO80-VPM0HHMkPbfg
https://crworkspace.s3.ap-south-1.amazonaws.com/crdhs/private/2024/9/23/recording11992183274610253245.mp3,OXYH7OFlmj0DbGrqzG_DqQ
https://crworkspace.s3.ap-south-1.amazonaws.com/crdhs/private/2024/9/26/recording14198151935031766423.mp3,DFPGqWntcUDYiGQKQLdarg
https://crworkspace.s3.ap-south-1.amazonaws.com/crdhs/private/2024/9/23/recording2971410585513335482.mp3,r1rHlCeVVQlxwszo19w6Vw
https://crworkspace.s3.ap-south-1.amazonaws.com/crdhs/private/2024/9/21/recording2936311200210816223.mp3,qyGFmIGZiA9aDh0hXYpI2Q
https://crworkspace.s3.ap-south-1.amazonaws.com/crdhs/private/2024/9/20/recording1679121839214034914.mp3,hvBEbktE25nNaWQx0qQ1lw
https://crworkspace.s3.ap-south-1.amazonaws.com/crdhs/private/2024/9/23/recording2394600920994630683.mp3,gfGZlyq7B8LR7IIVnwASIA
https://crworkspace.s3.ap-south-1.amazonaws.com/crdhs/private/2024/9/21/recording16088256201397012416.mp3,l0A4XEK75e0UXQjcsxEzdA
https://crworkspace.s3.ap-south-1.amazonaws.com/crdhs/private/2024/9/20/recording14499787485218887190.mp3,NuDDUdBl5ryD5-NkkjddmQ
https://crworkspace.s3.ap-south-1.amazonaws.com/crdhs/private/2024/9/25/recording9797276506073483784.mp3,9Cjp_AatDp14ycM8AXXBHA
https://crworkspace.s3.ap-south-1.amazonaws.com/crdhs/private/2024/9/21/recording14222350172495076596.mp3,NvB-JOV7z59LU_y-8M_SpA
https://crworkspace.s3.ap-south-1.amazonaws.com/crdhs/private/2024/9/23/recording2961895280682400736.mp3,J-aYEMqfoAjw8txYKDol6Q
https://crworkspace.s3.ap-south-1.amazonaws.com/crdhs/private/2024/9/20/recording7597284424906751340.mp3,uwn8OGK6RcfhMt7i0BcGWw
https://crworkspace.s3.ap-south-1.amazonaws.com/crdhs/private/2024/10/3/recording5631831806724222732.mp3,u35TluEmiYBjm7n6Bw_yZA
https://crworkspace.s3.ap-south-1.amazonaws.com/crdhs/private/2024/9/21/recording8585730561114689010.mp3,iaQzVMBPk6ZRCDuOhxdECA
https://crworkspace.s3.ap-south-1.amazonaws.com/crdhs/private/2024/9/20/recording9553297562193137725.mp3,ucYhcQJ1UoFL0zyNNlVvuw
https://crworkspace.s3.ap-south-1.amazonaws.com/crdhs/private/2024/9/21/recording16687497153568406086.mp3,_CCEa0e30jl9jvnKvRBKcg
https://crworkspace.s3.ap-south-1.amazonaws.com/crdhs/private/2024/9/21/recording7894633846069944829.mp3,H5CtHSnfT3VMF_CxJyTGOA
https://crworkspace.s3.ap-south-1.amazonaws.com/crdhs/private/2024/9/20/recording9419098792373007097.mp3,Q0J4AdvgmtaFMGfPWA3ZHw
https://crworkspace.s3.ap-south-1.amazonaws.com/crdhs/private/2024/9/21/recording13681695174334176845.mp3,IhOBH2Kp-YzrFsJiFOQv8w
https://crworkspace.s3.ap-south-1.amazonaws.com/crdhs/private/2024/9/25/recording16212436107105854262.mp3,U0gNwIlVCX9UzAfwihTANw
https://crworkspace.s3.ap-south-1.amazonaws.com/crdhs/private/2024/9/26/recording7624413734926282856.mp3,mzH9DtJpDGCZL24cjnxSuA
https://crworkspace.s3.ap-south-1.amazonaws.com/crdhs/private/2024/9/21/recording383522474096917043.mp3,uFeHv40--HjJokmS1xbveQ
https://crworkspace.s3.ap-south-1.amazonaws.com/crdhs/private/2024/9/23/recording5278486980081922106.mp3,rFd89MKbKYNkLWfStQfwmA
https://crworkspace.s3.ap-south-1.amazonaws.com/crdhs/private/2024/9/25/recording12341423532254935.mp3,qyN6tmllVqEEPqS81u9BmQ
https://crworkspace.s3.ap-south-1.amazonaws.com/crdhs/private/2024/9/21/recording10870321767757254516.mp3,CNc9fB08b6iXZlOjlzla8w
https://crworkspace.s3.ap-south-1.amazonaws.com/crdhs/private/2024/9/23/recording4798908889609408513.mp3,NmP1_MsA0oI-GkHiEh2y6g
https://crworkspace.s3.ap-south-1.amazonaws.com/crdhs/private/2024/9/23/recording2337079748769211257.mp3,Lq05VuyY8Z97KLsDqhPTKQ
https://crworkspace.s3.ap-south-1.amazonaws.com/crdhs/private/2024/9/26/recording12076477389570740562.mp3,Ba7o7aVz3TobmMQITYvIUQ
https://crworkspace.s3.ap-south-1.amazonaws.com/crdhs/private/2024/9/25/recording5218303545797843012.mp3,G_FDzkTb_SJR0kRbZBOFTw
https://crworkspace.s3.ap-south-1.amazonaws.com/crdhs/private/2024/9/25/recording466072943948667069.mp3,Hsy-X00h_Sz2Do-BkfFmYg
https://crworkspace.s3.ap-south-1.amazonaws.com/crdhs/private/2024/9/26/recording9626443695285408168.mp3,msg6O2kNGdA7-hgeqLtTtQ
https://crworkspace.s3.ap-south-1.amazonaws.com/crdhs/private/2024/9/23/recording11709456930309900322.mp3,ZlPM4G1cG10AelYQuq7GuA
https://crworkspace.s3.ap-south-1.amazonaws.com/crdhs/private/2024/9/23/recording6201165972318480426.mp3,vvtra-ChgAq6QKiB6cVb_Q
https://crworkspace.s3.ap-south-1.amazonaws.com/crdhs/private/2024/9/20/recording17006816789921399945.mp3,hvNfgFL8cNddFnBrkLTuXA
https://crworkspace.s3.ap-south-1.amazonaws.com/crdhs/private/2024/9/23/recording13411748212090390800.mp3,kFjskebPWR4MuLcOmRmc9g
https://crworkspace.s3.ap-south-1.amazonaws.com/crdhs/private/2024/9/23/recording14775551258053460211.mp3,NYXfTpASFgTdzlk7o0_i7A
https://crworkspace.s3.ap-south-1.amazonaws.com/crdhs/private/2024/10/2/recording6103874096340935165.mp3,uBkf7WkndxxiVfETZXnvTg
https://crworkspace.s3.ap-south-1.amazonaws.com/crdhs/private/2024/10/3/recording10407905265220753507.mp3,nwuVZXIjUyJMIY--f28TPA
https://crworkspace.s3.ap-south-1.amazonaws.com/crdhs/private/2024/9/23/recording7969462111711569158.mp3,MDTJea8EhJLmj16IuodmSw
https://crworkspace.s3.ap-south-1.amazonaws.com/crdhs/private/2024/9/23/recording2525454056379446420.mp3,qO90bGcSh3aHLb2KM_y3JA
https://crworkspace.s3.ap-south-1.amazonaws.com/crdhs/private/2024/9/26/recording4620708140357124578.mp3,xXAr3MA57pGAEJdKC8IVbA
https://crworkspace.s3.ap-south-1.amazonaws.com/crdhs/private/2024/9/20/recording384780056586947646.mp3,Q6AvSNAYBqrxlWgC8R01Vw
https://crworkspace.s3.ap-south-1.amazonaws.com/crdhs/private/2024/9/21/recording13908608921510622131.mp3,GnXzrPzzPP12czSYNJqwaQ
https://crworkspace.s3.ap-south-1.amazonaws.com/crdhs/private/2024/9/26/recording850318296003058719.mp3,Z4QQgt_WNiOZ9v4M1PUN9A
https://crworkspace.s3.ap-south-1.amazonaws.com/crdhs/private/2024/9/25/recording7956244932243350143.mp3,NcMlfbQil6mAMKl9l1xFlA
https://crworkspace.s3.ap-south-1.amazonaws.com/crdhs/private/2024/9/24/recording2773388880451613463.mp3,xM9lyztqnz1_M5XSA_a-hg
https://crworkspace.s3.ap-south-1.amazonaws.com/crdhs/private/2024/9/26/recording7150919361765756410.mp3,xCVkXifgB3BALbCdQvq-9A
https://crworkspace.s3.ap-south-1.amazonaws.com/crdhs/private/2024/9/26/recording14855219101618313454.mp3,ZRKysnbJg3_oxbJXJfFq4Q
https://crworkspace.s3.ap-south-1.amazonaws.com/crdhs/private/2024/9/26/recording1385728283713135862.mp3,GhZliSUdUgnz6Tv0s_E8hw
https://crworkspace.s3.ap-south-1.amazonaws.com/crdhs/private/2024/9/23/recording17077426032506808772.mp3,isAgFWOwKjOcU6UBToLmTg
https://crworkspace.s3.ap-south-1.amazonaws.com/crdhs/private/2024/9/21/recording4495266983674371435.mp3,_Da0IUpw9v4GY-KBWnijzg
https://crworkspace.s3.ap-south-1.amazonaws.com/crdhs/private/2024/9/23/recording1296507050941264490.mp3,36o9fdW-nQ2D4bFmbVYOKg
https://crworkspace.s3.ap-south-1.amazonaws.com/crdhs/private/2024/9/23/recording9974053285242617887.mp3,93eMpbSL1I-a_NCBqvTDZw
https://crworkspace.s3.ap-south-1.amazonaws.com/crdhs/private/2024/9/21/recording3881329961356103274.mp3,LZLLmNTIJ2kvhG6nrn3MRA
https://crworkspace.s3.ap-south-1.amazonaws.com/crdhs/private/2024/9/23/recording14551341912617564576.mp3,ZkSGL7SWH_2uFP5joncyhQ
https://crworkspace.s3.ap-south-1.amazonaws.com/crdhs/private/2024/9/26/recording431817968543484485.mp3,O3a6NDnhpX5esYE7haYYVA
https://crworkspace.s3.ap-south-1.amazonaws.com/crdhs/private/2024/9/26/recording4003837974536481415.mp3,8jfhlStSGPgmbhrCJD4ZqA
https://crworkspace.s3.ap-south-1.amazonaws.com/crdhs/private/2024/9/26/recording3838844271547528410.mp3,95QY6nvlznWHFfgYXeDVSA
https://crworkspace.s3.ap-south-1.amazonaws.com/crdhs/private/2024/9/23/recording4426826499092054036.mp3,XyP9kDHSeNEez2p3RP9Fzw
https://crworkspace.s3.ap-south-1.amazonaws.com/crdhs/private/2024/9/21/recording16318398716047585706.mp3,eROuCsI66Vd2NjoaTx758A
https://crworkspace.s3.ap-south-1.amazonaws.com/crdhs/private/2024/9/21/recording1637830992502462874.mp3,JeMqXv4WrWN2slNZ_aQh1Q
https://crworkspace.s3.ap-south-1.amazonaws.com/crdhs/private/2024/9/21/recording11441644840586121524.mp3,Heg1G5nFJ3h-kaCcDqzfew
https://crworkspace.s3.ap-south-1.amazonaws.com/crdhs/private/2024/9/21/recording8402678146877714593.mp3,spouGyVRW6bEG26tTB4M8w
https://crworkspace.s3.ap-south-1.amazonaws.com/crdhs/private/2024/9/26/recording4631545230754011027.mp3,-pnoZiZ0II-7-sZb_tnaMw
https://crworkspace.s3.ap-south-1.amazonaws.com/crdhs/private/2024/9/21/recording814579281252310685.mp3,zZX6w8FlxMlINpa118riAw
https://crworkspace.s3.ap-south-1.amazonaws.com/crdhs/private/2024/9/21/recording6093216177421389924.mp3,xooBXepddt-pJgrMh2se7g
https://crworkspace.s3.ap-south-1.amazonaws.com/crdhs/private/2024/9/20/recording8498952518317125957.mp3,K2w53lMGSe-BaribPYNIsg
https://crworkspace.s3.ap-south-1.amazonaws.com/crdhs/private/2024/9/23/recording15601589278322489632.mp3,EbABBmNc0vz3FsjC00PRMQ
https://crworkspace.s3.ap-south-1.amazonaws.com/crdhs/private/2024/9/21/recording16687424867198138545.mp3,xmK298j6_tPdaYMsFmhekg
https://crworkspace.s3.ap-south-1.amazonaws.com/crdhs/private/2024/9/23/recording3477157248245195076.mp3,wxJUJ3Vev35eB36JrTM01w
https://crworkspace.s3.ap-south-1.amazonaws.com/crdhs/private/2024/9/20/recording7142077442460866261.mp3,Y2y-WgE44lOx1sAioA7ESw
https://crworkspace.s3.ap-south-1.amazonaws.com/crdhs/private/2024/9/20/recording15979939288069952087.mp3,RHnIQo8JhewY9MGV_uBrEA
https://crworkspace.s3.ap-south-1.amazonaws.com/crdhs/private/2024/9/21/recording12570105999355972877.mp3,35LwoZ90Htn2CcYt7O6Ntg
https://crworkspace.s3.ap-south-1.amazonaws.com/crdhs/private/2024/9/23/recording1963898896034744737.mp3,ohHI42TQJ-0HONcj0sYSeQ
https://crworkspace.s3.ap-south-1.amazonaws.com/crdhs/private/2024/9/20/recording1513268426100801726.mp3,6c2sp92uP8UeAFRXf2hI2w
https://crworkspace.s3.ap-south-1.amazonaws.com/crdhs/private/2024/9/20/recording16840043470942651959.mp3,LqJ6kSsXw0S61mDSR8Lxqw
https://crworkspace.s3.ap-south-1.amazonaws.com/crdhs/private/2024/9/20/recording3910466405695373745.mp3,7Fm5eLyY795ONRz2WTluZw
https://crworkspace.s3.ap-south-1.amazonaws.com/crdhs/private/2024/9/25/recording17617166708874281095.mp3,yF1KmZMHbrGzIDpHMcpY0A
https://crworkspace.s3.ap-south-1.amazonaws.com/crdhs/private/2024/9/26/recording906204436110383728.mp3,1_e20eKPHfUksIVEfegD-A
https://crworkspace.s3.ap-south-1.amazonaws.com/crdhs/private/2024/9/21/recording6894291765918810373.mp3,ucSiL2xn49obD46SsU3mCA
https://crworkspace.s3.ap-south-1.amazonaws.com/crdhs/private/2024/9/23/recording2902296048004704773.mp3,Y-_eWwP4pvz99j04OkA2Gg
https://crworkspace.s3.ap-south-1.amazonaws.com/crdhs/private/2024/9/23/recording18363015525411962068.mp3,VxprX5D-2hQ_6tYjBrPWzQ
https://crworkspace.s3.ap-south-1.amazonaws.com/crdhs/private/2024/9/20/recording16369388222025816756.mp3,nAMAJbjGdswjI_ppeZZ9Zg
https://crworkspace.s3.ap-south-1.amazonaws.com/crdhs/private/2024/9/23/recording10065134078029882232.mp3,qM64DWbMRUpDZPWFi5YQ6w
https://crworkspace.s3.ap-south-1.amazonaws.com/crdhs/private/2024/9/25/recording3601136086682438728.mp3,nz1auEddHdNa1HMA5hC-KQ
https://crworkspace.s3.ap-south-1.amazonaws.com/crdhs/private/2024/9/25/recording14699413410334565804.mp3,Tpou5hdLxIaphHRSZN1AdQ
https://crworkspace.s3.ap-south-1.amazonaws.com/crdhs/private/2024/9/23/recording9069976386208230078.mp3,xIUKSyNBZGUx8Pvtg2Fm9Q
https://crworkspace.s3.ap-south-1.amazonaws.com/crdhs/private/2024/9/23/recording3735158032399291303.mp3,pOzgQrvCEKxmKmCztAwsXA
https://crworkspace.s3.ap-south-1.amazonaws.com/crdhs/private/2024/9/20/recording17939309028585890790.mp3,F-lVlDImucGM5TWkf_xXiQ
https://crworkspace.s3.ap-south-1.amazonaws.com/crdhs/private/2024/9/20/recording16223708751975584401.mp3,PaHnO76YSYVICR6OmPL5bQ
https://crworkspace.s3.ap-south-1.amazonaws.com/crdhs/private/2024/9/20/recording6874435457086699747.mp3,dcaE9h-WW5Z3eYxRIilSgA
https://crworkspace.s3.ap-south-1.amazonaws.com/crdhs/private/2024/9/25/recording10771837533229244160.mp3,VIvlg8YZQkVqmL7QUQ52bw
https://crworkspace.s3.ap-south-1.amazonaws.com/crdhs/private/2024/9/26/recording8015902076243255725.mp3,0uqZeXR8y-8Cw5owQZR-IA
https://crworkspace.s3.ap-south-1.amazonaws.com/crdhs/private/2024/9/20/recording9892225094797238812.mp3,VMpSqF5rpBJNUjoQhSSR5Q
https://crworkspace.s3.ap-south-1.amazonaws.com/crdhs/private/2024/9/25/recording6715261731432579612.mp3,aKHw1AA37jPaakDo-T41sw
https://crworkspace.s3.ap-south-1.amazonaws.com/crdhs/private/2024/10/3/recording12166230297720590488.mp3,93lAuuuGdk5itV9Ff2fLKg
https://crworkspace.s3.ap-south-1.amazonaws.com/crdhs/private/2024/9/21/recording15320471476875172313.mp3,DMda4feznDd1jMTC-VaRKw
https://crworkspace.s3.ap-south-1.amazonaws.com/crdhs/private/2024/9/20/recording9303883459667010922.mp3,bIlgD0IVbat1RUEEc-4ckA
https://crworkspace.s3.ap-south-1.amazonaws.com/crdhs/private/2024/9/20/recording1688490907301204931.mp3,7P2yhFLpQ8Bu9BkD1NHlCQ
https://crworkspace.s3.ap-south-1.amazonaws.com/crdhs/private/2024/9/23/recording1558731009203437948.mp3,1Hd9mt-PJeY_zW7k36E7-Q
https://crworkspace.s3.ap-south-1.amazonaws.com/crdhs/private/2024/9/25/recording6094376276577152087.mp3,Rc0cZXX_2HAsNVSEGopB7g
https://crworkspace.s3.ap-south-1.amazonaws.com/crdhs/private/2024/9/25/recording18361146151029226459.mp3,rYkr9n68G1FRfQyOuAbQYg
https://crworkspace.s3.ap-south-1.amazonaws.com/crdhs/private/2024/9/26/recording5569654118969449945.mp3,n9dfB7GjokHKIwNVAPF3mA
https://crworkspace.s3.ap-south-1.amazonaws.com/crdhs/private/2024/9/20/recording9260465483093528053.mp3,B7dR1C0mxSOtkwyP3HoIdA
https://crworkspace.s3.ap-south-1.amazonaws.com/crdhs/private/2024/9/21/recording9713750280554430885.mp3,my9PqeIeHvxAj5p4ymsW3Q
https://crworkspace.s3.ap-south-1.amazonaws.com/crdhs/private/2024/9/20/recording14925887480284652380.mp3,16wexdy6YTYujx7n9qSfiw
https://crworkspace.s3.ap-south-1.amazonaws.com/crdhs/private/2024/9/20/recording7940779406678814944.mp3,L6vDKN_5IiTtutnZ_D0_Kg
https://crworkspace.s3.ap-south-1.amazonaws.com/crdhs/private/2024/9/25/recording2947045595384953929.mp3,Ye2bMdGv5KupoU1j92xKVA
https://crworkspace.s3.ap-south-1.amazonaws.com/crdhs/private/2024/9/23/recording10454285189007456380.mp3,D0F2ZdEjs127XYPZBaxZmQ
https://crworkspace.s3.ap-south-1.amazonaws.com/crdhs/private/2024/11/26/recording.mp3,-8AhiNg6tiGz8N7jiEqUFA
https://crworkspace.s3.ap-south-1.amazonaws.com/crdhs/private/2024/10/6/recording12734536360663858300.mp3,s45BqqiWe7Eb99t4MdZYVQ
https://crworkspace.s3.ap-south-1.amazonaws.com/crdhs/private/2024/11/26/recording.mp3,-8AhiNg6tiGz8N7jiEqUFA
https://crworkspace.s3.ap-south-1.amazonaws.com/crdhs/private/2024/11/26/recording.mp3,-8AhiNg6tiGz8N7jiEqUFA
https://crworkspace.s3.ap-south-1.amazonaws.com/crdhs/private/2024/11/26/recording.mp3,-8AhiNg6tiGz8N7jiEqUFA
https://crworkspace.s3.ap-south-1.amazonaws.com/crdhs/private/2024/9/24/recording622928723825174547.mp3,xKZHO_ShXCagL7b_B8N35w
https://crworkspace.s3.ap-south-1.amazonaws.com/crdhs/private/2024/9/20/recording10298353687035157750.mp3,tviIiLuHwTiAogpI2XiCbw
https://crworkspace.s3.ap-south-1.amazonaws.com/crdhs/private/2024/11/6/recording.mp3,--HarojsWojLTjUTow1RHA
https://crworkspace.s3.ap-south-1.amazonaws.com/crdhs/private/2024/11/26/recording.mp3,-8AhiNg6tiGz8N7jiEqUFA
https://crworkspace.s3.ap-south-1.amazonaws.com/crdhs/private/2024/9/21/recording9042067212323448520.mp3,Hm4chvm5t5Vacz90CCVGcg
https://crworkspace.s3.ap-south-1.amazonaws.com/crdhs/private/2024/9/21/recording2816911529104846011.mp3,XOMqELE84lGFRs3pyOsOog
https://crworkspace.s3.ap-south-1.amazonaws.com/crdhs/private/2024/11/26/recording.mp3,-8AhiNg6tiGz8N7jiEqUFA
https://crworkspace.s3.ap-south-1.amazonaws.com/crdhs/private/2024/9/23/recording13668124731498284130.mp3,U7v4keF1tJ70RyhRnl4lYg
https://crworkspace.s3.ap-south-1.amazonaws.com/crdhs/private/2024/11/26/recording.mp3,-8AhiNg6tiGz8N7jiEqUFA
https://crworkspace.s3.ap-south-1.amazonaws.com/crdhs/private/2024/11/26/recording.mp3,-8AhiNg6tiGz8N7jiEqUFA
https://crworkspace.s3.ap-south-1.amazonaws.com/crdhs/private/2024/11/26/recording.mp3,-8AhiNg6tiGz8N7jiEqUFA
https://crworkspace.s3.ap-south-1.amazonaws.com/crdhs/private/2024/9/25/recording13859951151772856662.mp3,42-His3I3_L-EQ6FncMy5g
https://crworkspace.s3.ap-south-1.amazonaws.com/crdhs/private/2024/11/26/recording.mp3,-8AhiNg6tiGz8N7jiEqUFA
https://crworkspace.s3.ap-south-1.amazonaws.com/crdhs/private/2024/9/20/recording10145490624503149278.mp3,LdwDLQbGgG3Kc0JJH9Rs9g
https://crworkspace.s3.ap-south-1.amazonaws.com/crdhs/private/2024/11/26/recording.mp3,-8AhiNg6tiGz8N7jiEqUFA
https://crworkspace.s3.ap-south-1.amazonaws.com/crdhs/private/2024/10/6/recording5252789068392281218.mp3,8eZaOz5yzgvV1vlauk785Q
https://crworkspace.s3.ap-south-1.amazonaws.com/crdhs/private/2024/11/26/recording.mp3,-8AhiNg6tiGz8N7jiEqUFA
https://crworkspace.s3.ap-south-1.amazonaws.com/crdhs/private/2024/11/26/recording.mp3,-8AhiNg6tiGz8N7jiEqUFA
https://crworkspace.s3.ap-south-1.amazonaws.com/crdhs/private/2024/9/23/recording10579298318443898263.mp3,fNgQBIoKgDmkhNlk-qJAmg
https://crworkspace.s3.ap-south-1.amazonaws.com/crdhs/private/2024/9/25/recording4014365638257584584.mp3,mLaN-3-Fp6J1ykb3LIRGgw
https://crworkspace.s3.ap-south-1.amazonaws.com/crdhs/private/2024/9/26/recording2384504029976844373.mp3,yOzlhbpTLYD1fZkDFNSMQQ
https://crworkspace.s3.ap-south-1.amazonaws.com/crdhs/private/2024/9/25/recording7542333510537544996.mp3,1kIROC33I22Zs98raVcFUw
https://crworkspace.s3.ap-south-1.amazonaws.com/crdhs/private/2024/11/26/recording.mp3,-8AhiNg6tiGz8N7jiEqUFA
https://crworkspace.s3.ap-south-1.amazonaws.com/crdhs/private/2024/11/21/recording.mp3,--CsMlwV1w_m0om101_Z1w
https://crworkspace.s3.ap-south-1.amazonaws.com/crdhs/private/2024/11/21/recording.mp3,--CsMlwV1w_m0om101_Z1w
https://crworkspace.s3.ap-south-1.amazonaws.com/crdhs/private/2024/9/24/recording11995413748833949158.mp3,0DlXqQA-KTlks9SLjO7htA
https://crworkspace.s3.ap-south-1.amazonaws.com/crdhs/private/2024/11/21/recording.mp3,--CsMlwV1w_m0om101_Z1w
https://crworkspace.s3.ap-south-1.amazonaws.com/crdhs/private/2024/11/26/recording.mp3,-8AhiNg6tiGz8N7jiEqUFA
https://crworkspace.s3.ap-south-1.amazonaws.com/crdhs/private/2024/11/6/recording.mp3,--HarojsWojLTjUTow1RHA
https://crworkspace.s3.ap-south-1.amazonaws.com/crdhs/private/2024/11/26/recording.mp3,-8AhiNg6tiGz8N7jiEqUFA
https://crworkspace.s3.ap-south-1.amazonaws.com/crdhs/private/2024/11/6/recording.mp3,--HarojsWojLTjUTow1RHA
https://crworkspace.s3.ap-south-1.amazonaws.com/crdhs/private/2024/11/21/recording.mp3,--CsMlwV1w_m0om101_Z1w
https://crworkspace.s3.ap-south-1.amazonaws.com/crdhs/private/2024/11/21/recording.mp3,--CsMlwV1w_m0om101_Z1w
https://crworkspace.s3.ap-south-1.amazonaws.com/crdhs/private/2024/11/21/recording.mp3,--CsMlwV1w_m0om101_Z1w
https://crworkspace.s3.ap-south-1.amazonaws.com/crdhs/private/2024/11/26/recording.mp3,-8AhiNg6tiGz8N7jiEqUFA
https://crworkspace.s3.ap-south-1.amazonaws.com/crdhs/private/2024/11/26/recording.mp3,-8AhiNg6tiGz8N7jiEqUFA
https://crworkspace.s3.ap-south-1.amazonaws.com/crdhs/private/2024/11/6/recording.mp3,--HarojsWojLTjUTow1RHA
https://crworkspace.s3.ap-south-1.amazonaws.com/crdhs/private/2024/11/26/recording.mp3,-8AhiNg6tiGz8N7jiEqUFA
https://crworkspace.s3.ap-south-1.amazonaws.com/crdhs/private/2024/11/26/recording.mp3,-8AhiNg6tiGz8N7jiEqUFA
https://crworkspace.s3.ap-south-1.amazonaws.com/crdhs/private/2024/10/6/recording13651559575816231569.mp3,4osXwVsROytcd4fQnzaFaw
https://crworkspace.s3.ap-south-1.amazonaws.com/crdhs/private/2024/11/21/recording.mp3,--CsMlwV1w_m0om101_Z1w
https://crworkspace.s3.ap-south-1.amazonaws.com/crdhs/private/2024/10/6/recording9041516175678853713.mp3,Ro4Ce0GPKmn_0m2xgAyBkA
https://crworkspace.s3.ap-south-1.amazonaws.com/crdhs/private/2024/9/20/recording12350410215239909260.mp3,v-z7HZqIFpqHeeX2HkcC-Q
https://crworkspace.s3.ap-south-1.amazonaws.com/crdhs/private/2024/9/23/recording10278625003499943171.mp3,oYFsObQMaIE7Bmbuh6AQyw
https://crworkspace.s3.ap-south-1.amazonaws.com/crdhs/private/2024/9/23/recording391228225673387370.mp3,514V1cbX47dJ4w5o1VmQeA
https://crworkspace.s3.ap-south-1.amazonaws.com/crdhs/private/2024/11/26/recording.mp3,-8AhiNg6tiGz8N7jiEqUFA
https://crworkspace.s3.ap-south-1.amazonaws.com/crdhs/private/2024/9/20/recording5407132760538649595.mp3,9SReYF9ag4ieuKMnINOmCQ
https://crworkspace.s3.ap-south-1.amazonaws.com/crdhs/private/2024/11/6/recording.mp3,--HarojsWojLTjUTow1RHA
https://crworkspace.s3.ap-south-1.amazonaws.com/crdhs/private/2024/10/6/recording17566118023497299644.mp3,FQVmOoGB8OzG-veSPO4dKg
https://crworkspace.s3.ap-south-1.amazonaws.com/crdhs/private/2024/9/20/recording14960046239940063613.mp3,6Y0Ikh6Qh1N9bRG71bMpMw
https://crworkspace.s3.ap-south-1.amazonaws.com/crdhs/private/2024/9/21/recording4476587172058378661.mp3,60dnHn94K4Bq3ezitRPFxg
https://crworkspace.s3.ap-south-1.amazonaws.com/crdhs/private/2024/11/6/recording.mp3,--HarojsWojLTjUTow1RHA
https://crworkspace.s3.ap-south-1.amazonaws.com/crdhs/private/2024/9/24/recording5806335532689309019.mp3,krfbFuuyB7GCpWjrt0dvhA
https://crworkspace.s3.ap-south-1.amazonaws.com/crdhs/private/2024/9/27/recording323813998640633333.mp3,W6afiC4bBSik9J_gJ-C8tg
https://crworkspace.s3.ap-south-1.amazonaws.com/crdhs/private/2024/9/20/recording17788156474075398554.mp3,JcBqaK-MwZ7r5LtnR6whrA
https://crworkspace.s3.ap-south-1.amazonaws.com/crdhs/private/2024/11/26/recording.mp3,-8AhiNg6tiGz8N7jiEqUFA
https://crworkspace.s3.ap-south-1.amazonaws.com/crdhs/private/2024/9/26/recording6010403193657205646.mp3,Ipngfipx6yz7dxliRQbtgw
https://crworkspace.s3.ap-south-1.amazonaws.com/crdhs/private/2024/9/20/recording16323198763846765936.mp3,u1tMyzTHvQUQ2HbluEqeYw
https://crworkspace.s3.ap-south-1.amazonaws.com/crdhs/private/2024/9/20/recording1669203354925526581.mp3,rwLs23SeIUeE7KdMilwguQ
https://crworkspace.s3.ap-south-1.amazonaws.com/crdhs/private/2024/11/21/recording.mp3,--CsMlwV1w_m0om101_Z1w
https://crworkspace.s3.ap-south-1.amazonaws.com/crdhs/private/2024/10/3/recording15168935335789039378.mp3,Kg7Di9gBj2DXzwoGONqQjw
https://crworkspace.s3.ap-south-1.amazonaws.com/crdhs/private/2024/11/6/recording.mp3,--HarojsWojLTjUTow1RHA
https://crworkspace.s3.ap-south-1.amazonaws.com/crdhs/private/2024/10/6/recording12747339268540671546.mp3,l8tsSZ79Zv-3WeoB4-GtZQ
https://crworkspace.s3.ap-south-1.amazonaws.com/crdhs/private/2024/10/6/recording95253787628977135.mp3,yUxBBz3XvNagC_Uk6pfUSA
https://crworkspace.s3.ap-south-1.amazonaws.com/crdhs/private/2024/9/23/recording222233292850749454.mp3,tEII2jHDfs0dciOzSh5xYg
https://crworkspace.s3.ap-south-1.amazonaws.com/crdhs/private/2024/9/23/recording14162187273784907952.mp3,XysyajrYiyhPlXHcDe2gAg
https://crworkspace.s3.ap-south-1.amazonaws.com/crdhs/private/2024/9/20/recording17412350948667413237.mp3,Mv2MxDjevgzPVMz5jVtE5Q
https://crworkspace.s3.ap-south-1.amazonaws.com/crdhs/private/2024/9/20/recording2192692034023915055.mp3,ArPqXH9xdQAVS3Yh-n87ug
https://crworkspace.s3.ap-south-1.amazonaws.com/crdhs/private/2024/9/23/recording18247111085035064632.mp3,lDIghoQg6gjK-MAxXnKiWg
https://crworkspace.s3.ap-south-1.amazonaws.com/crdhs/private/2024/9/21/recording2074481918704649601.mp3,NX4ieL18HObL0r1BbJ9CaQ
https://crworkspace.s3.ap-south-1.amazonaws.com/crdhs/private/2024/9/23/recording8357060952596865283.mp3,oHOir41C80aaz3td9VWrzA
https://crworkspace.s3.ap-south-1.amazonaws.com/crdhs/private/2024/11/6/recording.mp3,--HarojsWojLTjUTow1RHA
https://crworkspace.s3.ap-south-1.amazonaws.com/crdhs/private/2024/11/6/recording.mp3,--HarojsWojLTjUTow1RHA
https://crworkspace.s3.ap-south-1.amazonaws.com/crdhs/private/2024/9/23/recording1141223502607515869.mp3,FVIPx4g1ETRjnruYuDrmyA
https://crworkspace.s3.ap-south-1.amazonaws.com/crdhs/private/2024/9/21/recording14443408658802766366.mp3,lo62OF8YSrknSPKL-h1-Fg
https://crworkspace.s3.ap-south-1.amazonaws.com/crdhs/private/2024/9/25/recording10378887489368485002.mp3,fVYSqWKhD21pB_ybwxGPww
https://crworkspace.s3.ap-south-1.amazonaws.com/crdhs/private/2024/9/20/recording5483536591955660895.mp3,LngMMswLLSfl_qixndsioA
https://crworkspace.s3.ap-south-1.amazonaws.com/crdhs/private/2024/9/21/recording18146436407872182333.mp3,I124oezfmQ-rd1GBsXBIbg
https://crworkspace.s3.ap-south-1.amazonaws.com/crdhs/private/2024/9/20/recording16196027281762104053.mp3,flqG_o1JwySYEEzElJ31yQ
https://crworkspace.s3.ap-south-1.amazonaws.com/crdhs/private/2024/9/25/recording1233211098749314253.mp3,gaixJ6r1nx9A8rutfwUwwg
https://crworkspace.s3.ap-south-1.amazonaws.com/crdhs/private/2024/9/25/recording4243741265699044719.mp3,LqnJaepUKQkRKIsXv-SpGQ
https://crworkspace.s3.ap-south-1.amazonaws.com/crdhs/private/2024/9/21/recording2033990424080594623.mp3,PMXFbhYvy5wSogHOuE6YOg
https://crworkspace.s3.ap-south-1.amazonaws.com/crdhs/private/2024/11/6/recording.mp3,--HarojsWojLTjUTow1RHA
https://crworkspace.s3.ap-south-1.amazonaws.com/crdhs/private/2024/9/20/recording12296022666618312644.mp3,0hh6xlqv3iMC-mC0ZTPvfw
https://crworkspace.s3.ap-south-1.amazonaws.com/crdhs/private/2024/9/20/recording11104936851137125603.mp3,sMrqW05pkzB2zpv_saK5Tg
https://crworkspace.s3.ap-south-1.amazonaws.com/crdhs/private/2024/9/25/recording656218600412950425.mp3,eU3z-wlUcu-WBl7SrYZ_1w
https://crworkspace.s3.ap-south-1.amazonaws.com/crdhs/private/2024/9/24/recording18212403702614105919.mp3,F9Oz2ICWHv_hdLB3_0fbug
https://crworkspace.s3.ap-south-1.amazonaws.com/crdhs/private/2024/9/23/recording10519734841535708323.mp3,6ZXPn-L4faiMFMPdFT2x8w
https://crworkspace.s3.ap-south-1.amazonaws.com/crdhs/private/2024/10/6/recording7838460544533457405.mp3,JX5GvBlwo5QVQviQ9TZO4g
https://crworkspace.s3.ap-south-1.amazonaws.com/crdhs/private/2024/9/23/recording2365813173674422840.mp3,Ea2IPKEldqZBsKec3N8uIQ
https://crworkspace.s3.ap-south-1.amazonaws.com/crdhs/private/2024/10/6/recording12644515900250175408.mp3,hjRZ3H3ojdRrZPs1X_hx9Q
https://crworkspace.s3.ap-south-1.amazonaws.com/crdhs/private/2024/9/27/recording1134764059386356596.mp3,VY6XUChO3NNcPgGUVzdXYw
https://crworkspace.s3.ap-south-1.amazonaws.com/crdhs/private/2024/9/27/recording17014042201097658836.mp3,5lWotoe0zfuJQqFBRc7A9Q
https://crworkspace.s3.ap-south-1.amazonaws.com/crdhs/private/2024/10/2/recording1793699890377835021.mp3,9COS0CGBcStbXMdwPkPnJw
https://crworkspace.s3.ap-south-1.amazonaws.com/crdhs/private/2024/9/20/recording2286597672884545052.mp3,U0hrtbTmwd42y5kkd2dbDA
https://crworkspace.s3.ap-south-1.amazonaws.com/crdhs/private/2024/9/20/recording14921912793439608962.mp3,kOpkuqBZoSK9S5srQ30ctw
https://crworkspace.s3.ap-south-1.amazonaws.com/crdhs/private/2024/10/6/recording8097062246036554685.mp3,Wpe3KxlSRPiYM3MhLJcbug
https://crworkspace.s3.ap-south-1.amazonaws.com/crdhs/private/2024/10/7/recording17561212444500345573.mp3,lJ5ia8-bvkSuCfzpFUsnFQ
https://crworkspace.s3.ap-south-1.amazonaws.com/crdhs/private/2024/11/21/recording.mp3,--CsMlwV1w_m0om101_Z1w
https://crworkspace.s3.ap-south-1.amazonaws.com/crdhs/private/2024/9/23/recording16238171571738468990.mp3,dCk-X83IhefcHwmEew6Vfg
https://crworkspace.s3.ap-south-1.amazonaws.com/crdhs/private/2024/11/26/recording.mp3,-8AhiNg6tiGz8N7jiEqUFA
https://crworkspace.s3.ap-south-1.amazonaws.com/crdhs/private/2024/11/26/recording.mp3,-8AhiNg6tiGz8N7jiEqUFA
https://crworkspace.s3.ap-south-1.amazonaws.com/crdhs/private/2024/9/26/recording10632028901524325410.mp3,MZx41JURDZhyqKvqWewemg
https://crworkspace.s3.ap-south-1.amazonaws.com/crdhs/private/2024/11/21/recording.mp3,--CsMlwV1w_m0om101_Z1w
https://crworkspace.s3.ap-south-1.amazonaws.com/crdhs/private/2024/11/26/recording.mp3,-8AhiNg6tiGz8N7jiEqUFA
https://crworkspace.s3.ap-south-1.amazonaws.com/crdhs/private/2024/10/7/recording7421247039162616646.mp3,EWGXC5rF-UYxIvfe9J_iKQ
https://crworkspace.s3.ap-south-1.amazonaws.com/crdhs/private/2024/11/6/recording.mp3,--HarojsWojLTjUTow1RHA
https://crworkspace.s3.ap-south-1.amazonaws.com/crdhs/private/2024/11/26/recording.mp3,-8AhiNg6tiGz8N7jiEqUFA
https://crworkspace.s3.ap-south-1.amazonaws.com/crdhs/private/2024/9/21/recording7103480718946671625.mp3,sxDDtkGxEzNVYzXH4gNs7g
https://crworkspace.s3.ap-south-1.amazonaws.com/crdhs/private/2024/10/7/recording13504236428152130577.mp3,mBM2fAMMiCc22inYbmQ3vA
https://crworkspace.s3.ap-south-1.amazonaws.com/crdhs/private/2024/10/7/recording6180224546612895887.mp3,wpCBFRHHPtD31PuRWE2OOw
https://crworkspace.s3.ap-south-1.amazonaws.com/crdhs/private/2024/11/6/recording.mp3,--HarojsWojLTjUTow1RHA
https://crworkspace.s3.ap-south-1.amazonaws.com/crdhs/private/2024/11/6/recording.mp3,--HarojsWojLTjUTow1RHA
https://crworkspace.s3.ap-south-1.amazonaws.com/crdhs/private/2024/9/26/recording14003291351343995722.mp3,Vtd4UWqQ3ysUoIM6oZWVHA
https://crworkspace.s3.ap-south-1.amazonaws.com/crdhs/private/2024/11/26/recording.mp3,-8AhiNg6tiGz8N7jiEqUFA
https://crworkspace.s3.ap-south-1.amazonaws.com/crdhs/private/2024/10/7/recording2961302634097872178.mp3,JuJnJfVq4eSbs_1ASp_iAQ
https://crworkspace.s3.ap-south-1.amazonaws.com/crdhs/private/2024/9/26/recording2095819117154485270.mp3,Hkq_sh8t_oBYy6k2J4BuwQ
https://crworkspace.s3.ap-south-1.amazonaws.com/crdhs/private/2024/9/26/recording15921709483345432736.mp3,jA7JoI7FrhfrzAFa-OdfEQ
https://crworkspace.s3.ap-south-1.amazonaws.com/crdhs/private/2024/9/26/recording15625685188746134763.mp3,1HRjFN3Y_80tCIlz_SZBlg
https://crworkspace.s3.ap-south-1.amazonaws.com/crdhs/private/2024/11/21/recording.mp3,--CsMlwV1w_m0om101_Z1w
https://crworkspace.s3.ap-south-1.amazonaws.com/crdhs/private/2024/9/21/recording6921720063798010599.mp3,dPPfJAQFg3GgCT7RwxyyBg
https://crworkspace.s3.ap-south-1.amazonaws.com/crdhs/private/2024/9/24/recording13763485910005030661.mp3,l9mMBl7CO8CV19V4ItwJXw
https://crworkspace.s3.ap-south-1.amazonaws.com/crdhs/private/2024/9/23/recording3362296161177180157.mp3,yzoIT1P4kjPHvJ20KRQIGA
https://crworkspace.s3.ap-south-1.amazonaws.com/crdhs/private/2024/10/6/recording11208837338736436058.mp3,lHnKEcqw08DpWbX_R0SDVg
https://crworkspace.s3.ap-south-1.amazonaws.com/crdhs/private/2024/10/7/recording4658217435635246367.mp3,5CrGqSCyjFVHpJcQNnhfqg
https://crworkspace.s3.ap-south-1.amazonaws.com/crdhs/private/2024/9/27/recording259114997021185425.mp3,Ucj6oK7SLs1yq5XKs2b7Hg
https://crworkspace.s3.ap-south-1.amazonaws.com/crdhs/private/2024/10/7/recording12578930785266604123.mp3,320uBV1heNwDX9Im7sDeJw
https://crworkspace.s3.ap-south-1.amazonaws.com/crdhs/private/2024/10/6/recording13761496008006215552.mp3,6KCIYPPM86SH061D6GMKgA
https://crworkspace.s3.ap-south-1.amazonaws.com/crdhs/private/2024/9/20/recording15170804606572404834.mp3,oHx3C_gOsjMF0_5rKBr47A
https://crworkspace.s3.ap-south-1.amazonaws.com/crdhs/private/2024/9/26/recording3245263368902468274.mp3,mTwtl3zwKGHi821aN-XA5g
https://crworkspace.s3.ap-south-1.amazonaws.com/crdhs/private/2024/9/21/recording6611856141343591879.mp3,OwCp6hkoLogMsLvCVly81w
https://crworkspace.s3.ap-south-1.amazonaws.com/crdhs/private/2024/9/21/recording487717050967655986.mp3,OK49RWy3pEjC31X3hl1Jsg
https://crworkspace.s3.ap-south-1.amazonaws.com/crdhs/private/2024/9/20/recording10700575372422269595.mp3,nVcib6BYohvn3Aav18eKAA
https://crworkspace.s3.ap-south-1.amazonaws.com/crdhs/private/2024/9/27/recording364829289511898509.mp3,be3NZLuVWx1KA0lbfu9ugg
https://crworkspace.s3.ap-south-1.amazonaws.com/crdhs/private/2024/10/6/recording12453018525298370751.mp3,JiKZGEZvAsXXDOktpuKW8g
https://crworkspace.s3.ap-south-1.amazonaws.com/crdhs/private/2024/10/7/recording15933529209577596937.mp3,Kz9LxXKCOO-L7D9DHqoSFQ
https://crworkspace.s3.ap-south-1.amazonaws.com/crdhs/private/2024/9/21/recording10726734080112915304.mp3,0MzxrribqHOBjegSkOLBCQ
https://crworkspace.s3.ap-south-1.amazonaws.com/crdhs/private/2024/11/21/recording.mp3,--CsMlwV1w_m0om101_Z1w
https://crworkspace.s3.ap-south-1.amazonaws.com/crdhs/private/2024/9/23/recording1441793102451983882.mp3,p1VfywZmWqD_G5WNXr-Mqg
https://crworkspace.s3.ap-south-1.amazonaws.com/crdhs/private/2024/9/20/recording14756508959259081150.mp3,hVF0iezNxhP4zeJ0McYQVA
https://crworkspace.s3.ap-south-1.amazonaws.com/crdhs/private/2024/10/7/recording3667113220501475108.mp3,0lMXzqvQG9FEdS1xtynaRg
https://crworkspace.s3.ap-south-1.amazonaws.com/crdhs/private/2024/11/21/recording.mp3,--CsMlwV1w_m0om101_Z1w
https://crworkspace.s3.ap-south-1.amazonaws.com/crdhs/private/2024/9/20/recording4528492792786265747.mp3,Ynk_1gX8AfCnlOV22EubCw
https://crworkspace.s3.ap-south-1.amazonaws.com/crdhs/private/2024/9/26/recording9296137888554249334.mp3,QFxn9avQXl7WJLtYexMfhQ
https://crworkspace.s3.ap-south-1.amazonaws.com/crdhs/private/2024/9/25/recording2126324259089603078.mp3,d8MAh0UqSAy4dFRIw1BzWA
https://crworkspace.s3.ap-south-1.amazonaws.com/crdhs/private/2024/11/26/recording.mp3,-8AhiNg6tiGz8N7jiEqUFA
https://crworkspace.s3.ap-south-1.amazonaws.com/crdhs/private/2024/11/26/recording.mp3,-8AhiNg6tiGz8N7jiEqUFA
https://crworkspace.s3.ap-south-1.amazonaws.com/crdhs/private/2024/9/23/recording9569784303840137189.mp3,_9x5LESjgdveXqM0wj8gtg
https://crworkspace.s3.ap-south-1.amazonaws.com/crdhs/private/2024/11/21/recording.mp3,--CsMlwV1w_m0om101_Z1w
https://crworkspace.s3.ap-south-1.amazonaws.com/crdhs/private/2024/11/26/recording.mp3,-8AhiNg6tiGz8N7jiEqUFA
https://crworkspace.s3.ap-south-1.amazonaws.com/crdhs/private/2024/11/26/recording.mp3,-8AhiNg6tiGz8N7jiEqUFA
https://crworkspace.s3.ap-south-1.amazonaws.com/crdhs/private/2024/9/27/recording16955132543732182305.mp3,d9wRM26UmNF_QeEAifpX8Q
https://crworkspace.s3.ap-south-1.amazonaws.com/crdhs/private/2024/11/26/recording.mp3,-8AhiNg6tiGz8N7jiEqUFA
https://crworkspace.s3.ap-south-1.amazonaws.com/crdhs/private/2024/11/26/recording.mp3,-8AhiNg6tiGz8N7jiEqUFA
https://crworkspace.s3.ap-south-1.amazonaws.com/crdhs/private/2024/11/6/recording.mp3,--HarojsWojLTjUTow1RHA
https://crworkspace.s3.ap-south-1.amazonaws.com/crdhs/private/2024/11/26/recording.mp3,-8AhiNg6tiGz8N7jiEqUFA
https://crworkspace.s3.ap-south-1.amazonaws.com/crdhs/private/2024/9/27/recording649476817618544179.mp3,gFQEDIGfN2ZH9xQTDrbaPw
https://crworkspace.s3.ap-south-1.amazonaws.com/crdhs/private/2024/9/26/recording9609037110824906637.mp3,BtyrDpMa1E0aGQW50oRyvw
https://crworkspace.s3.ap-south-1.amazonaws.com/crdhs/private/2024/9/26/recording15604526187480197994.mp3,oK9ecZhb5YvPCp9tF0sD_w
https://crworkspace.s3.ap-south-1.amazonaws.com/crdhs/private/2024/9/25/recording10314782723971244748.mp3,v7HzPx0F_T6Ss-GQCscWxw
https://crworkspace.s3.ap-south-1.amazonaws.com/crdhs/private/2024/9/25/recording6889725870001287101.mp3,MbuGhGYbxwDgibE_Qc4muQ
https://crworkspace.s3.ap-south-1.amazonaws.com/crdhs/private/2024/9/21/recording13342922583704603451.mp3,D9fGkSJyQ7m50OdJY1P4fQ
https://crworkspace.s3.ap-south-1.amazonaws.com/crdhs/private/2024/9/21/recording12561843764635065717.mp3,kJ7elVGZnzbnLbdEcdOk0g
https://crworkspace.s3.ap-south-1.amazonaws.com/crdhs/private/2024/9/21/recording18258800432575189091.mp3,7lGo-42YthGOBi_PCSzzUA
https://crworkspace.s3.ap-south-1.amazonaws.com/crdhs/private/2024/9/23/recording11618736030033914254.mp3,uU7GMKl1iuCL5ZJIJ5957Q
https://crworkspace.s3.ap-south-1.amazonaws.com/crdhs/private/2024/9/21/recording12092638845552857557.mp3,Qym5BJjGC0pnmxaxHXq5ig
https://crworkspace.s3.ap-south-1.amazonaws.com/crdhs/private/2024/9/26/recording10277494238949145647.mp3,n75NJpT-CEonpDP1OnYUGg
https://crworkspace.s3.ap-south-1.amazonaws.com/crdhs/private/2024/9/20/recording10368481721707403884.mp3,ifuj_bAtBE5OGlbAp5YmvQ
https://crworkspace.s3.ap-south-1.amazonaws.com/crdhs/private/2024/9/20/recording9437184158681186946.mp3,5QI2_EtEDFZsOSIE3Rjcew
https://crworkspace.s3.ap-south-1.amazonaws.com/crdhs/private/2024/9/21/recording247369867387778757.mp3,GJHs7Wm4um8z7uTFrsLnOQ
https://crworkspace.s3.ap-south-1.amazonaws.com/crdhs/private/2024/9/21/recording12627181614447519398.mp3,MzNOowWcq8Q9Qk56Nyagag
https://crworkspace.s3.ap-south-1.amazonaws.com/crdhs/private/2024/9/20/recording2394224365395758300.mp3,tZkecuPqqL3_fEz7AIWd5w
https://crworkspace.s3.ap-south-1.amazonaws.com/crdhs/private/2024/9/23/recording4040553155272886740.mp3,4qz0ZcCGLQV4qLnrz3YBTg
https://crworkspace.s3.ap-south-1.amazonaws.com/crdhs/private/2024/9/20/recording6686896914205316903.mp3,kg1glME7D-972lpk_mRH3g
https://crworkspace.s3.ap-south-1.amazonaws.com/crdhs/private/2024/9/26/recording3987884423555904622.mp3,lE0tF-DcMHe0BewKiJaBeQ
https://crworkspace.s3.ap-south-1.amazonaws.com/crdhs/private/2024/9/20/recording15619269037131489.mp3,24pcCvelBtBad7pyZ6kaQQ
https://crworkspace.s3.ap-south-1.amazonaws.com/crdhs/private/2024/9/20/recording15570210844752915382.mp3,A_M-nXY2_fmBMYh5iaY4dQ
https://crworkspace.s3.ap-south-1.amazonaws.com/crdhs/private/2024/9/25/recording7387728347877862462.mp3,WpgcGLdwiSv5IRX2biWc5A
https://crworkspace.s3.ap-south-1.amazonaws.com/crdhs/private/2024/9/20/recording3276862468399525741.mp3,74yn6-dQ5UXnhepm-Wu21Q
https://crworkspace.s3.ap-south-1.amazonaws.com/crdhs/private/2024/9/26/recording16965844217082999783.mp3,w4QafwaFPUhDPam6Fga-cw
https://crworkspace.s3.ap-south-1.amazonaws.com/crdhs/private/2024/9/23/recording14843266977027853100.mp3,yrCJDDWcfk2SMFcCNB4McQ
https://crworkspace.s3.ap-south-1.amazonaws.com/crdhs/private/2024/9/23/recording14717858926064449132.mp3,NKOtV6hNsJcoOIZP7fOJNg
https://crworkspace.s3.ap-south-1.amazonaws.com/crdhs/private/2024/9/20/recording1563419343938622453.mp3,RAffgxFoEl5EcE2QqUDNkQ
https://crworkspace.s3.ap-south-1.amazonaws.com/crdhs/private/2024/9/26/recording13520135881157716276.mp3,kgDslwrTgXUekZms0U5obQ
https://crworkspace.s3.ap-south-1.amazonaws.com/crdhs/private/2024/9/21/recording16926218320850483561.mp3,olB5wQ5X_569i8p99p9fnQ
https://crworkspace.s3.ap-south-1.amazonaws.com/crdhs/private/2024/9/20/recording9378657254152463674.mp3,gitt08qEAKyfxiidWoYEFw
https://crworkspace.s3.ap-south-1.amazonaws.com/crdhs/private/2024/9/21/recording7072620674877949965.mp3,ExiAPLfW3XwNXj2n_MWu_A
https://crworkspace.s3.ap-south-1.amazonaws.com/crdhs/private/2024/9/26/recording2953752184638973907.mp3,_WAW3sPvswKgUzqGQ3vaRQ
https://crworkspace.s3.ap-south-1.amazonaws.com/crdhs/private/2024/9/21/recording494675911606797166.mp3,YehuD3W3alN2waWDleO1YQ
https://crworkspace.s3.ap-south-1.amazonaws.com/crdhs/private/2024/9/20/recording5191172322451010810.mp3,Qlp49HqbJ75clgJEpvYCGA
https://crworkspace.s3.ap-south-1.amazonaws.com/crdhs/private/2024/9/21/recording11330141300551893506.mp3,bcp531Q_SnHy2Cj3GvaFFQ
https://crworkspace.s3.ap-south-1.amazonaws.com/crdhs/private/2024/9/23/recording5541115607730792240.mp3,jdPka7r5McNdwVemaHJUtQ
https://crworkspace.s3.ap-south-1.amazonaws.com/crdhs/private/2024/9/20/recording10792921449979846774.mp3,nao46-XPQy3BFP46GCmdGA
https://crworkspace.s3.ap-south-1.amazonaws.com/crdhs/private/2024/9/21/recording15770772975461154797.mp3,VtLh557uuPdp2b30bmpO7w
https://crworkspace.s3.ap-south-1.amazonaws.com/crdhs/private/2024/9/20/recording16974282012736381352.mp3,liE5FWA-gvlWBrN8L929Vg
https://crworkspace.s3.ap-south-1.amazonaws.com/crdhs/private/2024/9/23/recording3537448604431514063.mp3,NtnrBw_ZYjoD0LnZSv94cQ
https://crworkspace.s3.ap-south-1.amazonaws.com/crdhs/private/2024/9/25/recording829133293224923923.mp3,27GF0Zk2ywlg6YxZ-SG_cw
https://crworkspace.s3.ap-south-1.amazonaws.com/crdhs/private/2024/9/20/recording13890489754576237499.mp3,IERWzoMQkOXxQ9N8Ygt01w
https://crworkspace.s3.ap-south-1.amazonaws.com/crdhs/private/2024/9/20/recording705162651511438908.mp3,nyzUgNlamGHiJap7W2kmIQ
https://crworkspace.s3.ap-south-1.amazonaws.com/crdhs/private/2024/9/26/recording1919869721952560831.mp3,H8CRCtxrdCHdwwwCOm7EQg
https://crworkspace.s3.ap-south-1.amazonaws.com/crdhs/private/2024/9/21/recording4079766820444410725.mp3,5SmStRRgjR3r-KQY5n8OSA
https://crworkspace.s3.ap-south-1.amazonaws.com/crdhs/private/2024/9/23/recording9305944941960228501.mp3,CgFlYSNQOP0V6CNWAYZLkQ
https://crworkspace.s3.ap-south-1.amazonaws.com/crdhs/private/2024/9/23/recording10319270307350875695.mp3,jR9B164Hna5u9HgPx3XRag
https://crworkspace.s3.ap-south-1.amazonaws.com/crdhs/private/2024/9/23/recording17269547015384196754.mp3,ZINbocOLhWMQvB2Vo0ILUQ
https://crworkspace.s3.ap-south-1.amazonaws.com/crdhs/private/2024/9/20/recording15483303356145477636.mp3,S2EFu8L9PbzygH-jp7-7bg
https://crworkspace.s3.ap-south-1.amazonaws.com/crdhs/private/2024/9/20/recording15287996781634643959.mp3,EZaPip547mMGuZoT3CS7kQ
https://crworkspace.s3.ap-south-1.amazonaws.com/crdhs/private/2024/9/25/recording15838460668271793817.mp3,-7DgmKQKshQwEQhvdCBong
https://crworkspace.s3.ap-south-1.amazonaws.com/crdhs/private/2024/9/26/recording530472830503711663.mp3,MxU8rBFREH8f74UmesIdBg
https://crworkspace.s3.ap-south-1.amazonaws.com/crdhs/private/2024/9/21/recording7725041942207930119.mp3,rRcZpS191pjA_02HQHRzHA
https://crworkspace.s3.ap-south-1.amazonaws.com/crdhs/private/2024/9/26/recording5203006551643572873.mp3,53Suh5PzkCYBO7UJ8iOAQw
https://crworkspace.s3.ap-south-1.amazonaws.com/crdhs/private/2024/9/26/recording12354484710007511286.mp3,z2rgsdZ4KhpFalSF1oUEmQ
https://crworkspace.s3.ap-south-1.amazonaws.com/crdhs/private/2024/9/21/recording15337482599152850475.mp3,8eHO7NdnGwEszx-XKLGoJA
https://crworkspace.s3.ap-south-1.amazonaws.com/crdhs/private/2024/9/26/recording6717482659926879393.mp3,Yd2eX3Q2AkrAY_70rj2Aog
https://crworkspace.s3.ap-south-1.amazonaws.com/crdhs/private/2024/9/23/recording5643084316250493633.mp3,kUzRJEwIoHxgIi-RcZ9NbA
https://crworkspace.s3.ap-south-1.amazonaws.com/crdhs/private/2024/9/24/recording12492492519974154364.mp3,B53ughnfui8_uEBqrQtnNA
https://crworkspace.s3.ap-south-1.amazonaws.com/crdhs/private/2024/9/21/recording17238281496450043525.mp3,FEVIWAFVc6YuDrS7SSi3xg
https://crworkspace.s3.ap-south-1.amazonaws.com/crdhs/private/2024/9/21/recording15691957728761825957.mp3,_F3DZwVJmoSlQa7CSiuA0g
https://crworkspace.s3.ap-south-1.amazonaws.com/crdhs/private/2024/9/21/recording223016072956982185.mp3,fRk22lFsnmn6fLmODeH--g
https://crworkspace.s3.ap-south-1.amazonaws.com/crdhs/private/2024/9/20/recording14893927287670299338.mp3,jg0rFLcDbX2WNIbqDZ9yUg
https://crworkspace.s3.ap-south-1.amazonaws.com/crdhs/private/2024/9/20/recording5865669485781234882.mp3,1VQ6jcbrw_quZSnhmnkaJA
https://crworkspace.s3.ap-south-1.amazonaws.com/crdhs/private/2024/9/26/recording15912718875893723437.mp3,JBSybnKaqD9IPM3tASdPYg
https://crworkspace.s3.ap-south-1.amazonaws.com/crdhs/private/2024/9/23/recording10585844837737373646.mp3,jfk_lj-QELUvBe_zKVH9rQ
https://crworkspace.s3.ap-south-1.amazonaws.com/crdhs/private/2024/9/21/recording7811295847137420613.mp3,BYpuWk3lrJP6Mvc3GD0chg
https://crworkspace.s3.ap-south-1.amazonaws.com/crdhs/private/2024/9/20/recording11597968146590059258.mp3,-EKvxb_qC_v8J9nUhGAtfQ
https://crworkspace.s3.ap-south-1.amazonaws.com/crdhs/private/2024/9/21/recording6710433470345379384.mp3,E-hjSWPjufsQehRgjcogPg
https://crworkspace.s3.ap-south-1.amazonaws.com/crdhs/private/2024/9/25/recording3864324892552529260.mp3,OXWRc_ZPY_n0fCqgcJhwJw
https://crworkspace.s3.ap-south-1.amazonaws.com/crdhs/private/2024/9/21/recording10526210283456904366.mp3,riQ8WmPtulMXWBpiX3o5Jw
https://crworkspace.s3.ap-south-1.amazonaws.com/crdhs/private/2024/9/20/recording4515326516576572650.mp3,TdaIMouXAtnXW4F_KmX6iw
https://crworkspace.s3.ap-south-1.amazonaws.com/crdhs/private/2024/9/24/recording10383615725551735473.mp3,SHJK6SqhUAfMNbLKWVmSXQ
https://crworkspace.s3.ap-south-1.amazonaws.com/crdhs/private/2024/9/23/recording14320743547334324226.mp3,4y8NQG5Abyl5jswWa1kBwg
https://crworkspace.s3.ap-south-1.amazonaws.com/crdhs/private/2024/9/23/recording13838750992636117359.mp3,KmFrNWw5TMhf8rKIa_eoJQ
https://crworkspace.s3.ap-south-1.amazonaws.com/crdhs/private/2024/9/24/recording18328084805472875295.mp3,fjAjesvr-xwsJ8cJ5cfHPg
https://crworkspace.s3.ap-south-1.amazonaws.com/crdhs/private/2024/10/3/recording93775302217362987.mp3,HF8UPPIsBjwrS92-TZPGPw
https://crworkspace.s3.ap-south-1.amazonaws.com/crdhs/private/2024/9/20/recording3692215285346104490.mp3,Ig7uROB1jpBEJw138s6lSA
https://crworkspace.s3.ap-south-1.amazonaws.com/crdhs/private/2024/9/23/recording8369767134979114546.mp3,8aeRVw29U8ZAAwgsTZ1USQ
https://crworkspace.s3.ap-south-1.amazonaws.com/crdhs/private/2024/9/23/recording8529088407451006088.mp3,Dg_gvNSOgmQ3SjrQcCMbCg
https://crworkspace.s3.ap-south-1.amazonaws.com/crdhs/private/2024/9/25/recording3384498050950438090.mp3,f3zvGspiMqRkKHa84BY51g
https://crworkspace.s3.ap-south-1.amazonaws.com/crdhs/private/2024/9/26/recording6610509546282050213.mp3,gev6-cU4O1CyK5VlQLWiRA
https://crworkspace.s3.ap-south-1.amazonaws.com/crdhs/private/2024/9/21/recording6086008863392503024.mp3,jSj1ZFEGQpICZNh8mTTnEQ
https://crworkspace.s3.ap-south-1.amazonaws.com/crdhs/private/2024/9/20/recording9254463023964586726.mp3,954qolsNU1B_NmEVnDVhCg
https://crworkspace.s3.ap-south-1.amazonaws.com/crdhs/private/2024/9/25/recording15399574914901854835.mp3,MS8f-oFx2IM_WoP94pYLOg
https://crworkspace.s3.ap-south-1.amazonaws.com/crdhs/private/2024/9/24/recording7900110675908928551.mp3,sHwyxooSZojILCioawApmA
https://crworkspace.s3.ap-south-1.amazonaws.com/crdhs/private/2024/9/25/recording178356208618801514.mp3,oNUZ9vKgPTfT1qLFze3qzg
https://crworkspace.s3.ap-south-1.amazonaws.com/crdhs/private/2024/9/25/recording14447762751866441456.mp3,L-MfJM_Dk8lsq7h2rvVp_A
https://crworkspace.s3.ap-south-1.amazonaws.com/crdhs/private/2024/9/20/recording14373834197796720954.mp3,yCb4FOFUETcfPHwHvXCf3Q
https://crworkspace.s3.ap-south-1.amazonaws.com/crdhs/private/2024/9/25/recording496101839721652817.mp3,OdQBtgZOY6ZBEa9TE-hNNQ
https://crworkspace.s3.ap-south-1.amazonaws.com/crdhs/private/2024/9/24/recording14049680670136646761.mp3,Y62trhs8OF1q_d_HtYKKUg
https://crworkspace.s3.ap-south-1.amazonaws.com/crdhs/private/2024/9/21/recording13783512859358356178.mp3,DrDcY5EmDb0qVOcOl_0EVA
https://crworkspace.s3.ap-south-1.amazonaws.com/crdhs/private/2024/9/25/recording3205087953414395808.mp3,0neBSgfa1BZfqaU0T7c3Fw
https://crworkspace.s3.ap-south-1.amazonaws.com/crdhs/private/2024/9/25/recording14876773981471276606.mp3,g7q7_IJ18sm40SDAj1ivDg
https://crworkspace.s3.ap-south-1.amazonaws.com/crdhs/private/2024/9/26/recording10180378390244032592.mp3,ttVxl4BG-nh7pH4jy-1B7g
https://crworkspace.s3.ap-south-1.amazonaws.com/crdhs/private/2024/9/26/recording4407023480597631793.mp3,X691-0BxWVCTv6Q2ikqliA
https://crworkspace.s3.ap-south-1.amazonaws.com/crdhs/private/2024/9/20/recording8008754663010232933.mp3,_kmmRy2T4pyH-KhvAJphhw
https://crworkspace.s3.ap-south-1.amazonaws.com/crdhs/private/2024/9/26/recording3245175290957358940.mp3,VmIcj2R9VdPkygL7myV6_g
https://crworkspace.s3.ap-south-1.amazonaws.com/crdhs/private/2024/9/25/recording16795869834921731158.mp3,zPDuOSQ0eibzsTXdnhWpwA
https://crworkspace.s3.ap-south-1.amazonaws.com/crdhs/private/2024/9/25/recording14657929783613628667.mp3,HzLAIuRz9IVCSVv9V37-xw
https://crworkspace.s3.ap-south-1.amazonaws.com/crdhs/private/2024/9/21/recording17182719765208650153.mp3,mXiP6zcsirFa4C-9wPFOcw
https://crworkspace.s3.ap-south-1.amazonaws.com/crdhs/private/2024/9/26/recording6681321916676719719.mp3,GOK9odKZHtz0kTpkUErtlA
https://crworkspace.s3.ap-south-1.amazonaws.com/crdhs/private/2024/9/21/recording9903022724507603472.mp3,yMIjUSA19sj062cloa9xXA
https://crworkspace.s3.ap-south-1.amazonaws.com/crdhs/private/2024/9/23/recording3655643876316841184.mp3,TtSBFZ52xrD1o1Y3uFuwMQ
https://crworkspace.s3.ap-south-1.amazonaws.com/crdhs/private/2024/9/26/recording11935161129779642558.mp3,KtACDzLLPf4CVKo_vxHdUA
https://crworkspace.s3.ap-south-1.amazonaws.com/crdhs/private/2024/9/26/recording3381333993383987279.mp3,vOE14sq7J5RpKoI9x75GCA
https://crworkspace.s3.ap-south-1.amazonaws.com/crdhs/private/2024/9/23/recording2208622247241467935.mp3,RDfFins6g5Mkh3DIPqpF6Q
https://crworkspace.s3.ap-south-1.amazonaws.com/crdhs/private/2024/9/21/recording7324068511043946118.mp3,zG72z2lhKUQCgnRh_7jnZA
https://crworkspace.s3.ap-south-1.amazonaws.com/crdhs/private/2024/9/25/recording7835527946265225137.mp3,bePoSOwkWtDVYZqMrIBkWw
https://crworkspace.s3.ap-south-1.amazonaws.com/crdhs/private/2024/9/26/recording7679020234672132110.mp3,wyOTf0v65wZP4o7MjniTGg
https://crworkspace.s3.ap-south-1.amazonaws.com/crdhs/private/2024/9/26/recording16749997192596507973.mp3,Mzqgbh48FWgKr0nN194s5g
https://crworkspace.s3.ap-south-1.amazonaws.com/crdhs/private/2024/9/26/recording4029765305234757871.mp3,1VEQKwsYiVlV-JtLQHOytQ
https://crworkspace.s3.ap-south-1.amazonaws.com/crdhs/private/2024/9/20/recording12288652482786752519.mp3,qFvigPvH2zohC-MslpLrkA
https://crworkspace.s3.ap-south-1.amazonaws.com/crdhs/private/2024/9/21/recording17312720470648227622.mp3,potXCERJVWGR84k3BdTRJA
https://crworkspace.s3.ap-south-1.amazonaws.com/crdhs/private/2024/9/26/recording5049306454767924708.mp3,WgD_yto47b_AUBQxw9h_vQ
https://crworkspace.s3.ap-south-1.amazonaws.com/crdhs/private/2024/9/25/recording15529749329111429220.mp3,k269Amkn33Z7XWZ46hOzsg
https://crworkspace.s3.ap-south-1.amazonaws.com/crdhs/private/2024/9/23/recording7055249184231362276.mp3,7C7yyUmywpE0jV6ind0rPg
https://crworkspace.s3.ap-south-1.amazonaws.com/crdhs/private/2024/9/25/recording11204892126935564985.mp3,-X49VxfR0Tvc_8_KV5QV-Q
https://crworkspace.s3.ap-south-1.amazonaws.com/crdhs/private/2024/9/23/recording4414990052770417067.mp3,pf6D-duqb_9JB9-yAI1ODA
https://crworkspace.s3.ap-south-1.amazonaws.com/crdhs/private/2024/9/23/recording12172854303238722304.mp3,iF7kndiMjuMPDqbntA7WWg
https://crworkspace.s3.ap-south-1.amazonaws.com/crdhs/private/2024/9/21/recording16923633068422450020.mp3,LKLR-baqsRd7YUAht8mgEQ
https://crworkspace.s3.ap-south-1.amazonaws.com/crdhs/private/2024/9/20/recording11351412139499743056.mp3,Vmp6B3NafjP0RkJnsNLu6A
https://crworkspace.s3.ap-south-1.amazonaws.com/crdhs/private/2024/9/26/recording13134339844829782358.mp3,TKtwGapFTCyeupDGcUoOdQ
https://crworkspace.s3.ap-south-1.amazonaws.com/crdhs/private/2024/9/23/recording3437090735909121110.mp3,gsqUXK-bIURYniJuucz2iA
https://crworkspace.s3.ap-south-1.amazonaws.com/crdhs/private/2024/9/20/recording4523994935216834370.mp3,HOf8_Uq_HrlbSAPo0g58vw
https://crworkspace.s3.ap-south-1.amazonaws.com/crdhs/private/2024/9/21/recording13013130770891663258.mp3,nOFxjGIasZwcDzMDjxE1EQ
https://crworkspace.s3.ap-south-1.amazonaws.com/crdhs/private/2024/9/24/recording14946663693138026615.mp3,fl358uyxmxg8LRvRrhhQRg
https://crworkspace.s3.ap-south-1.amazonaws.com/crdhs/private/2024/9/20/recording15238944394065701455.mp3,sHKCRQk3B4nfr7g8L8LjOA
https://crworkspace.s3.ap-south-1.amazonaws.com/crdhs/private/2024/9/21/recording4357196867377141815.mp3,aiGcPWccrtgHPgDaiDwvzA
https://crworkspace.s3.ap-south-1.amazonaws.com/crdhs/private/2024/9/20/recording1885976143873382753.mp3,38zKKSGRC9Jxk6CTlBmymQ
https://crworkspace.s3.ap-south-1.amazonaws.com/crdhs/private/2024/10/3/recording16784629916729601861.mp3,w2uDevOVjUAAEAupx3F25Q
https://crworkspace.s3.ap-south-1.amazonaws.com/crdhs/private/2024/9/21/recording17319134604669631428.mp3,5Jr_o-CzyEmZ-R8wpFyLmw
https://crworkspace.s3.ap-south-1.amazonaws.com/crdhs/private/2024/9/21/recording7973699589268601349.mp3,DyCDyg-6_db4ZTn2jQyZSw
https://crworkspace.s3.ap-south-1.amazonaws.com/crdhs/private/2024/9/21/recording10514772475557694885.mp3,pA0Fu2JuyNjzY8S7wc_Xfg
https://crworkspace.s3.ap-south-1.amazonaws.com/crdhs/private/2024/9/26/recording3685746990712370214.mp3,xaqPPAn01z6GN1AIA0i0sg
https://crworkspace.s3.ap-south-1.amazonaws.com/crdhs/private/2024/9/21/recording6980859298427274338.mp3,NCjEo2_WFW7GHuycnRYSgA
https://crworkspace.s3.ap-south-1.amazonaws.com/crdhs/private/2024/9/20/recording7285294754074583109.mp3,kdXg6POYQfBsUD1zaN19Ew
https://crworkspace.s3.ap-south-1.amazonaws.com/crdhs/private/2024/9/21/recording12877739430814705648.mp3,iYViXoaRlU9kRBxDuItohg
https://crworkspace.s3.ap-south-1.amazonaws.com/crdhs/private/2024/9/20/recording355918343159515732.mp3,KUz5hXEwmb3RUPNkiHifYA
https://crworkspace.s3.ap-south-1.amazonaws.com/crdhs/private/2024/9/21/recording6231859824114261705.mp3,esfQgGnZJVbJN4CD6ii-4A
https://crworkspace.s3.ap-south-1.amazonaws.com/crdhs/private/2024/9/20/recording13141122726674645215.mp3,6VCpuuW3pbyECDfebJ4h5w
https://crworkspace.s3.ap-south-1.amazonaws.com/crdhs/private/2024/9/20/recording11225531866775447505.mp3,omeijkhZo8PSxCEezNDHTw
https://crworkspace.s3.ap-south-1.amazonaws.com/crdhs/private/2024/9/20/recording1859275418315106393.mp3,hU6zJi8YIltAtNprj85kEg
https://crworkspace.s3.ap-south-1.amazonaws.com/crdhs/private/2024/9/20/recording4642765507161816499.mp3,0TpHvPRd7KxhKKIqXYRF3w
https://crworkspace.s3.ap-south-1.amazonaws.com/crdhs/private/2024/9/20/recording828207431877464676.mp3,RV5cAXH5hh0pxqbNQc4AMQ
https://crworkspace.s3.ap-south-1.amazonaws.com/crdhs/private/2024/9/23/recording13716612314291007277.mp3,DrfihcaaN95WiuA4mKdrjQ
https://crworkspace.s3.ap-south-1.amazonaws.com/crdhs/private/2024/9/27/recording10274856834982725403.mp3,XvkO-Vd4UgbE0nJwRTbZDg
https://crworkspace.s3.ap-south-1.amazonaws.com/crdhs/private/2024/11/6/recording.mp3,--HarojsWojLTjUTow1RHA
https://crworkspace.s3.ap-south-1.amazonaws.com/crdhs/private/2024/11/6/recording.mp3,--HarojsWojLTjUTow1RHA
https://crworkspace.s3.ap-south-1.amazonaws.com/crdhs/private/2024/10/7/recording12512508219712113541.mp3,442p_nSkCAppLZtRv37Tsw
https://crworkspace.s3.ap-south-1.amazonaws.com/crdhs/private/2024/10/7/recording7606991269239373709.mp3,TrDoxo3VMydKtiY0WzUvcQ
https://crworkspace.s3.ap-south-1.amazonaws.com/crdhs/private/2024/11/6/recording.mp3,--HarojsWojLTjUTow1RHA
https://crworkspace.s3.ap-south-1.amazonaws.com/crdhs/private/2024/9/27/recording14997699008890626946.mp3,3cZZmNVb7soFrIGOZWg3Dw
https://crworkspace.s3.ap-south-1.amazonaws.com/crdhs/private/2024/11/21/recording.mp3,--CsMlwV1w_m0om101_Z1w
https://crworkspace.s3.ap-south-1.amazonaws.com/crdhs/private/2024/9/27/recording4024331253350105501.mp3,k1VtOtnw4OsegrCsCap_cA
https://crworkspace.s3.ap-south-1.amazonaws.com/crdhs/private/2024/11/6/recording.mp3,--HarojsWojLTjUTow1RHA
https://crworkspace.s3.ap-south-1.amazonaws.com/crdhs/private/2024/9/26/recording16720627831161395642.mp3,UwHH8ScfmucZzR7pfv3S1A
https://crworkspace.s3.ap-south-1.amazonaws.com/crdhs/private/2024/11/26/recording.mp3,-8AhiNg6tiGz8N7jiEqUFA
https://crworkspace.s3.ap-south-1.amazonaws.com/crdhs/private/2024/10/7/recording8251179607418897759.mp3,RJdAif24-pQQOGV9bnRgow
https://crworkspace.s3.ap-south-1.amazonaws.com/crdhs/private/2024/9/23/recording16589434644448183473.mp3,LbFF-cg5YRWJEFdlde2kfg
https://crworkspace.s3.ap-south-1.amazonaws.com/crdhs/private/2024/11/21/recording.mp3,--CsMlwV1w_m0om101_Z1w
https://crworkspace.s3.ap-south-1.amazonaws.com/crdhs/private/2024/9/24/recording16384040099772408266.mp3,7cmxZ-OUHiggIP0q4qrGkw
https://crworkspace.s3.ap-south-1.amazonaws.com/crdhs/private/2024/9/23/recording7024351661984663377.mp3,3E3hMoaWpVurHSCyls80Og
https://crworkspace.s3.ap-south-1.amazonaws.com/crdhs/private/2024/11/6/recording.mp3,--HarojsWojLTjUTow1RHA
https://crworkspace.s3.ap-south-1.amazonaws.com/crdhs/private/2024/10/7/recording1533980596241022102.mp3,OFt28KbhqX3xbhw6tq7IUQ
https://crworkspace.s3.ap-south-1.amazonaws.com/crdhs/private/2024/9/26/recording15982865715689131416.mp3,ukB6JRL7x3fdfWGD1oZt9A
https://crworkspace.s3.ap-south-1.amazonaws.com/crdhs/private/2024/11/6/recording.mp3,--HarojsWojLTjUTow1RHA
https://crworkspace.s3.ap-south-1.amazonaws.com/crdhs/private/2024/9/25/recording17545056051974208895.mp3,6hGepBhMscovcdZ_NmVB3w
https://crworkspace.s3.ap-south-1.amazonaws.com/crdhs/private/2024/11/6/recording.mp3,--HarojsWojLTjUTow1RHA
https://crworkspace.s3.ap-south-1.amazonaws.com/crdhs/private/2024/11/6/recording.mp3,--HarojsWojLTjUTow1RHA
https://crworkspace.s3.ap-south-1.amazonaws.com/crdhs/private/2024/11/6/recording.mp3,--HarojsWojLTjUTow1RHA
https://crworkspace.s3.ap-south-1.amazonaws.com/crdhs/private/2024/9/24/recording6428151671164840446.mp3,yjtox-RPJ2YnG9jX_y6roQ
https://crworkspace.s3.ap-south-1.amazonaws.com/crdhs/private/2024/9/25/recording14039563880401281353.mp3,8G1Gj_unR_RzoO22RSHrew
https://crworkspace.s3.ap-south-1.amazonaws.com/crdhs/private/2024/10/6/recording8267235726250513870.mp3,KxGZ6rbdXFBuXOBXcEWysA
https://crworkspace.s3.ap-south-1.amazonaws.com/crdhs/private/2024/9/25/recording6671208985464391366.mp3,-GxFfAJKl8FOYqmulFMaqw
https://crworkspace.s3.ap-south-1.amazonaws.com/crdhs/private/2024/11/26/recording.mp3,-8AhiNg6tiGz8N7jiEqUFA
https://crworkspace.s3.ap-south-1.amazonaws.com/crdhs/private/2024/11/26/recording.mp3,-8AhiNg6tiGz8N7jiEqUFA
https://crworkspace.s3.ap-south-1.amazonaws.com/crdhs/private/2024/11/6/recording.mp3,--HarojsWojLTjUTow1RHA
https://crworkspace.s3.ap-south-1.amazonaws.com/crdhs/private/2024/11/6/recording.mp3,--HarojsWojLTjUTow1RHA
https://crworkspace.s3.ap-south-1.amazonaws.com/crdhs/private/2024/9/26/recording16204651569210442828.mp3,Js98O_cjXEvpeAh-vxZExg
https://crworkspace.s3.ap-south-1.amazonaws.com/crdhs/private/2024/11/26/recording.mp3,-8AhiNg6tiGz8N7jiEqUFA
https://crworkspace.s3.ap-south-1.amazonaws.com/crdhs/private/2024/9/25/recording3184278163704461719.mp3,0UuNCfg8QnGWXX3cacawwQ
https://crworkspace.s3.ap-south-1.amazonaws.com/crdhs/private/2024/10/7/recording17046926010922836324.mp3,pqfvdxwNwkLKCDq7TSzZuA
https://crworkspace.s3.ap-south-1.amazonaws.com/crdhs/private/2024/11/26/recording.mp3,-8AhiNg6tiGz8N7jiEqUFA
https://crworkspace.s3.ap-south-1.amazonaws.com/crdhs/private/2024/9/24/recording2008113249580197297.mp3,T3UWogs1HbRBWVMtgZ6_LQ
https://crworkspace.s3.ap-south-1.amazonaws.com/crdhs/private/2024/9/26/recording5753244072076368973.mp3,QJ4TjenXEFFF4ulLcI48sg
https://crworkspace.s3.ap-south-1.amazonaws.com/crdhs/private/2024/11/6/recording.mp3,--HarojsWojLTjUTow1RHA
https://crworkspace.s3.ap-south-1.amazonaws.com/crdhs/private/2024/11/6/recording.mp3,--HarojsWojLTjUTow1RHA
https://crworkspace.s3.ap-south-1.amazonaws.com/crdhs/private/2024/9/24/recording10526507747996935782.mp3,nk4NMCANB3RAPfwBTNzk6g
https://crworkspace.s3.ap-south-1.amazonaws.com/crdhs/private/2024/9/27/recording7117416724929401665.mp3,oYzMxpoHsXqgVl9e8T3D6w
https://crworkspace.s3.ap-south-1.amazonaws.com/crdhs/private/2024/9/23/recording9503141875961294482.mp3,n1xA7vc1X00FmeZWumgATg
https://crworkspace.s3.ap-south-1.amazonaws.com/crdhs/private/2024/9/20/recording10443932060889325920.mp3,7lFno5y9GHp1VCETuBuA8w
https://crworkspace.s3.ap-south-1.amazonaws.com/crdhs/private/2024/9/27/recording3423218293794542352.mp3,pMrodlFweDQuwt8oCChAXQ
https://crworkspace.s3.ap-south-1.amazonaws.com/crdhs/private/2024/9/20/recording899662046034770174.mp3,DzzwU0rJdpsC606mcTrWXA
https://crworkspace.s3.ap-south-1.amazonaws.com/crdhs/private/2024/10/6/recording750527886672029298.mp3,6bQHOx7ElYN3C5QlSLfwjg
https://crworkspace.s3.ap-south-1.amazonaws.com/crdhs/private/2024/9/24/recording403786725666891038.mp3,csFchozpXouOkbKRjfNlrA
https://crworkspace.s3.ap-south-1.amazonaws.com/crdhs/private/2024/11/6/recording.mp3,--HarojsWojLTjUTow1RHA
https://crworkspace.s3.ap-south-1.amazonaws.com/crdhs/private/2024/9/24/recording2824687550526681833.mp3,zjD-x3LYnOpfvofns2bqpA
https://crworkspace.s3.ap-south-1.amazonaws.com/crdhs/private/2024/9/20/recording4959783069541389131.mp3,0SZPoTOCFPyiR7FqhNarWg
https://crworkspace.s3.ap-south-1.amazonaws.com/crdhs/private/2024/9/20/recording7873887119963656070.mp3,KQyYaYUmQ5Uqcx2XYV6vqg
https://crworkspace.s3.ap-south-1.amazonaws.com/crdhs/private/2024/9/24/recording16762580558084783974.mp3,NcBbG_ntdx6mTeRN5_0UAQ
https://crworkspace.s3.ap-south-1.amazonaws.com/crdhs/private/2024/9/23/recording18115545839935466297.mp3,7k6hZzEvaw8dwqA2pr3dFg
https://crworkspace.s3.ap-south-1.amazonaws.com/crdhs/private/2024/9/23/recording15504416723436657681.mp3,Jp8EgmFIjmpreYYw7TMD1g
https://crworkspace.s3.ap-south-1.amazonaws.com/crdhs/private/2024/9/20/recording8114823199687558525.mp3,wXvgF0MJtpwDvdIyOMhVWg
https://crworkspace.s3.ap-south-1.amazonaws.com/crdhs/private/2024/11/21/recording.mp3,--CsMlwV1w_m0om101_Z1w
https://crworkspace.s3.ap-south-1.amazonaws.com/crdhs/private/2024/9/20/recording2298662673798313247.mp3,9q6kXPUPhjdUZsvfeIDSqg
https://crworkspace.s3.ap-south-1.amazonaws.com/crdhs/private/2024/9/27/recording17898515612411580189.mp3,7U4EMCXO0ipFCufXGujJiQ
https://crworkspace.s3.ap-south-1.amazonaws.com/crdhs/private/2024/9/25/recording13613272837059220711.mp3,N_0DbyWqBG-r5Oq88WZKlA
https://crworkspace.s3.ap-south-1.amazonaws.com/crdhs/private/2024/9/24/recording3003389992455919309.mp3,dRbAHadmbOfEafrD2AT5qg
https://crworkspace.s3.ap-south-1.amazonaws.com/crdhs/private/2024/11/6/recording.mp3,--HarojsWojLTjUTow1RHA
https://crworkspace.s3.ap-south-1.amazonaws.com/crdhs/private/2024/9/21/recording1716340347592023882.mp3,LQmwldUGEUUJqWoMI48bXw
https://crworkspace.s3.ap-south-1.amazonaws.com/crdhs/private/2024/9/21/recording12163477615352020880.mp3,egIIOtQiys3AOE-ogln_qw
https://crworkspace.s3.ap-south-1.amazonaws.com/crdhs/private/2024/9/21/recording7370633236933589865.mp3,NK6iRfy6iacm1T2aF3mzlg
https://crworkspace.s3.ap-south-1.amazonaws.com/crdhs/private/2024/9/27/recording9855629253190406119.mp3,eyA_nY4IXMuk04ekzuFUVQ
https://crworkspace.s3.ap-south-1.amazonaws.com/crdhs/private/2024/9/21/recording14472231904535957345.mp3,XAqp3UWX4Mby1h7kIHVlfQ
https://crworkspace.s3.ap-south-1.amazonaws.com/crdhs/private/2024/9/24/recording6319101405682474103.mp3,p313R8BpJ3YPrDuVJJFQ9Q
https://crworkspace.s3.ap-south-1.amazonaws.com/crdhs/private/2024/9/25/recording8807622947118311484.mp3,i6SGAG-DyqLHFhV9E7j9bw
https://crworkspace.s3.ap-south-1.amazonaws.com/crdhs/private/2024/10/7/recording15094412393418590864.mp3,XR5sM7TtLiGrnXyPchQ-vQ
https://crworkspace.s3.ap-south-1.amazonaws.com/crdhs/private/2024/9/20/recording4155699126449230731.mp3,kP4r65BaNuFewPaAEyKWrA
https://crworkspace.s3.ap-south-1.amazonaws.com/crdhs/private/2024/9/23/recording722097704552914111.mp3,uk1P1GD3ufvBqe4yxorj8g
https://crworkspace.s3.ap-south-1.amazonaws.com/crdhs/private/2024/9/23/recording17805339325648666983.mp3,un07t8Txjs8Itp_jG4euIw
https://crworkspace.s3.ap-south-1.amazonaws.com/crdhs/private/2024/9/23/recording6479603574248348869.mp3,-SsjPfdnHxdwZLnvVZEo-Q
https://crworkspace.s3.ap-south-1.amazonaws.com/crdhs/private/2024/9/23/recording13264658011798383989.mp3,jE-SWvX7C7WoJ6C56SWgiw
https://crworkspace.s3.ap-south-1.amazonaws.com/crdhs/private/2024/9/25/recording8757083617202460001.mp3,1Ty8j3Lxw3arZIv_5n_Cdw
https://crworkspace.s3.ap-south-1.amazonaws.com/crdhs/private/2024/9/24/recording12426989091908378938.mp3,WElEjgnPfjJEt1V54pw3gQ
https://crworkspace.s3.ap-south-1.amazonaws.com/crdhs/private/2024/9/24/recording9496690519821935744.mp3,IyTrJdAs0VDu22HR94HGDA
https://crworkspace.s3.ap-south-1.amazonaws.com/crdhs/private/2024/9/24/recording9223896660174789385.mp3,9CioXjGuXivYYjGKHqWj4w
https://crworkspace.s3.ap-south-1.amazonaws.com/crdhs/private/2024/11/6/recording.mp3,--HarojsWojLTjUTow1RHA
https://crworkspace.s3.ap-south-1.amazonaws.com/crdhs/private/2024/11/21/recording.mp3,--CsMlwV1w_m0om101_Z1w
https://crworkspace.s3.ap-south-1.amazonaws.com/crdhs/private/2024/11/6/recording.mp3,--HarojsWojLTjUTow1RHA
https://crworkspace.s3.ap-south-1.amazonaws.com/crdhs/private/2024/9/23/recording15341084473492524129.mp3,lrepYM5GbVh7UQccuTEQxw
https://crworkspace.s3.ap-south-1.amazonaws.com/crdhs/private/2024/9/24/recording10354504840569317467.mp3,Tf0kAXIKwB5Vb5hDs10u4A
https://crworkspace.s3.ap-south-1.amazonaws.com/crdhs/private/2024/11/21/recording.mp3,--CsMlwV1w_m0om101_Z1w
https://crworkspace.s3.ap-south-1.amazonaws.com/crdhs/private/2024/9/21/recording11393314236765536143.mp3,p7uv8-DQlFMkzHtxe4TNNg
https://crworkspace.s3.ap-south-1.amazonaws.com/crdhs/private/2024/9/27/recording6013394359412725004.mp3,93ixmZ1chSlicckf-6CKNQ
https://crworkspace.s3.ap-south-1.amazonaws.com/crdhs/private/2024/9/26/recording9260135755827732703.mp3,q7WIF6E10OC6bfKjBla0XA
https://crworkspace.s3.ap-south-1.amazonaws.com/crdhs/private/2024/9/25/recording15068371213758623728.mp3,jHm5CFP-mD6ObJgaB6_Ang
https://crworkspace.s3.ap-south-1.amazonaws.com/crdhs/private/2024/9/23/recording5564614959566966742.mp3,H3qrx_jcmxiNjlFjQtUwwQ
https://crworkspace.s3.ap-south-1.amazonaws.com/crdhs/private/2024/9/23/recording8020434434572585908.mp3,aO8uJLbge3mktsnlSR-Ygg
https://crworkspace.s3.ap-south-1.amazonaws.com/crdhs/private/2024/9/20/recording14297218429376483993.mp3,S89OjfiIfM_h9Tnhr7lcHg
https://crworkspace.s3.ap-south-1.amazonaws.com/crdhs/private/2024/9/24/recording7351885265718125638.mp3,Xq9m-mE1svZUt9sWI-OwyQ
https://crworkspace.s3.ap-south-1.amazonaws.com/crdhs/private/2024/9/23/recording17079555560504657251.mp3,68jFv7odO3QUSG8xeQhdoQ
https://crworkspace.s3.ap-south-1.amazonaws.com/crdhs/private/2024/9/23/recording9762697548816017444.mp3,Htbv3pHFae8Cr1GDqEXxcg
https://crworkspace.s3.ap-south-1.amazonaws.com/crdhs/private/2024/9/24/recording12298328928800061163.mp3,o0gHIWh4evToj-g1SJ5Eng
https://crworkspace.s3.ap-south-1.amazonaws.com/crdhs/private/2024/9/24/recording8791773034658038223.mp3,O0OK_kTBdrwZZPfxUsGXLA
https://crworkspace.s3.ap-south-1.amazonaws.com/crdhs/private/2024/9/23/recording14523937407916362967.mp3,aAq7AQTxKHHEZ3SfIIN_-g
https://crworkspace.s3.ap-south-1.amazonaws.com/crdhs/private/2024/9/23/recording10472421633592057966.mp3,cowERnWigU7BzaoJDdXzTg
https://crworkspace.s3.ap-south-1.amazonaws.com/crdhs/private/2024/9/20/recording2761913926584552076.mp3,gH319FRj9yw8j87u6iRkHg
https://crworkspace.s3.ap-south-1.amazonaws.com/crdhs/private/2024/9/23/recording2276324138401684814.mp3,lCSTMGxyyUM15wk-KI0s-Q
https://crworkspace.s3.ap-south-1.amazonaws.com/crdhs/private/2024/9/20/recording9102366674092370235.mp3,NIvY9ffmNmabr-3bSy7Cvg
https://crworkspace.s3.ap-south-1.amazonaws.com/crdhs/private/2024/9/24/recording7851661253142026429.mp3,vB24_p_JWRwR5t100BuiAA
https://crworkspace.s3.ap-south-1.amazonaws.com/crdhs/private/2024/9/20/recording14927221992062804293.mp3,V0pxRsB1KYbHOMgbnaOJAw
https://crworkspace.s3.ap-south-1.amazonaws.com/crdhs/private/2024/9/20/recording15040655603395757219.mp3,xtysnOfoLAyuz11OxURyuQ
https://crworkspace.s3.ap-south-1.amazonaws.com/crdhs/private/2024/9/23/recording14914976224284458431.mp3,vR5wzVm7-PLVHCnZvtzWAw
https://crworkspace.s3.ap-south-1.amazonaws.com/crdhs/private/2024/11/6/recording.mp3,--HarojsWojLTjUTow1RHA
https://crworkspace.s3.ap-south-1.amazonaws.com/crdhs/private/2024/9/21/recording2851260282579221113.mp3,kicJxOgGYUcH_lGZpF2zCQ
https://crworkspace.s3.ap-south-1.amazonaws.com/crdhs/private/2024/9/23/recording3056016141268969391.mp3,theLXzqqmQ7yDxet7v7VRg
https://crworkspace.s3.ap-south-1.amazonaws.com/crdhs/private/2024/9/25/recording7981906062416199068.mp3,AY_Z59PpeKkaVv8dO6oFJA
https://crworkspace.s3.ap-south-1.amazonaws.com/crdhs/private/2024/11/6/recording.mp3,--HarojsWojLTjUTow1RHA
https://crworkspace.s3.ap-south-1.amazonaws.com/crdhs/private/2024/9/25/recording3919202982902975254.mp3,1TufvHntODeQxiPjkQ6V4w
https://crworkspace.s3.ap-south-1.amazonaws.com/crdhs/private/2024/9/23/recording1648812205502621153.mp3,e4gO08z9pVXrynTOf4z9QA
https://crworkspace.s3.ap-south-1.amazonaws.com/crdhs/private/2024/9/23/recording10039834535465721556.mp3,cfoji5jg4-sHFdQ1Utm-Kg
https://crworkspace.s3.ap-south-1.amazonaws.com/crdhs/private/2024/9/23/recording15088818176620312653.mp3,NzNzpHRbssGcFgspPJwzzQ
https://crworkspace.s3.ap-south-1.amazonaws.com/crdhs/private/2024/9/26/recording8038652857752248641.mp3,osAoB2PpkKlnaJf-MmRFIQ
https://crworkspace.s3.ap-south-1.amazonaws.com/crdhs/private/2024/9/20/recording6371424630356751709.mp3,ou51bAytl2wkbiAcl1eAog
https://crworkspace.s3.ap-south-1.amazonaws.com/crdhs/private/2024/9/20/recording9585134730292323953.mp3,6U6DvDvuSdjrdS9GT53Org
https://crworkspace.s3.ap-south-1.amazonaws.com/crdhs/private/2024/9/24/recording13853909783127525631.mp3,Kh7_jmOGWFZiZsoQsBnzZA
https://crworkspace.s3.ap-south-1.amazonaws.com/crdhs/private/2024/9/23/recording12034358517090467435.mp3,Wng12u5bI-6abX4ixBDS3w
https://crworkspace.s3.ap-south-1.amazonaws.com/crdhs/private/2024/9/26/recording9546733068211717783.mp3,6GVWI8BbCskLtSKortC1Tg
https://crworkspace.s3.ap-south-1.amazonaws.com/crdhs/private/2024/9/20/recording14890690550182996111.mp3,LomRt2bnonaCrmMfwO2oXA
https://crworkspace.s3.ap-south-1.amazonaws.com/crdhs/private/2024/9/25/recording147733222085809456.mp3,GAFCEa8EK1UB698GlSG34g
https://crworkspace.s3.ap-south-1.amazonaws.com/crdhs/private/2024/9/21/recording4774877263753801060.mp3,BzlvS_ZRUL4tRZPmJPWIcw
https://crworkspace.s3.ap-south-1.amazonaws.com/crdhs/private/2024/11/21/recording.mp3,--CsMlwV1w_m0om101_Z1w
https://crworkspace.s3.ap-south-1.amazonaws.com/crdhs/private/2024/9/24/recording9347261076856792619.mp3,IXHVIhwpcPF0jH9sOLByDQ
https://crworkspace.s3.ap-south-1.amazonaws.com/crdhs/private/2024/9/27/recording8060859601620494443.mp3,YaBpUW6E04RXqCS8RuZxfA
https://crworkspace.s3.ap-south-1.amazonaws.com/crdhs/private/2024/9/20/recording5060789119855823991.mp3,UzScN3B-jOh5rxw8hZkprA
https://crworkspace.s3.ap-south-1.amazonaws.com/crdhs/private/2024/9/23/recording6922119735362657899.mp3,F2mfotZg-QXMTryP405wvg
https://crworkspace.s3.ap-south-1.amazonaws.com/crdhs/private/2024/11/21/recording.mp3,--CsMlwV1w_m0om101_Z1w
https://crworkspace.s3.ap-south-1.amazonaws.com/crdhs/private/2024/10/7/recording13852621455028399674.mp3,M63DSxrXw3y9FUvNkTx_Hg
https://crworkspace.s3.ap-south-1.amazonaws.com/crdhs/private/2024/10/7/recording15389010428766902763.mp3,g_tRZsJJ3CQSVXeUk5WWRg
https://crworkspace.s3.ap-south-1.amazonaws.com/crdhs/private/2024/11/21/recording.mp3,--CsMlwV1w_m0om101_Z1w
https://crworkspace.s3.ap-south-1.amazonaws.com/crdhs/private/2024/9/23/recording17963359145682497009.mp3,YlXkJSkiQLfxvy2uW_n38g
https://crworkspace.s3.ap-south-1.amazonaws.com/crdhs/private/2024/12/8/recording.mp3,-1XRc32W8XtdNezq7w2NZg
https://crworkspace.s3.ap-south-1.amazonaws.com/crdhs/private/2024/9/21/recording12253002751144246759.mp3,5RtcN6Kpg5QucwcIP7jkFg
https://crworkspace.s3.ap-south-1.amazonaws.com/crdhs/private/2024/9/20/recording16016421660754397169.mp3,OZo7ENz7gaLY_lLodYMr_Q
https://crworkspace.s3.ap-south-1.amazonaws.com/crdhs/private/2024/9/23/recording9378735789608425461.mp3,7FtKoBEYFsncdLFCFQgHWg
https://crworkspace.s3.ap-south-1.amazonaws.com/crdhs/private/2024/9/20/recording5784333773644878458.mp3,9RfpVuTmjFZd7OsTp6s0dA
https://crworkspace.s3.ap-south-1.amazonaws.com/crdhs/private/2024/9/21/recording11695142908767368376.mp3,oR_Yr42NZUX1W1c6x5ae6w
https://crworkspace.s3.ap-south-1.amazonaws.com/crdhs/private/2024/9/23/recording282653854960815806.mp3,GtwJKC6l2Ry6OU7BGEcDnw
https://crworkspace.s3.ap-south-1.amazonaws.com/crdhs/private/2024/9/25/recording2453621116584639502.mp3,BiNAqVCF3lGmVbEDS4-cvQ
https://crworkspace.s3.ap-south-1.amazonaws.com/crdhs/private/2024/11/26/recording.mp3,-8AhiNg6tiGz8N7jiEqUFA
https://crworkspace.s3.ap-south-1.amazonaws.com/crdhs/private/2024/11/26/recording.mp3,-8AhiNg6tiGz8N7jiEqUFA
https://crworkspace.s3.ap-south-1.amazonaws.com/crdhs/private/2024/9/23/recording813075650238268875.mp3,rbK5WEPU9Cx1mO4PiK40qg
https://crworkspace.s3.ap-south-1.amazonaws.com/crdhs/private/2024/9/20/recording13321446402334717668.mp3,N32P5d5Oi35ri0x9nrxz8A
https://crworkspace.s3.ap-south-1.amazonaws.com/crdhs/private/2024/9/23/recording1841693590618092505.mp3,w4JIqa4a6m36jRAp-W2Ztg
https://crworkspace.s3.ap-south-1.amazonaws.com/crdhs/private/2024/9/21/recording4522978944781147718.mp3,KN8Hzon92nWAA2Uy0jzDbg
https://crworkspace.s3.ap-south-1.amazonaws.com/crdhs/private/2024/9/23/recording6159830847947283715.mp3,fR0ab4MVlPwuxPX2MP9aWQ
https://crworkspace.s3.ap-south-1.amazonaws.com/crdhs/private/2024/9/27/recording11084594133218666418.mp3,dy6dJJD0Njs7_Dpp5lu44A
https://crworkspace.s3.ap-south-1.amazonaws.com/crdhs/private/2024/9/21/recording5571840327107184364.mp3,hYtaGy-njQDiEhFzsff4dQ
https://crworkspace.s3.ap-south-1.amazonaws.com/crdhs/private/2024/9/26/recording8073296722058947152.mp3,xfP4d_q3-eU6TvPTT9OwyA
https://crworkspace.s3.ap-south-1.amazonaws.com/crdhs/private/2024/9/23/recording11355818585392227761.mp3,W884CfbhJcyfvBSc84oc6Q
https://crworkspace.s3.ap-south-1.amazonaws.com/crdhs/private/2024/9/25/recording16102467855220052087.mp3,X1PInO5-YaxLiXCIljhTUw
https://crworkspace.s3.ap-south-1.amazonaws.com/crdhs/private/2024/9/23/recording18232990103951006.mp3,dfHOSQSsYpsJRStIYtJXug
https://crworkspace.s3.ap-south-1.amazonaws.com/crdhs/private/2024/9/23/recording8640589356567185666.mp3,GE7WqLo7sNi1rHy6qeYW8g
https://crworkspace.s3.ap-south-1.amazonaws.com/crdhs/private/2024/9/27/recording2783750225400677934.mp3,3NhWp655IfQzmcv9Yjzz1w
https://crworkspace.s3.ap-south-1.amazonaws.com/crdhs/private/2024/9/26/recording3700274417293777811.mp3,5ZltSLFR_wWLtrGWVmEIHQ
https://crworkspace.s3.ap-south-1.amazonaws.com/crdhs/private/2024/9/23/recording4312865451328450560.mp3,wgXK31GWSVLlD_SjLvbHcA
https://crworkspace.s3.ap-south-1.amazonaws.com/crdhs/private/2024/9/23/recording13637115142429591124.mp3,aKZe8YiA3nRB56GFiIkNCQ
https://crworkspace.s3.ap-south-1.amazonaws.com/crdhs/private/2024/9/20/recording1554387935931744902.mp3,QuOKK4Y_V4VkFpRw__kDAw
https://crworkspace.s3.ap-south-1.amazonaws.com/crdhs/private/2024/9/26/recording10997659360671240658.mp3,_Vg_26hG78GABFBXYkq4WQ
https://crworkspace.s3.ap-south-1.amazonaws.com/crdhs/private/2024/9/23/recording13915017043181407628.mp3,-_vxnWaF9jAqqdUxFVmmSQ
https://crworkspace.s3.ap-south-1.amazonaws.com/crdhs/private/2024/9/21/recording5898647303506247127.mp3,SvYgLM4WuVblC1gWGCsltw
https://crworkspace.s3.ap-south-1.amazonaws.com/crdhs/private/2024/9/23/recording3063067267177976228.mp3,MKKiYF-YN8xZGkmzdMLvZA
https://crworkspace.s3.ap-south-1.amazonaws.com/crdhs/private/2024/9/23/recording5784682625603931549.mp3,ov4FopANAFRM1OL9KZZveA
https://crworkspace.s3.ap-south-1.amazonaws.com/crdhs/private/2024/9/20/recording12786785663828483935.mp3,Vf7VqEQn0OXrjjzhQCdfWQ
https://crworkspace.s3.ap-south-1.amazonaws.com/crdhs/private/2024/9/26/recording17540674541983105300.mp3,Pf3Pyqskpj-coo5U0-IF5Q
https://crworkspace.s3.ap-south-1.amazonaws.com/crdhs/private/2024/9/20/recording17720370720662516530.mp3,RolCRKuqCgx76z5W2P5pLw
https://crworkspace.s3.ap-south-1.amazonaws.com/crdhs/private/2024/9/23/recording355449560507842678.mp3,LUibVj33uvgH48Kihmf4vQ
https://crworkspace.s3.ap-south-1.amazonaws.com/crdhs/private/2024/9/20/recording10283775110191809846.mp3,vGNDtyjQHForT_1LCeK4Ww
https://crworkspace.s3.ap-south-1.amazonaws.com/crdhs/private/2024/9/27/recording16504711556778821082.mp3,xoLPZvcNN8ZyRUGv759eZQ
https://crworkspace.s3.ap-south-1.amazonaws.com/crdhs/private/2024/9/24/recording8613121615657114707.mp3,CzTE-e9UZ1WhYRCePMLynw
https://crworkspace.s3.ap-south-1.amazonaws.com/crdhs/private/2024/9/20/recording9945056624231641612.mp3,cORRKtErym9sPVHNP9YbwQ
https://crworkspace.s3.ap-south-1.amazonaws.com/crdhs/private/2024/11/21/recording.mp3,--CsMlwV1w_m0om101_Z1w
https://crworkspace.s3.ap-south-1.amazonaws.com/crdhs/private/2024/11/21/recording.mp3,--CsMlwV1w_m0om101_Z1w
https://crworkspace.s3.ap-south-1.amazonaws.com/crdhs/private/2024/11/21/recording.mp3,--CsMlwV1w_m0om101_Z1w
https://crworkspace.s3.ap-south-1.amazonaws.com/crdhs/private/2024/9/23/recording9207740384925574170.mp3,TVQ_irbP9rW1qfjud80cKA
https://crworkspace.s3.ap-south-1.amazonaws.com/crdhs/private/2024/9/23/recording7097468409666252564.mp3,tO9ZMatm0Vp3MsZ9gQ4rFw
https://crworkspace.s3.ap-south-1.amazonaws.com/crdhs/private/2024/11/6/recording.mp3,--HarojsWojLTjUTow1RHA
https://crworkspace.s3.ap-south-1.amazonaws.com/crdhs/private/2024/9/27/recording7869126946938091830.mp3,TVXuAV7jM2ShaW93sF7U0g
https://crworkspace.s3.ap-south-1.amazonaws.com/crdhs/private/2024/9/25/recording17002936982233712625.mp3,4bFpx9JXcx4IdRSKgn5Wyw
https://crworkspace.s3.ap-south-1.amazonaws.com/crdhs/private/2024/11/26/recording.mp3,-8AhiNg6tiGz8N7jiEqUFA
https://crworkspace.s3.ap-south-1.amazonaws.com/crdhs/private/2024/11/21/recording.mp3,--CsMlwV1w_m0om101_Z1w
https://crworkspace.s3.ap-south-1.amazonaws.com/crdhs/private/2024/9/24/recording256135742565389928.mp3,GRkx1aGJTGa6N-LL7TF4ig
https://crworkspace.s3.ap-south-1.amazonaws.com/crdhs/private/2024/11/6/recording.mp3,--HarojsWojLTjUTow1RHA
https://crworkspace.s3.ap-south-1.amazonaws.com/crdhs/private/2024/11/26/recording.mp3,-8AhiNg6tiGz8N7jiEqUFA
https://crworkspace.s3.ap-south-1.amazonaws.com/crdhs/private/2024/11/26/recording.mp3,-8AhiNg6tiGz8N7jiEqUFA
https://crworkspace.s3.ap-south-1.amazonaws.com/crdhs/private/2024/11/26/recording.mp3,-8AhiNg6tiGz8N7jiEqUFA
https://crworkspace.s3.ap-south-1.amazonaws.com/crdhs/private/2024/9/25/recording13836679449655781510.mp3,cUrEHCiJ6hFz_Fs9x3ZH4g
https://crworkspace.s3.ap-south-1.amazonaws.com/crdhs/private/2024/10/7/recording10955169159011104833.mp3,rVAz4BCawswgXb6HSVYtug
https://crworkspace.s3.ap-south-1.amazonaws.com/crdhs/private/2024/9/23/recording9702144578878229078.mp3,00GhEseI3qEDllTX0LLsew
https://crworkspace.s3.ap-south-1.amazonaws.com/crdhs/private/2024/11/6/recording.mp3,--HarojsWojLTjUTow1RHA
https://crworkspace.s3.ap-south-1.amazonaws.com/crdhs/private/2024/11/26/recording.mp3,-8AhiNg6tiGz8N7jiEqUFA
https://crworkspace.s3.ap-south-1.amazonaws.com/crdhs/private/2024/10/7/recording1474966195868073096.mp3,eeXsmNfPb9iWY9cD_W9WBQ
https://crworkspace.s3.ap-south-1.amazonaws.com/crdhs/private/2024/11/21/recording.mp3,--CsMlwV1w_m0om101_Z1w
https://crworkspace.s3.ap-south-1.amazonaws.com/crdhs/private/2024/11/6/recording.mp3,--HarojsWojLTjUTow1RHA
https://crworkspace.s3.ap-south-1.amazonaws.com/crdhs/private/2024/10/6/recording17189369850355742552.mp3,LlTL6BXhb3BVZgpJgdPreQ
https://crworkspace.s3.ap-south-1.amazonaws.com/crdhs/private/2024/9/23/recording18416208065594915789.mp3,_kjxM73-gIYdLi82jD5eaA
https://crworkspace.s3.ap-south-1.amazonaws.com/crdhs/private/2024/9/23/recording16984317331059922421.mp3,tTMGsxEq6KOtcuO8VR66Hg
https://crworkspace.s3.ap-south-1.amazonaws.com/crdhs/private/2024/9/21/recording1968010187951032696.mp3,cf7TakPyFPRZAoAC31bE-w
https://crworkspace.s3.ap-south-1.amazonaws.com/crdhs/private/2024/9/24/recording12642638875205515540.mp3,zl0aeGR5IiJzmEyUMMGQRg
https://crworkspace.s3.ap-south-1.amazonaws.com/crdhs/private/2024/9/20/recording11746665384840121780.mp3,pDaXbTT8p2nthosy-UulfQ
https://crworkspace.s3.ap-south-1.amazonaws.com/crdhs/private/2024/12/8/recording.mp3,-1XRc32W8XtdNezq7w2NZg
https://crworkspace.s3.ap-south-1.amazonaws.com/crdhs/private/2024/9/23/recording4446768385992318927.mp3,S0KPVTvsEwd4s9ufvmagAA
https://crworkspace.s3.ap-south-1.amazonaws.com/crdhs/private/2024/11/6/recording.mp3,--HarojsWojLTjUTow1RHA
https://crworkspace.s3.ap-south-1.amazonaws.com/crdhs/private/2024/10/7/recording15681095429429035893.mp3,uMwqcc2P_uZx8QwzS7geQA
https://crworkspace.s3.ap-south-1.amazonaws.com/crdhs/private/2024/9/24/recording4439756198384683445.mp3,aCtBfe_TPhRHZ16KkS7ksQ
https://crworkspace.s3.ap-south-1.amazonaws.com/crdhs/private/2024/11/6/recording.mp3,--HarojsWojLTjUTow1RHA
https://crworkspace.s3.ap-south-1.amazonaws.com/crdhs/private/2024/11/26/recording.mp3,-8AhiNg6tiGz8N7jiEqUFA
https://crworkspace.s3.ap-south-1.amazonaws.com/crdhs/private/2024/11/21/recording.mp3,--CsMlwV1w_m0om101_Z1w
https://crworkspace.s3.ap-south-1.amazonaws.com/crdhs/private/2024/9/24/recording3563898248551116972.mp3,2fMGGTRnQczkWdkKainuEQ
https://crworkspace.s3.ap-south-1.amazonaws.com/crdhs/private/2024/9/24/recording5610379106580322752.mp3,PAJkKGAlaoBB1jtHJ3LRMA
https://crworkspace.s3.ap-south-1.amazonaws.com/crdhs/private/2024/9/21/recording13425616646056485314.mp3,wWNitN1FcRpUnq4fl9vXXQ
https://crworkspace.s3.ap-south-1.amazonaws.com/crdhs/private/2024/11/26/recording.mp3,-8AhiNg6tiGz8N7jiEqUFA
https://crworkspace.s3.ap-south-1.amazonaws.com/crdhs/private/2024/11/26/recording.mp3,-8AhiNg6tiGz8N7jiEqUFA
https://crworkspace.s3.ap-south-1.amazonaws.com/crdhs/private/2024/10/7/recording11592506260603687129.mp3,0V3oD4d0tlJUkDaSUFlowA
https://crworkspace.s3.ap-south-1.amazonaws.com/crdhs/private/2024/11/26/recording.mp3,-8AhiNg6tiGz8N7jiEqUFA
https://crworkspace.s3.ap-south-1.amazonaws.com/crdhs/private/2024/11/26/recording.mp3,-8AhiNg6tiGz8N7jiEqUFA
https://crworkspace.s3.ap-south-1.amazonaws.com/crdhs/private/2024/11/26/recording.mp3,-8AhiNg6tiGz8N7jiEqUFA
https://crworkspace.s3.ap-south-1.amazonaws.com/crdhs/private/2024/10/7/recording17956859133332488975.mp3,VBK7XPi1MNlQUt58niocgQ
https://crworkspace.s3.ap-south-1.amazonaws.com/crdhs/private/2024/11/6/recording.mp3,--HarojsWojLTjUTow1RHA
https://crworkspace.s3.ap-south-1.amazonaws.com/crdhs/private/2024/9/24/recording666868461164467755.mp3,Os0J72C2zFeY2CmLAq1NnQ
https://crworkspace.s3.ap-south-1.amazonaws.com/crdhs/private/2024/11/26/recording.mp3,-8AhiNg6tiGz8N7jiEqUFA
https://crworkspace.s3.ap-south-1.amazonaws.com/crdhs/private/2024/11/26/recording.mp3,-8AhiNg6tiGz8N7jiEqUFA
https://crworkspace.s3.ap-south-1.amazonaws.com/crdhs/private/2024/10/7/recording10925761870951309879.mp3,a-3kCvopxefRjRdaxTN-XQ
https://crworkspace.s3.ap-south-1.amazonaws.com/crdhs/private/2024/9/24/recording16145896186825735200.mp3,r5aCQDMlaqTjgxILTbxgSw
https://crworkspace.s3.ap-south-1.amazonaws.com/crdhs/private/2024/9/26/recording8263266053595305371.mp3,LwOdHuJfVFRMpRVUNnqGtg
https://crworkspace.s3.ap-south-1.amazonaws.com/crdhs/private/2024/9/27/recording2659120412062434174.mp3,HCUEhjrBFmA2GHxCkDky7g
https://crworkspace.s3.ap-south-1.amazonaws.com/crdhs/private/2024/10/5/recording17935358693822000844.mp3,NN3e8ALne0ztkg9LraPBiA
https://crworkspace.s3.ap-south-1.amazonaws.com/crdhs/private/2024/11/21/recording.mp3,--CsMlwV1w_m0om101_Z1w
https://crworkspace.s3.ap-south-1.amazonaws.com/crdhs/private/2024/9/23/recording5605761797019095208.mp3,9SrFdz2QoKkwENmHYgG9tQ
https://crworkspace.s3.ap-south-1.amazonaws.com/crdhs/private/2024/9/23/recording2441193629276723475.mp3,LRxzXIRKo5yhf_wldhasIw
https://crworkspace.s3.ap-south-1.amazonaws.com/crdhs/private/2024/11/26/recording.mp3,-8AhiNg6tiGz8N7jiEqUFA
https://crworkspace.s3.ap-south-1.amazonaws.com/crdhs/private/2024/11/26/recording.mp3,-8AhiNg6tiGz8N7jiEqUFA
https://crworkspace.s3.ap-south-1.amazonaws.com/crdhs/private/2024/10/7/recording12834425836923667924.mp3,f3VCReFUysUvAt4wegNXEg
https://crworkspace.s3.ap-south-1.amazonaws.com/crdhs/private/2024/9/23/recording4698961813446035039.mp3,m6eK6iVg19tBRJSQpzixFw
https://crworkspace.s3.ap-south-1.amazonaws.com/crdhs/private/2024/11/21/recording.mp3,--CsMlwV1w_m0om101_Z1w
https://crworkspace.s3.ap-south-1.amazonaws.com/crdhs/private/2024/11/26/recording.mp3,-8AhiNg6tiGz8N7jiEqUFA
https://crworkspace.s3.ap-south-1.amazonaws.com/crdhs/private/2024/11/26/recording.mp3,-8AhiNg6tiGz8N7jiEqUFA
https://crworkspace.s3.ap-south-1.amazonaws.com/crdhs/private/2024/9/23/recording15930310820664142533.mp3,WD7uCEE48gwLJPlv6zcg7Q
https://crworkspace.s3.ap-south-1.amazonaws.com/crdhs/private/2024/9/24/recording9182221235504827735.mp3,FzWuzoFSCOLLqkb0Tv_Wyg
https://crworkspace.s3.ap-south-1.amazonaws.com/crdhs/private/2024/11/21/recording.mp3,--CsMlwV1w_m0om101_Z1w
https://crworkspace.s3.ap-south-1.amazonaws.com/crdhs/private/2024/10/7/recording4032288272668210736.mp3,65SdjdsbmC7MV_4JLoHmdw
https://crworkspace.s3.ap-south-1.amazonaws.com/crdhs/private/2024/11/21/recording.mp3,--CsMlwV1w_m0om101_Z1w
https://crworkspace.s3.ap-south-1.amazonaws.com/crdhs/private/2024/9/27/recording13511445297409080916.mp3,v_8li4sz2oaMKZPGWfr76A
https://crworkspace.s3.ap-south-1.amazonaws.com/crdhs/private/2024/11/26/recording.mp3,-8AhiNg6tiGz8N7jiEqUFA
https://crworkspace.s3.ap-south-1.amazonaws.com/crdhs/private/2024/11/6/recording.mp3,--HarojsWojLTjUTow1RHA
https://crworkspace.s3.ap-south-1.amazonaws.com/crdhs/private/2024/11/6/recording.mp3,--HarojsWojLTjUTow1RHA
https://crworkspace.s3.ap-south-1.amazonaws.com/crdhs/private/2024/9/24/recording17793942052511309888.mp3,NXvDKqHIU1x5hPGcjG8RYg
https://crworkspace.s3.ap-south-1.amazonaws.com/crdhs/private/2024/9/25/recording9346561350252429155.mp3,TV5iQ1cuMQ24-tYDOWaPcA
https://crworkspace.s3.ap-south-1.amazonaws.com/crdhs/private/2024/10/6/recording1936089135869230165.mp3,p-2Nu9R9VCX-wvkgf2Ba3Q
https://crworkspace.s3.ap-south-1.amazonaws.com/crdhs/private/2024/9/24/recording18254001208225019910.mp3,VnzrW1tE8YpbmFGWuVVf2A
https://crworkspace.s3.ap-south-1.amazonaws.com/crdhs/private/2024/9/27/recording719372768450369653.mp3,mg8uNH0Rj92R2ETjCvuk2g
https://crworkspace.s3.ap-south-1.amazonaws.com/crdhs/private/2024/9/24/recording16754331056575695347.mp3,S0HcTaLy75APFUD-elIyuQ
https://crworkspace.s3.ap-south-1.amazonaws.com/crdhs/private/2024/9/27/recording4549643010265308473.mp3,EqU1bfZYCy4X9AjpaE7YXA
https://crworkspace.s3.ap-south-1.amazonaws.com/crdhs/private/2024/11/6/recording.mp3,--HarojsWojLTjUTow1RHA
https://crworkspace.s3.ap-south-1.amazonaws.com/crdhs/private/2024/10/7/recording16264391111754988034.mp3,8-Aa_pAzKvjUOkEpVX_u2g
https://crworkspace.s3.ap-south-1.amazonaws.com/crdhs/private/2024/9/25/recording12899227168765788997.mp3,HT2tjcjzi_N81lrK-ApX0w
https://crworkspace.s3.ap-south-1.amazonaws.com/crdhs/private/2024/9/24/recording15234466123864750294.mp3,xiEiEpaum3x8QrJa0emYpQ
https://crworkspace.s3.ap-south-1.amazonaws.com/crdhs/private/2024/9/27/recording4162567340104693778.mp3,bs6w7_SGwJdANkv8HMQ-9w
https://crworkspace.s3.ap-south-1.amazonaws.com/crdhs/private/2024/10/7/recording8861465032690269935.mp3,aD2Ka5VjGvJAG7UAOPv_Gg
https://crworkspace.s3.ap-south-1.amazonaws.com/crdhs/private/2024/10/6/recording13736728068325471606.mp3,BHd_wbDyEJPH_Eh0Yj44tA
https://crworkspace.s3.ap-south-1.amazonaws.com/crdhs/private/2024/11/6/recording.mp3,--HarojsWojLTjUTow1RHA
https://crworkspace.s3.ap-south-1.amazonaws.com/crdhs/private/2024/9/25/recording11988371548466899249.mp3,wp7a_5iNYQ-Jbl5QR3-low
https://crworkspace.s3.ap-south-1.amazonaws.com/crdhs/private/2024/10/7/recording13756298633335777970.mp3,WsAMKq-iB4TRm7PB9BXWWg
https://crworkspace.s3.ap-south-1.amazonaws.com/crdhs/private/2024/11/6/recording.mp3,--HarojsWojLTjUTow1RHA
https://crworkspace.s3.ap-south-1.amazonaws.com/crdhs/private/2024/10/7/recording786861964864394726.mp3,RVHJq6eH9pGWG35i1VzeAQ
https://crworkspace.s3.ap-south-1.amazonaws.com/crdhs/private/2024/11/6/recording.mp3,--HarojsWojLTjUTow1RHA
https://crworkspace.s3.ap-south-1.amazonaws.com/crdhs/private/2024/9/27/recording18359614692075896903.mp3,TJImtBwSkxxbwODCx-ZKCA
https://crworkspace.s3.ap-south-1.amazonaws.com/crdhs/private/2024/9/27/recording13902080063259843734.mp3,fnoqXaUl7DHOuSDwMXrTHA
https://crworkspace.s3.ap-south-1.amazonaws.com/crdhs/private/2024/9/25/recording6767757919477079665.mp3,6qFC3LHmuUMHUwGnbq3SUw
https://crworkspace.s3.ap-south-1.amazonaws.com/crdhs/private/2024/9/27/recording7010384363359424341.mp3,R_S4ep1pXCNtOSFAePWcgA
https://crworkspace.s3.ap-south-1.amazonaws.com/crdhs/private/2024/9/23/recording7569108641179262675.mp3,Z9Eg8zAljCbSGM5tCGUnxg
https://crworkspace.s3.ap-south-1.amazonaws.com/crdhs/private/2024/10/7/recording336638873002083520.mp3,LPS3sI8h2AICb3bjQqttuA
https://crworkspace.s3.ap-south-1.amazonaws.com/crdhs/private/2024/10/6/recording16467451147819420974.mp3,nj08qrCmI8Lr4XUmjqGc9g
https://crworkspace.s3.ap-south-1.amazonaws.com/crdhs/private/2024/10/7/recording4648546222652014086.mp3,-usK8bSmgyc5d2tSf4veeQ
https://crworkspace.s3.ap-south-1.amazonaws.com/crdhs/private/2024/11/6/recording.mp3,--HarojsWojLTjUTow1RHA
https://crworkspace.s3.ap-south-1.amazonaws.com/crdhs/private/2024/10/6/recording11868046627679961051.mp3,n87BHlyFtYBFrxkJuOm7Xg
https://crworkspace.s3.ap-south-1.amazonaws.com/crdhs/private/2024/11/6/recording.mp3,--HarojsWojLTjUTow1RHA
https://crworkspace.s3.ap-south-1.amazonaws.com/crdhs/private/2024/9/20/recording1292671008076222208.mp3,59z3cgrWrbc-KrKE9UyQSg
https://crworkspace.s3.ap-south-1.amazonaws.com/crdhs/private/2024/10/6/recording18369143650887611429.mp3,Wk2OY2pibK9s5Av30_hjXg
https://crworkspace.s3.ap-south-1.amazonaws.com/crdhs/private/2024/11/26/recording.mp3,-8AhiNg6tiGz8N7jiEqUFA
https://crworkspace.s3.ap-south-1.amazonaws.com/crdhs/private/2024/11/21/recording.mp3,--CsMlwV1w_m0om101_Z1w
https://crworkspace.s3.ap-south-1.amazonaws.com/crdhs/private/2024/9/24/recording951761644686383040.mp3,jnpk1h4y-Xf7letIQt8RGA
https://crworkspace.s3.ap-south-1.amazonaws.com/crdhs/private/2024/11/21/recording.mp3,--CsMlwV1w_m0om101_Z1w
https://crworkspace.s3.ap-south-1.amazonaws.com/crdhs/private/2024/10/6/recording16267684679013904750.mp3,uSKQeGWwSnkv_c5WlY-bhQ
https://crworkspace.s3.ap-south-1.amazonaws.com/crdhs/private/2024/11/26/recording.mp3,-8AhiNg6tiGz8N7jiEqUFA
https://crworkspace.s3.ap-south-1.amazonaws.com/crdhs/private/2024/9/23/recording5462980023479939479.mp3,yrEdOko6y_nkb_Hmzrq4Cw
https://crworkspace.s3.ap-south-1.amazonaws.com/crdhs/private/2024/11/6/recording.mp3,--HarojsWojLTjUTow1RHA
https://crworkspace.s3.ap-south-1.amazonaws.com/crdhs/private/2024/9/24/recording1200790265706533893.mp3,9KTUiiJWcgmMQ59YqpvbmA
https://crworkspace.s3.ap-south-1.amazonaws.com/crdhs/private/2024/9/24/recording4164806426163539618.mp3,oWzNQrTFWLZAFaSOmG1OZQ
https://crworkspace.s3.ap-south-1.amazonaws.com/crdhs/private/2024/11/6/recording.mp3,--HarojsWojLTjUTow1RHA
https://crworkspace.s3.ap-south-1.amazonaws.com/crdhs/private/2024/11/26/recording.mp3,-8AhiNg6tiGz8N7jiEqUFA
https://crworkspace.s3.ap-south-1.amazonaws.com/crdhs/private/2024/10/6/recording10615112169281994984.mp3,iFTR3xuWoTYpKkNSVQcCXg
https://crworkspace.s3.ap-south-1.amazonaws.com/crdhs/private/2024/11/26/recording.mp3,-8AhiNg6tiGz8N7jiEqUFA
https://crworkspace.s3.ap-south-1.amazonaws.com/crdhs/private/2024/9/23/recording17215549979008692333.mp3,9QkaUD3ypMrkKvTVwIsVbg
https://crworkspace.s3.ap-south-1.amazonaws.com/crdhs/private/2024/11/6/recording.mp3,--HarojsWojLTjUTow1RHA
https://crworkspace.s3.ap-south-1.amazonaws.com/crdhs/private/2024/10/6/recording10127446038338004255.mp3,uytVmoufB7iYc7fGWa2G_Q
https://crworkspace.s3.ap-south-1.amazonaws.com/crdhs/private/2024/11/26/recording.mp3,-8AhiNg6tiGz8N7jiEqUFA
https://crworkspace.s3.ap-south-1.amazonaws.com/crdhs/private/2024/11/26/recording.mp3,-8AhiNg6tiGz8N7jiEqUFA
https://crworkspace.s3.ap-south-1.amazonaws.com/crdhs/private/2024/9/25/recording767595715702096641.mp3,stshT23sYL3fV9zHNj8FdA
https://crworkspace.s3.ap-south-1.amazonaws.com/crdhs/private/2024/11/26/recording.mp3,-8AhiNg6tiGz8N7jiEqUFA
https://crworkspace.s3.ap-south-1.amazonaws.com/crdhs/private/2024/9/20/recording8862310030511712996.mp3,bNo3u0rNcQF1ypz5FRUoYg
https://crworkspace.s3.ap-south-1.amazonaws.com/crdhs/private/2024/11/6/recording.mp3,--HarojsWojLTjUTow1RHA
https://crworkspace.s3.ap-south-1.amazonaws.com/crdhs/private/2024/10/7/recording13992580058153229297.mp3,DiKNFEebfBXAyNmggYtGFA
https://crworkspace.s3.ap-south-1.amazonaws.com/crdhs/private/2024/9/23/recording12587970391939388331.mp3,T3ai1zlvXNZksHIU0-3zKA
https://crworkspace.s3.ap-south-1.amazonaws.com/crdhs/private/2024/10/7/recording1027940931751642858.mp3,j3yR0wjdBxl1nKMvwdvxnQ
https://crworkspace.s3.ap-south-1.amazonaws.com/crdhs/private/2024/9/26/recording672061778871341906.mp3,Q_aw8aDaxd_csZYA4APjuA
https://crworkspace.s3.ap-south-1.amazonaws.com/crdhs/private/2024/9/23/recording2396043274081469820.mp3,Pi-VfUiXFUHJI74JR0C9YA
https://crworkspace.s3.ap-south-1.amazonaws.com/crdhs/private/2024/9/23/recording7016805189506214334.mp3,POrDBTBZe8ayGIHaFRJtCg
https://crworkspace.s3.ap-south-1.amazonaws.com/crdhs/private/2024/9/20/recording987316407841900222.mp3,qCa9V-XDT4kCA8kUxVGgUA
https://crworkspace.s3.ap-south-1.amazonaws.com/crdhs/private/2024/9/21/recording3119349210677838357.mp3,-ES6aaaT63XhOLKT5eVIUA
https://crworkspace.s3.ap-south-1.amazonaws.com/crdhs/private/2024/9/20/recording12238166214821626135.mp3,f-k3D8xZUX0UUAFi-ShbAQ
https://crworkspace.s3.ap-south-1.amazonaws.com/crdhs/private/2024/9/21/recording11169949962246144903.mp3,f5DWG4SbWNg_0qk-gJlA0Q
https://crworkspace.s3.ap-south-1.amazonaws.com/crdhs/private/2024/9/26/recording88214690948258474.mp3,Z1CRtDJjTdI3Ds7DQvsBaQ
https://crworkspace.s3.ap-south-1.amazonaws.com/crdhs/private/2024/9/20/recording2515653018714176040.mp3,QDfDbSOpiv_8GWpKxf8pUg
https://crworkspace.s3.ap-south-1.amazonaws.com/crdhs/private/2024/9/20/recording3504137927322986865.mp3,TJZPmwHFtiikYEaq6B5hoA
https://crworkspace.s3.ap-south-1.amazonaws.com/crdhs/private/2024/9/23/recording6137143188211705435.mp3,3VEGg7Kwdp2wiBEj-1oyfw
https://crworkspace.s3.ap-south-1.amazonaws.com/crdhs/private/2024/9/20/recording14550934237051150176.mp3,2fbePLedW_fLwUhhyc_Ijw
https://crworkspace.s3.ap-south-1.amazonaws.com/crdhs/private/2024/9/21/recording4667221692646377210.mp3,4hPAAlsphUC2NZh0XHuNHA
https://crworkspace.s3.ap-south-1.amazonaws.com/crdhs/private/2024/9/26/recording1446067716947171985.mp3,Lms0VVJHwC6HBYFeVlNj9g
https://crworkspace.s3.ap-south-1.amazonaws.com/crdhs/private/2024/9/23/recording8375143268882439576.mp3,jvOESNor11U2sMnPFfnq4A
https://crworkspace.s3.ap-south-1.amazonaws.com/crdhs/private/2024/9/26/recording10108808714166739423.mp3,s00G_gEEwG903MFW6NZdoA
https://crworkspace.s3.ap-south-1.amazonaws.com/crdhs/private/2024/9/25/recording16967062858520113023.mp3,7Aq773eM4kTifblsZb5txA
https://crworkspace.s3.ap-south-1.amazonaws.com/crdhs/private/2024/10/3/recording17651504083363280375.mp3,2c5Lu9A1Ftd-yCk02Bn1Cg
https://crworkspace.s3.ap-south-1.amazonaws.com/crdhs/private/2024/9/21/recording14793755715941047967.mp3,bXTrDkIvj2ctfEcPschqpw
https://crworkspace.s3.ap-south-1.amazonaws.com/crdhs/private/2024/9/25/recording2558597313411543066.mp3,dSFXHC2DqkitXTsTFasseg
https://crworkspace.s3.ap-south-1.amazonaws.com/crdhs/private/2024/9/23/recording16172434888254553806.mp3,endyv8UqxRhxlswoxnHEzw
https://crworkspace.s3.ap-south-1.amazonaws.com/crdhs/private/2024/9/21/recording11233138328015433629.mp3,29gQ0E7gzyA14r3xv7dD6A
https://crworkspace.s3.ap-south-1.amazonaws.com/crdhs/private/2024/9/23/recording9230613494075234566.mp3,__Kkk7t6FQAz0ggJJwiYlA
https://crworkspace.s3.ap-south-1.amazonaws.com/crdhs/private/2024/9/20/recording16284459962048225770.mp3,G-Ccx1NDDVdl3tBKuOT_TQ
https://crworkspace.s3.ap-south-1.amazonaws.com/crdhs/private/2024/9/23/recording3950829679924996060.mp3,q4RYn5MZ8SKOFJGPpH8oxw
https://crworkspace.s3.ap-south-1.amazonaws.com/crdhs/private/2024/9/23/recording1232925462389449359.mp3,JoCJiriRgTX3R5V71WhWLA
https://crworkspace.s3.ap-south-1.amazonaws.com/crdhs/private/2024/9/23/recording13501099994251164372.mp3,PdTzQYNI4ewHrs5HCZJTPw
https://crworkspace.s3.ap-south-1.amazonaws.com/crdhs/private/2024/9/23/recording4020587752358179814.mp3,fLa5EhcJjR4mhgGdy2v3qQ
https://crworkspace.s3.ap-south-1.amazonaws.com/crdhs/private/2024/9/21/recording1687992637435575433.mp3,PZcnniFAuDlPDAXiy56daQ
https://crworkspace.s3.ap-south-1.amazonaws.com/crdhs/private/2024/9/26/recording12219338992535992215.mp3,bQSGDj2rl9B7vqp4rxfgpw
https://crworkspace.s3.ap-south-1.amazonaws.com/crdhs/private/2024/9/21/recording5298074640709445043.mp3,b7VX1XMtFBtfWOH8YQthQw
https://crworkspace.s3.ap-south-1.amazonaws.com/crdhs/private/2024/9/21/recording11466023034280950037.mp3,2KfLecnnmUHpECbpt5xMuQ
https://crworkspace.s3.ap-south-1.amazonaws.com/crdhs/private/2024/9/21/recording7776572195724047886.mp3,JoJOYCN3YYourzfU9VxqLw
https://crworkspace.s3.ap-south-1.amazonaws.com/crdhs/private/2024/9/20/recording2973111507439657276.mp3,rrEygsaDTVGZLZmXpy_qfw
https://crworkspace.s3.ap-south-1.amazonaws.com/crdhs/private/2024/9/23/recording11927513797319232649.mp3,HGUUu3mqybTbgUWXo8xUKQ
https://crworkspace.s3.ap-south-1.amazonaws.com/crdhs/private/2024/9/20/recording11429712334196779441.mp3,a2XwCgDaO-2yH6QZaLRc6Q
https://crworkspace.s3.ap-south-1.amazonaws.com/crdhs/private/2024/9/20/recording15858649015328844539.mp3,wjLQO0vbkeF_bscdpHmZsw
https://crworkspace.s3.ap-south-1.amazonaws.com/crdhs/private/2024/9/23/recording9512352052971773429.mp3,1fxABlV43anBSGqs9Y9eYQ
https://crworkspace.s3.ap-south-1.amazonaws.com/crdhs/private/2024/9/23/recording554806801327705563.mp3,9PlYv8zMdJcELxRx1Ni3_w
https://crworkspace.s3.ap-south-1.amazonaws.com/crdhs/private/2024/9/23/recording12278813036013105711.mp3,waAPQWkMyC76ebl-xQ80gA
https://crworkspace.s3.ap-south-1.amazonaws.com/crdhs/private/2024/9/20/recording11551752748373149429.mp3,KToW9XJ2ws4I1XgM6CFG1A
https://crworkspace.s3.ap-south-1.amazonaws.com/crdhs/private/2024/9/20/recording6738982887117859880.mp3,dOeJbzmBMVtlRM7VXEf0gA
https://crworkspace.s3.ap-south-1.amazonaws.com/crdhs/private/2024/9/21/recording14887365808076299290.mp3,RcOGnE-zL1XpdotWMw2pKg
https://crworkspace.s3.ap-south-1.amazonaws.com/crdhs/private/2024/9/21/recording12076856410316954843.mp3,5HiqZ5PecE9GnNBom0OPlg
https://crworkspace.s3.ap-south-1.amazonaws.com/crdhs/private/2024/9/21/recording8308187234513561593.mp3,b9lSFGpI30ZZlupCgWnt-w
https://crworkspace.s3.ap-south-1.amazonaws.com/crdhs/private/2024/9/23/recording17481930583867814933.mp3,DtahHjiL-4Dk6mS4zK7seQ
https://crworkspace.s3.ap-south-1.amazonaws.com/crdhs/private/2024/9/20/recording8859098828159698946.mp3,LNBeu2Cj0ENfvgDEOZQHYg
https://crworkspace.s3.ap-south-1.amazonaws.com/crdhs/private/2024/9/20/recording10185650076922232535.mp3,l1jPOHEnvQMTtrcUpzMzZg
https://crworkspace.s3.ap-south-1.amazonaws.com/crdhs/private/2024/9/26/recording13957491017950880075.mp3,z5F7bg4gXLj8-TY3oZmPKA
https://crworkspace.s3.ap-south-1.amazonaws.com/crdhs/private/2024/9/23/recording16387867049109744158.mp3,T7vGXAexqEHgGtOeMom_Qw
https://crworkspace.s3.ap-south-1.amazonaws.com/crdhs/private/2024/9/23/recording8617830264444672928.mp3,x_2vAZtDLDeHsSnFExtS5A
https://crworkspace.s3.ap-south-1.amazonaws.com/crdhs/private/2024/9/20/recording8961399553162481732.mp3,eYPLEyBV_CWp_Wd4AFySmA
https://crworkspace.s3.ap-south-1.amazonaws.com/crdhs/private/2024/9/23/recording17968189525774178653.mp3,ryH-35b-TFvisutrAqPLbg
https://crworkspace.s3.ap-south-1.amazonaws.com/crdhs/private/2024/9/20/recording16239101106560024435.mp3,aI1e67Fvu6Jzj-rFbyEviQ
https://crworkspace.s3.ap-south-1.amazonaws.com/crdhs/private/2024/9/25/recording14261613353348063811.mp3,8B-QwqwJHD_0F-_dD39erQ
https://crworkspace.s3.ap-south-1.amazonaws.com/crdhs/private/2024/9/21/recording14494242220721654218.mp3,InQKjuVrqrAXMe1eO4vvdg
https://crworkspace.s3.ap-south-1.amazonaws.com/crdhs/private/2024/9/20/recording17169571666709754457.mp3,zPvKUJnD_MEmXkt0-ycfDw
https://crworkspace.s3.ap-south-1.amazonaws.com/crdhs/private/2024/9/23/recording136577085799864878.mp3,8CL-oDp-e2KU8_nmbhKH7w
https://crworkspace.s3.ap-south-1.amazonaws.com/crdhs/private/2024/9/20/recording7580476060071872886.mp3,IvuONzem3sCsLmG4VFSAqg
https://crworkspace.s3.ap-south-1.amazonaws.com/crdhs/private/2024/9/21/recording4848912989555293794.mp3,oEUzSzMeFuoacys5QwXdVg
https://crworkspace.s3.ap-south-1.amazonaws.com/crdhs/private/2024/9/20/recording16475151029122969812.mp3,g_P8f9bJAzMjBlpWwQiOKg
https://crworkspace.s3.ap-south-1.amazonaws.com/crdhs/private/2024/9/25/recording16367587336911089312.mp3,OQ5cIdDnlSnWt4GwWjbmKw
https://crworkspace.s3.ap-south-1.amazonaws.com/crdhs/private/2024/9/21/recording15710587683487293736.mp3,yjpBuUOLLVLs7usc_3pQsQ
https://crworkspace.s3.ap-south-1.amazonaws.com/crdhs/private/2024/9/24/recording17878230052557922186.mp3,dRtwsPZBQC8R6oeJQ-oUBA
https://crworkspace.s3.ap-south-1.amazonaws.com/crdhs/private/2024/9/20/recording329238287249731305.mp3,4B2pp8at9KjLDtWwLDP_4w
https://crworkspace.s3.ap-south-1.amazonaws.com/crdhs/private/2024/9/23/recording5047324256637609992.mp3,8Cl8nbdTFOqHVtOmnodBqg
https://crworkspace.s3.ap-south-1.amazonaws.com/crdhs/private/2024/9/23/recording13829828694244736919.mp3,1rnr6F5xunJPRONgY1P2sQ
https://crworkspace.s3.ap-south-1.amazonaws.com/crdhs/private/2024/9/20/recording8809279288414882256.mp3,z3aZYJyrRL8g5V8qcs0Rlw
https://crworkspace.s3.ap-south-1.amazonaws.com/crdhs/private/2024/9/21/recording3041544067437949825.mp3,eKniSWScCXOmaR6DAjsfmA
https://crworkspace.s3.ap-south-1.amazonaws.com/crdhs/private/2024/9/20/recording16169261151564171830.mp3,3-K1VCJiv02BmcVMysEJ9A
https://crworkspace.s3.ap-south-1.amazonaws.com/crdhs/private/2024/9/23/recording16734661000942241187.mp3,O2RuPEtoyOYvbJ7qWcI7QA
https://crworkspace.s3.ap-south-1.amazonaws.com/crdhs/private/2024/9/20/recording3845281729669792257.mp3,RYXlUmVa0M12fMN2mF7fxA
https://crworkspace.s3.ap-south-1.amazonaws.com/crdhs/private/2024/9/23/recording3256801049600805418.mp3,gmlRg9TuMjTubYUZs46evA
https://crworkspace.s3.ap-south-1.amazonaws.com/crdhs/private/2024/9/21/recording7774811235202268416.mp3,LzLK5L-5we5O8S0LB4xWRQ
https://crworkspace.s3.ap-south-1.amazonaws.com/crdhs/private/2024/9/26/recording1050490619053224256.mp3,CF3XiB2BDE_Skc6-ZH4kgQ
https://crworkspace.s3.ap-south-1.amazonaws.com/crdhs/private/2024/9/21/recording4374493384202153760.mp3,LMV9Og_927k4rfEVz8Pv_Q
https://crworkspace.s3.ap-south-1.amazonaws.com/crdhs/private/2024/9/20/recording6602858663412041518.mp3,0yAe8ZmQ5r4eLmzodTJA4g
https://crworkspace.s3.ap-south-1.amazonaws.com/crdhs/private/2024/9/25/recording13058045278199964843.mp3,1wV5vw7O7Pln0yKv4lu-dw
https://crworkspace.s3.ap-south-1.amazonaws.com/crdhs/private/2024/9/21/recording16951926230245826254.mp3,UpTLRyjqIErkeKfDsC_FEQ
https://crworkspace.s3.ap-south-1.amazonaws.com/crdhs/private/2024/9/21/recording2861692899576724442.mp3,hfnbWMYV3mhgSTCWvG_5RQ
https://crworkspace.s3.ap-south-1.amazonaws.com/crdhs/private/2024/9/21/recording11192445232861992256.mp3,s8E_7JPQ3Ii7Fujfs7v_oA
https://crworkspace.s3.ap-south-1.amazonaws.com/crdhs/private/2024/9/21/recording4235384258312460514.mp3,fJE-bkDlYVgU7T_tniWJJw
https://crworkspace.s3.ap-south-1.amazonaws.com/crdhs/private/2024/9/23/recording3040453181020798598.mp3,o5dMdYjVRl1UDCZKpC6Fuw
https://crworkspace.s3.ap-south-1.amazonaws.com/crdhs/private/2024/9/21/recording12753506848956563450.mp3,rsPEEflEvEP4q0A3CvIA8A
https://crworkspace.s3.ap-south-1.amazonaws.com/crdhs/private/2024/9/23/recording4822245020612898266.mp3,Ups5v91Bp-dYagqFzX7KaQ
https://crworkspace.s3.ap-south-1.amazonaws.com/crdhs/private/2024/9/21/recording8330345832591908908.mp3,GZc2IeBjoOxwRzw7ePuoJw
https://crworkspace.s3.ap-south-1.amazonaws.com/crdhs/private/2024/9/25/recording12933978784483186336.mp3,PHfBxkLzON1v3eVm9v0pDQ
https://crworkspace.s3.ap-south-1.amazonaws.com/crdhs/private/2024/9/23/recording13390227397336926741.mp3,JwB_7-GuJz9o753pOpQh-A
https://crworkspace.s3.ap-south-1.amazonaws.com/crdhs/private/2024/9/20/recording9271274966883198271.mp3,D3cefg4rbsNQgiiMYysr8g
https://crworkspace.s3.ap-south-1.amazonaws.com/crdhs/private/2024/9/23/recording2945778401933040966.mp3,sJdsAKNaFYdc1NgVx_RpPg
https://crworkspace.s3.ap-south-1.amazonaws.com/crdhs/private/2024/9/23/recording783975782447944047.mp3,PlrIzAdaRBFujBzGUTv0dQ
https://crworkspace.s3.ap-south-1.amazonaws.com/crdhs/private/2024/9/21/recording3372414359687067574.mp3,ALsqnUsRjtWEFAL2-4Epug
https://crworkspace.s3.ap-south-1.amazonaws.com/crdhs/private/2024/9/23/recording9104580181661888676.mp3,nK5jYfzQ9vkR1PY9pl8yUg
https://crworkspace.s3.ap-south-1.amazonaws.com/crdhs/private/2024/9/21/recording9752195682447714688.mp3,VUkMXo6wMaE4xGp_zvZFlQ
https://crworkspace.s3.ap-south-1.amazonaws.com/crdhs/private/2024/9/20/recording8398041779230537659.mp3,qKaDA3mjpZdnBePq0ZqcUw
https://crworkspace.s3.ap-south-1.amazonaws.com/crdhs/private/2024/9/23/recording2158063626314883542.mp3,JXXrUS1Lja2ncrOy6dDFwg
https://crworkspace.s3.ap-south-1.amazonaws.com/crdhs/private/2024/9/20/recording8409528084675650277.mp3,o6QlnUW9lLgSNvowd2cISQ
https://crworkspace.s3.ap-south-1.amazonaws.com/crdhs/private/2024/9/21/recording6805047477038617859.mp3,jV3AbXBG56xwA68xgTNPfg
https://crworkspace.s3.ap-south-1.amazonaws.com/crdhs/private/2024/9/20/recording12713775209820771597.mp3,16kxR9CciqEpG9wnvY08Ug
https://crworkspace.s3.ap-south-1.amazonaws.com/crdhs/private/2024/9/25/recording529595204375821287.mp3,uamaqpTo0QmpWh1BRkaHUQ
https://crworkspace.s3.ap-south-1.amazonaws.com/crdhs/private/2024/9/21/recording13478861830263862692.mp3,5y_jdyfj_EUBUXVpq3vCSw
https://crworkspace.s3.ap-south-1.amazonaws.com/crdhs/private/2024/9/20/recording12404885843994967791.mp3,tk00l5_JdjUxoTYiiMFR-g
https://crworkspace.s3.ap-south-1.amazonaws.com/crdhs/private/2024/9/21/recording17804580592212730192.mp3,hmCkgJ56tRRzdZ2ikUgW5Q
https://crworkspace.s3.ap-south-1.amazonaws.com/crdhs/private/2024/9/20/recording11583307895339132675.mp3,_UVK_jWx96DPHgso4gBD6g
https://crworkspace.s3.ap-south-1.amazonaws.com/crdhs/private/2024/9/25/recording6277839549887415319.mp3,nF1rZ9-TsH_wjSvStZJpzQ
https://crworkspace.s3.ap-south-1.amazonaws.com/crdhs/private/2024/9/25/recording6043313692244216261.mp3,39MbJVxriwoJ2R5GRv_qpA
https://crworkspace.s3.ap-south-1.amazonaws.com/crdhs/private/2024/9/21/recording16261355507461083339.mp3,pKvA2BFPPFRNOlOdv6opDg
https://crworkspace.s3.ap-south-1.amazonaws.com/crdhs/private/2024/9/26/recording6745500727883392381.mp3,9uplHNKOw2UfEUjtfYYkWw
https://crworkspace.s3.ap-south-1.amazonaws.com/crdhs/private/2024/9/25/recording10506064223291504481.mp3,LGW34uWaArFtlzxBPyJwfA
https://crworkspace.s3.ap-south-1.amazonaws.com/crdhs/private/2024/9/23/recording8789479891981454213.mp3,1gGFccLO1R4FMyKxKIXVUg
https://crworkspace.s3.ap-south-1.amazonaws.com/crdhs/private/2024/9/23/recording5721807705749478773.mp3,yWP-8Me81nEVuKYi-jLq4w
https://crworkspace.s3.ap-south-1.amazonaws.com/crdhs/private/2024/9/26/recording3403558379655223536.mp3,uJjPv1kgPgj0y8vplWWF8g
https://crworkspace.s3.ap-south-1.amazonaws.com/crdhs/private/2024/9/26/recording967943406555718693.mp3,RepYep5Ea3GOlDVYQCSH3g
https://crworkspace.s3.ap-south-1.amazonaws.com/crdhs/private/2024/9/23/recording13989074592923826538.mp3,toVYO-v2fQb9iq5td8MNxw
https://crworkspace.s3.ap-south-1.amazonaws.com/crdhs/private/2024/9/20/recording9194576376905021966.mp3,dZGmjCLH3bYwGEQjhPTHOg
https://crworkspace.s3.ap-south-1.amazonaws.com/crdhs/private/2024/9/20/recording2371527252856778491.mp3,AdJZwlDaOKKZlx7wMeRqHA
https://crworkspace.s3.ap-south-1.amazonaws.com/crdhs/private/2024/9/21/recording15238084425026540022.mp3,ixPngjf8Xkx-Cmk7kKBfEQ
https://crworkspace.s3.ap-south-1.amazonaws.com/crdhs/private/2024/9/25/recording14235087799617034584.mp3,PESSlwKRnJwhH_DPeWK6Gw
https://crworkspace.s3.ap-south-1.amazonaws.com/crdhs/private/2024/9/21/recording9188560673778428087.mp3,F2pWyJC457rZtdCm9KY83g
https://crworkspace.s3.ap-south-1.amazonaws.com/crdhs/private/2024/9/25/recording12010420898162420079.mp3,uwA3iu7YY2zYq2_0WICn_w
https://crworkspace.s3.ap-south-1.amazonaws.com/crdhs/private/2024/9/21/recording5356270693548801851.mp3,jdot_f7D_CnqaAj6_j9AGQ
https://crworkspace.s3.ap-south-1.amazonaws.com/crdhs/private/2024/9/25/recording18129515748485717469.mp3,3SHt01BViWnNRZs7vqp0NA
https://crworkspace.s3.ap-south-1.amazonaws.com/crdhs/private/2024/9/26/recording8053743363231372245.mp3,mH70Xf1eBdAw9IH1I_tNSA
https://crworkspace.s3.ap-south-1.amazonaws.com/crdhs/private/2024/9/20/recording12053678172456571810.mp3,vw54v1VpxoSNg5_r6DBKQQ
https://crworkspace.s3.ap-south-1.amazonaws.com/crdhs/private/2024/9/23/recording5324803462271127796.mp3,jGeKUSdNSWx1NUVoCHm0DA
https://crworkspace.s3.ap-south-1.amazonaws.com/crdhs/private/2024/9/21/recording1768988883951165310.mp3,XSrsueOdm40FTJtpnJtsyw
https://crworkspace.s3.ap-south-1.amazonaws.com/crdhs/private/2024/9/20/recording16088117939648785721.mp3,3nYAFw2ib7_s8DTEOZtEwQ
https://crworkspace.s3.ap-south-1.amazonaws.com/crdhs/private/2024/9/23/recording5294701516746863069.mp3,nkY4gm4Un_faL_Lmk3l7jA
https://crworkspace.s3.ap-south-1.amazonaws.com/crdhs/private/2024/9/20/recording11566059386465438857.mp3,rA6ak9OS6Hy7MUMF0xdh3w
https://crworkspace.s3.ap-south-1.amazonaws.com/crdhs/private/2024/9/20/recording3112794914072146111.mp3,AsbqczopHRtTwpLr4plaWw
https://crworkspace.s3.ap-south-1.amazonaws.com/crdhs/private/2024/9/23/recording6000752427230103796.mp3,KfXqEcXQT4FortBapjDfeA
https://crworkspace.s3.ap-south-1.amazonaws.com/crdhs/private/2024/9/20/recording14445925032969784820.mp3,VCxQWlg8mQM8Jncyoxh4nQ
https://crworkspace.s3.ap-south-1.amazonaws.com/crdhs/private/2024/9/21/recording4278221964456831122.mp3,jVqeykjq7tbvV3WpthQCTA
https://crworkspace.s3.ap-south-1.amazonaws.com/crdhs/private/2024/9/26/recording10497650505336560597.mp3,uO0BQZXAAbqSepdUAK5tSw
https://crworkspace.s3.ap-south-1.amazonaws.com/crdhs/private/2024/9/20/recording9969544814653804809.mp3,wdsu9Z0NFgRdBZ2aoEmbPg
https://crworkspace.s3.ap-south-1.amazonaws.com/crdhs/private/2024/9/20/recording2823920276435792956.mp3,Jd8pAPM3kxEmu-Ze8dRfmQ
https://crworkspace.s3.ap-south-1.amazonaws.com/crdhs/private/2024/9/20/recording847884147179049054.mp3,TPHrhvczQPWrKDhvsyXXkA
https://crworkspace.s3.ap-south-1.amazonaws.com/crdhs/private/2024/9/23/recording14612842370329805555.mp3,W5edPbfZLGPTGz9AEEWZFQ
https://crworkspace.s3.ap-south-1.amazonaws.com/crdhs/private/2024/9/26/recording16132809355340622685.mp3,AL4bsZtPKJ9hbhs7b-zS1Q
https://crworkspace.s3.ap-south-1.amazonaws.com/crdhs/private/2024/10/2/recording14333537848309025998.mp3,4BejiWgLNqALJOXOeZBN9g
https://crworkspace.s3.ap-south-1.amazonaws.com/crdhs/private/2024/9/26/recording1400059762833301745.mp3,veyhakPrK-tQXnpshAY7ig
https://crworkspace.s3.ap-south-1.amazonaws.com/crdhs/private/2024/9/20/recording1311535107056975861.mp3,axSNhr965TBageI0pu3O_g
https://crworkspace.s3.ap-south-1.amazonaws.com/crdhs/private/2024/9/25/recording13500545560891306465.mp3,WDUIkdAz8442vUFHlJ7Z-g
https://crworkspace.s3.ap-south-1.amazonaws.com/crdhs/private/2024/9/20/recording14053635284810156359.mp3,2iXsXmkW-Rg10S71JEWxDQ
https://crworkspace.s3.ap-south-1.amazonaws.com/crdhs/private/2024/9/21/recording14136869387150968834.mp3,xW1AVhdUFcTscDlJotj00w
https://crworkspace.s3.ap-south-1.amazonaws.com/crdhs/private/2024/9/20/recording16917840063308804297.mp3,2rq9FVkhAkZ7zbHuWgd0FA
https://crworkspace.s3.ap-south-1.amazonaws.com/crdhs/private/2024/9/21/recording6826197830273783444.mp3,i4EF7tpBTG_NhBOCoWyuXQ
https://crworkspace.s3.ap-south-1.amazonaws.com/crdhs/private/2024/9/23/recording1330304401846243453.mp3,qNOB9lMMAHhOFCAoKSNfMA
https://crworkspace.s3.ap-south-1.amazonaws.com/crdhs/private/2024/9/21/recording971341043843352262.mp3,IeBNvqPhw2uL_NJO3H0RAg
https://crworkspace.s3.ap-south-1.amazonaws.com/crdhs/private/2024/9/21/recording18272970348228630692.mp3,bBxDoM8sO-JZfDIheHvhOA
https://crworkspace.s3.ap-south-1.amazonaws.com/crdhs/private/2024/9/21/recording9955754491810243929.mp3,NLZTsNig_3-x0ryuC5syDg
https://crworkspace.s3.ap-south-1.amazonaws.com/crdhs/private/2024/9/23/recording8604593864163159832.mp3,6UDW1xF0fWvXquxwuQMjmA
https://crworkspace.s3.ap-south-1.amazonaws.com/crdhs/private/2024/9/20/recording8495929590019765881.mp3,pUElhr8ctYvYaeWBU5D0yA
https://crworkspace.s3.ap-south-1.amazonaws.com/crdhs/private/2024/9/23/recording7405695225870232271.mp3,0SP6iIBciysVSWNQZ7t2Xg
https://crworkspace.s3.ap-south-1.amazonaws.com/crdhs/private/2024/9/23/recording2996703883196847699.mp3,dzLQhdPmUyEmtTddx8E6CQ
https://crworkspace.s3.ap-south-1.amazonaws.com/crdhs/private/2024/9/21/recording372685387945604182.mp3,dqnYg7r0w_KIdIzKQn-K5Q
https://crworkspace.s3.ap-south-1.amazonaws.com/crdhs/private/2024/9/20/recording9777053042023179197.mp3,L9chA1JnCWB-MNbmbyaZzw
https://crworkspace.s3.ap-south-1.amazonaws.com/crdhs/private/2024/9/24/recording1289848016065938699.mp3,TErSSZ6uMaXN6izqjeQ9jg
https://crworkspace.s3.ap-south-1.amazonaws.com/crdhs/private/2024/9/21/recording9022124331934640083.mp3,N8Rn9G8la6vbNQLRR2eAMA
https://crworkspace.s3.ap-south-1.amazonaws.com/crdhs/private/2024/9/23/recording4420839753521383687.mp3,E0TZgDSTZvLZ9PhbupVaHQ
https://crworkspace.s3.ap-south-1.amazonaws.com/crdhs/private/2024/9/20/recording5875238019936797529.mp3,OdO4k15p1BiaHhzEa2gDNQ
https://crworkspace.s3.ap-south-1.amazonaws.com/crdhs/private/2024/9/20/recording6256101644622839903.mp3,ib5qgAfhpOWdypOrv2HHUQ
https://crworkspace.s3.ap-south-1.amazonaws.com/crdhs/private/2024/9/20/recording12645083608024688522.mp3,jL7D81Sj6AkzGV1SLQNosg
https://crworkspace.s3.ap-south-1.amazonaws.com/crdhs/private/2024/9/21/recording1742621436840591703.mp3,4pUa74xzPO0HCwvSVtnjxQ
https://crworkspace.s3.ap-south-1.amazonaws.com/crdhs/private/2024/9/20/recording11099111692928438418.mp3,s0BeFA_8kTTM4vdmKCbI6A
https://crworkspace.s3.ap-south-1.amazonaws.com/crdhs/private/2024/9/20/recording10769797652933644784.mp3,fNBNcO6EuW0UCwHg5Tjn0A
https://crworkspace.s3.ap-south-1.amazonaws.com/crdhs/private/2024/9/21/recording17995199009826651220.mp3,xSWr5WMwnB9bsQgOq93rhA
https://crworkspace.s3.ap-south-1.amazonaws.com/crdhs/private/2024/9/20/recording15603218004949707378.mp3,-nMZvIPBzV-m9t56o1u25w
https://crworkspace.s3.ap-south-1.amazonaws.com/crdhs/private/2024/9/21/recording11760164080401360441.mp3,qqq5K6UslCadb42kDcdebg
https://crworkspace.s3.ap-south-1.amazonaws.com/crdhs/private/2024/9/25/recording17374259489548755875.mp3,F8RnzLFUakHvERLZPHjWKA
https://crworkspace.s3.ap-south-1.amazonaws.com/crdhs/private/2024/9/20/recording14219263860991404316.mp3,TQ30KEt4mBT9InYieWaQJw
https://crworkspace.s3.ap-south-1.amazonaws.com/crdhs/private/2024/9/20/recording9333792202332397157.mp3,2_bxpaJ1_-chbY24Z9RgCg
https://crworkspace.s3.ap-south-1.amazonaws.com/crdhs/private/2024/9/21/recording7196374825101385821.mp3,l1Ul-4zESOeegFTxxCQDtA
https://crworkspace.s3.ap-south-1.amazonaws.com/crdhs/private/2024/9/23/recording15879695031603557882.mp3,zpMnpxCKwZbHk8Jnl6IWtQ
https://crworkspace.s3.ap-south-1.amazonaws.com/crdhs/private/2024/9/26/recording15446501246096151105.mp3,XgcSf2fFC_EFCIUhaBT0Xg
https://crworkspace.s3.ap-south-1.amazonaws.com/crdhs/private/2024/9/20/recording10863013748869060197.mp3,jI9RQJLDgqMhNMAL8G7tAg
https://crworkspace.s3.ap-south-1.amazonaws.com/crdhs/private/2024/9/20/recording15638510059293866456.mp3,Pms7g2qrunkthmsYy3WHIw
https://crworkspace.s3.ap-south-1.amazonaws.com/crdhs/private/2024/9/20/recording5292377672107901168.mp3,41ss-pee9QRkYZSi6ConpA
https://crworkspace.s3.ap-south-1.amazonaws.com/crdhs/private/2024/9/20/recording14784564921176570912.mp3,PprQ7v8o-fLU_g_EtQZRkQ
https://crworkspace.s3.ap-south-1.amazonaws.com/crdhs/private/2024/9/26/recording10969981740993974787.mp3,1wfOgVrQp4S2tupPT7OpNQ
https://crworkspace.s3.ap-south-1.amazonaws.com/crdhs/private/2024/9/20/recording17389780521675413594.mp3,R99LtBH2Bh5ONaKfJKTs-w
https://crworkspace.s3.ap-south-1.amazonaws.com/crdhs/private/2024/9/20/recording15615774683824157708.mp3,VcmbzeU11N2mb5ItWMF8Gw
https://crworkspace.s3.ap-south-1.amazonaws.com/crdhs/private/2024/9/26/recording98478340602174756.mp3,nxokYN8JlbTIqHfLE6Bcsg
https://crworkspace.s3.ap-south-1.amazonaws.com/crdhs/private/2024/9/20/recording7686165960587564725.mp3,2w69ug9YXiv4ClJ7VrxCUA
https://crworkspace.s3.ap-south-1.amazonaws.com/crdhs/private/2024/9/27/recording10072532461800367313.mp3,6PwtqoNTpjOWjOCO3egsZA
https://crworkspace.s3.ap-south-1.amazonaws.com/crdhs/private/2024/9/26/recording12680537193228172908.mp3,MV-Fv3WJFe5peL0OYNTplw
https://crworkspace.s3.ap-south-1.amazonaws.com/crdhs/private/2024/10/6/recording3093091411758693021.mp3,ghW6Pd2Witp4Ispyf5kcfg
https://crworkspace.s3.ap-south-1.amazonaws.com/crdhs/private/2024/9/26/recording7308071289584446084.mp3,IkKDFR-Mm4Kv_3zjMKmHvQ
https://crworkspace.s3.ap-south-1.amazonaws.com/crdhs/private/2024/9/25/recording689188059651123884.mp3,1hf1PuUHyT3bKrlLB4214g
https://crworkspace.s3.ap-south-1.amazonaws.com/crdhs/private/2024/11/6/recording.mp3,--HarojsWojLTjUTow1RHA
https://crworkspace.s3.ap-south-1.amazonaws.com/crdhs/private/2024/9/26/recording14044124289576745093.mp3,bXt0lg5DY0eLNKS_UeiJ3g
https://crworkspace.s3.ap-south-1.amazonaws.com/crdhs/private/2024/9/23/recording6703014811816176585.mp3,sFGPXEjj5vho_07haYoqqQ
https://crworkspace.s3.ap-south-1.amazonaws.com/crdhs/private/2024/9/26/recording2656285125351170170.mp3,EW5-scsGLJHVSiyUaQ8bbw
https://crworkspace.s3.ap-south-1.amazonaws.com/crdhs/private/2024/11/6/recording.mp3,--HarojsWojLTjUTow1RHA
https://crworkspace.s3.ap-south-1.amazonaws.com/crdhs/private/2024/10/7/recording8577501560741394870.mp3,FCXzSKtGIw0n5SaPL_kgQw
https://crworkspace.s3.ap-south-1.amazonaws.com/crdhs/private/2024/11/26/recording.mp3,-8AhiNg6tiGz8N7jiEqUFA
https://crworkspace.s3.ap-south-1.amazonaws.com/crdhs/private/2024/10/7/recording2441951144534337524.mp3,K2ZtgUDIeQxttTawh8eTiQ
https://crworkspace.s3.ap-south-1.amazonaws.com/crdhs/private/2024/11/6/recording.mp3,--HarojsWojLTjUTow1RHA
https://crworkspace.s3.ap-south-1.amazonaws.com/crdhs/private/2024/11/26/recording.mp3,-8AhiNg6tiGz8N7jiEqUFA
https://crworkspace.s3.ap-south-1.amazonaws.com/crdhs/private/2024/9/23/recording4699787266102566516.mp3,AKYSsW9NMtGs7gVetkGYcg
https://crworkspace.s3.ap-south-1.amazonaws.com/crdhs/private/2024/11/26/recording.mp3,-8AhiNg6tiGz8N7jiEqUFA
https://crworkspace.s3.ap-south-1.amazonaws.com/crdhs/private/2024/11/26/recording.mp3,-8AhiNg6tiGz8N7jiEqUFA
https://crworkspace.s3.ap-south-1.amazonaws.com/crdhs/private/2024/11/6/recording.mp3,--HarojsWojLTjUTow1RHA
https://crworkspace.s3.ap-south-1.amazonaws.com/crdhs/private/2024/9/20/recording3043009737060002131.mp3,8YVZvl7FgUkiiTaFG90cEw
https://crworkspace.s3.ap-south-1.amazonaws.com/crdhs/private/2024/11/6/recording.mp3,--HarojsWojLTjUTow1RHA
https://crworkspace.s3.ap-south-1.amazonaws.com/crdhs/private/2024/11/26/recording.mp3,-8AhiNg6tiGz8N7jiEqUFA
https://crworkspace.s3.ap-south-1.amazonaws.com/crdhs/private/2024/11/6/recording.mp3,--HarojsWojLTjUTow1RHA
https://crworkspace.s3.ap-south-1.amazonaws.com/crdhs/private/2024/11/6/recording.mp3,--HarojsWojLTjUTow1RHA
https://crworkspace.s3.ap-south-1.amazonaws.com/crdhs/private/2024/11/26/recording.mp3,-8AhiNg6tiGz8N7jiEqUFA
https://crworkspace.s3.ap-south-1.amazonaws.com/crdhs/private/2024/11/26/recording.mp3,-8AhiNg6tiGz8N7jiEqUFA
https://crworkspace.s3.ap-south-1.amazonaws.com/crdhs/private/2024/11/21/recording.mp3,--CsMlwV1w_m0om101_Z1w
https://crworkspace.s3.ap-south-1.amazonaws.com/crdhs/private/2024/9/23/recording6822041580114009679.mp3,-Zu7vn3BOrId5k7sb3KQhQ
https://crworkspace.s3.ap-south-1.amazonaws.com/crdhs/private/2024/9/23/recording11687061983799666320.mp3,a50mG-3hR2G0DetEu6WsWQ
https://crworkspace.s3.ap-south-1.amazonaws.com/crdhs/private/2024/9/24/recording14300196269489640921.mp3,dL8rjcWsANCn72H2r3K0pA
https://crworkspace.s3.ap-south-1.amazonaws.com/crdhs/private/2024/10/7/recording9658349625803964203.mp3,Vl9Ezh5sTfg2-1ZsByn_yw
https://crworkspace.s3.ap-south-1.amazonaws.com/crdhs/private/2024/9/20/recording5413604962421013914.mp3,u1ugjpFu8M859sULkFSzTQ
https://crworkspace.s3.ap-south-1.amazonaws.com/crdhs/private/2024/9/20/recording9278613608894146709.mp3,R9pnu11LrDqTlJwYGtFtow
https://crworkspace.s3.ap-south-1.amazonaws.com/crdhs/private/2024/11/21/recording.mp3,--CsMlwV1w_m0om101_Z1w
https://crworkspace.s3.ap-south-1.amazonaws.com/crdhs/private/2024/11/26/recording.mp3,-8AhiNg6tiGz8N7jiEqUFA
https://crworkspace.s3.ap-south-1.amazonaws.com/crdhs/private/2024/10/7/recording7044722161271182502.mp3,wgui8PRzEV8zZhHzOVlDlA
https://crworkspace.s3.ap-south-1.amazonaws.com/crdhs/private/2024/11/26/recording.mp3,-8AhiNg6tiGz8N7jiEqUFA
https://crworkspace.s3.ap-south-1.amazonaws.com/crdhs/private/2024/10/7/recording16762442674278969049.mp3,wmCjYgHs464MpBcSFBieoA
https://crworkspace.s3.ap-south-1.amazonaws.com/crdhs/private/2024/9/23/recording14306009170428474780.mp3,xh3VffRKNZNRLgZibU9jQg
https://crworkspace.s3.ap-south-1.amazonaws.com/crdhs/private/2024/9/23/recording1278804771313739628.mp3,pSkOS7RnnNfs7j4zlzr2ZA
https://crworkspace.s3.ap-south-1.amazonaws.com/crdhs/private/2024/9/24/recording3042525964523750826.mp3,SA8x9AvDTdlsmebdnz-dJw
https://crworkspace.s3.ap-south-1.amazonaws.com/crdhs/private/2024/9/21/recording1710891306510444939.mp3,Opfyp1Eqvp21V8SdPwnCEg
https://crworkspace.s3.ap-south-1.amazonaws.com/crdhs/private/2024/9/23/recording11952194880904546684.mp3,cZa7OmRWBsBr-yMGX5JFxw
https://crworkspace.s3.ap-south-1.amazonaws.com/crdhs/private/2024/10/7/recording3582479534982395488.mp3,k1tvMwYttXLHW_obDVKM4w
https://crworkspace.s3.ap-south-1.amazonaws.com/crdhs/private/2024/11/6/recording.mp3,--HarojsWojLTjUTow1RHA
https://crworkspace.s3.ap-south-1.amazonaws.com/crdhs/private/2024/9/21/recording8150019854561907327.mp3,laLyA2CIjnIyP_sbui2FKQ
https://crworkspace.s3.ap-south-1.amazonaws.com/crdhs/private/2024/11/21/recording.mp3,--CsMlwV1w_m0om101_Z1w
https://crworkspace.s3.ap-south-1.amazonaws.com/crdhs/private/2024/11/6/recording.mp3,--HarojsWojLTjUTow1RHA
https://crworkspace.s3.ap-south-1.amazonaws.com/crdhs/private/2024/9/24/recording10456554796736802078.mp3,2bUgLuxTUCyptWJitC8LJw
https://crworkspace.s3.ap-south-1.amazonaws.com/crdhs/private/2024/10/7/recording9310851637530808890.mp3,mJefe4K1xPe9cnK3ce3h3Q
https://crworkspace.s3.ap-south-1.amazonaws.com/crdhs/private/2024/11/6/recording.mp3,--HarojsWojLTjUTow1RHA
https://crworkspace.s3.ap-south-1.amazonaws.com/crdhs/private/2024/9/23/recording18389524968396747228.mp3,6rTegn0P8pJ3gDabpcCV2A
https://crworkspace.s3.ap-south-1.amazonaws.com/crdhs/private/2024/11/26/recording.mp3,-8AhiNg6tiGz8N7jiEqUFA
https://crworkspace.s3.ap-south-1.amazonaws.com/crdhs/private/2024/9/23/recording15545443582913969365.mp3,I2s1zzeEkK2NtuBQWRdSTw
https://crworkspace.s3.ap-south-1.amazonaws.com/crdhs/private/2024/11/6/recording.mp3,--HarojsWojLTjUTow1RHA
https://crworkspace.s3.ap-south-1.amazonaws.com/crdhs/private/2024/9/23/recording10655077897616320514.mp3,FCrxjT07_N2JV_Ndl-roCQ
https://crworkspace.s3.ap-south-1.amazonaws.com/crdhs/private/2024/9/25/recording17600347476743460348.mp3,zc5PYkKPFqptQpPZVPE5kA
https://crworkspace.s3.ap-south-1.amazonaws.com/crdhs/private/2024/9/24/recording16704930607316400248.mp3,SiOnITOLmD5PUp2V7lXJTw
https://crworkspace.s3.ap-south-1.amazonaws.com/crdhs/private/2024/9/23/recording5365461022919103082.mp3,fX2NMTAoK1wEK0toaYzojQ
https://crworkspace.s3.ap-south-1.amazonaws.com/crdhs/private/2024/9/23/recording12612531111425776814.mp3,Rh5lPcGUE9svb5U8a9OnCg
https://crworkspace.s3.ap-south-1.amazonaws.com/crdhs/private/2024/11/6/recording.mp3,--HarojsWojLTjUTow1RHA
https://crworkspace.s3.ap-south-1.amazonaws.com/crdhs/private/2024/11/6/recording.mp3,--HarojsWojLTjUTow1RHA
https://crworkspace.s3.ap-south-1.amazonaws.com/crdhs/private/2024/11/6/recording.mp3,--HarojsWojLTjUTow1RHA
https://crworkspace.s3.ap-south-1.amazonaws.com/crdhs/private/2024/9/20/recording14107350508757910083.mp3,-wzSptEOZJI8-JE9X48Mxw
https://crworkspace.s3.ap-south-1.amazonaws.com/crdhs/private/2024/9/26/recording7938496659853652519.mp3,Q3s7cxIwLiymnUh1xz4v2g
https://crworkspace.s3.ap-south-1.amazonaws.com/crdhs/private/2024/9/27/recording7367673567714368403.mp3,qbsVCvL_yu6p7GWuWyerOw
https://crworkspace.s3.ap-south-1.amazonaws.com/crdhs/private/2024/10/7/recording4402688782999286096.mp3,5u4bK2Phk9mfYXQaLEijRg
https://crworkspace.s3.ap-south-1.amazonaws.com/crdhs/private/2024/9/26/recording1492852347246724246.mp3,CpjLqmT5BjzYwjgNxtYzAQ
https://crworkspace.s3.ap-south-1.amazonaws.com/crdhs/private/2024/11/26/recording.mp3,-8AhiNg6tiGz8N7jiEqUFA
https://crworkspace.s3.ap-south-1.amazonaws.com/crdhs/private/2024/11/6/recording.mp3,--HarojsWojLTjUTow1RHA
https://crworkspace.s3.ap-south-1.amazonaws.com/crdhs/private/2024/11/26/recording.mp3,-8AhiNg6tiGz8N7jiEqUFA
https://crworkspace.s3.ap-south-1.amazonaws.com/crdhs/private/2024/11/26/recording.mp3,-8AhiNg6tiGz8N7jiEqUFA
https://crworkspace.s3.ap-south-1.amazonaws.com/crdhs/private/2024/11/26/recording.mp3,-8AhiNg6tiGz8N7jiEqUFA
https://crworkspace.s3.ap-south-1.amazonaws.com/crdhs/private/2024/11/26/recording.mp3,-8AhiNg6tiGz8N7jiEqUFA
https://crworkspace.s3.ap-south-1.amazonaws.com/crdhs/private/2024/11/6/recording.mp3,--HarojsWojLTjUTow1RHA
https://crworkspace.s3.ap-south-1.amazonaws.com/crdhs/private/2024/11/21/recording.mp3,--CsMlwV1w_m0om101_Z1w
https://crworkspace.s3.ap-south-1.amazonaws.com/crdhs/private/2024/9/24/recording4497769213358394075.mp3,zV7Ei2slt3AFI2BQY3Tsqw
https://crworkspace.s3.ap-south-1.amazonaws.com/crdhs/private/2024/11/26/recording.mp3,-8AhiNg6tiGz8N7jiEqUFA
https://crworkspace.s3.ap-south-1.amazonaws.com/crdhs/private/2024/9/23/recording11671801929792381716.mp3,S-BulM-_wxMx3DmDX5kk4w
https://crworkspace.s3.ap-south-1.amazonaws.com/crdhs/private/2024/9/24/recording5558668282467368053.mp3,HS2XLqn4D6wcFSskv9bwaA
https://crworkspace.s3.ap-south-1.amazonaws.com/crdhs/private/2024/9/20/recording5220849437868496180.mp3,JtA0smTvIdNr3WzndtiPWg
https://crworkspace.s3.ap-south-1.amazonaws.com/crdhs/private/2024/9/25/recording2356908833114761273.mp3,XeSlx46BlyH2shLU48ZUOw
https://crworkspace.s3.ap-south-1.amazonaws.com/crdhs/private/2024/9/26/recording8119888850959570333.mp3,vCqN4OFH2ydQDT2RqRnG-Q
https://crworkspace.s3.ap-south-1.amazonaws.com/crdhs/private/2024/11/26/recording.mp3,-8AhiNg6tiGz8N7jiEqUFA
https://crworkspace.s3.ap-south-1.amazonaws.com/crdhs/private/2024/9/20/recording16685297712375875326.mp3,W98988GBZG0Zmyx8A00SAg
https://crworkspace.s3.ap-south-1.amazonaws.com/crdhs/private/2024/9/25/recording14746545958384040671.mp3,gdxXX5lftsNPRxq4AAGBGw
https://crworkspace.s3.ap-south-1.amazonaws.com/crdhs/private/2024/9/20/recording9048853519675835504.mp3,teAdWCO0hi95PSuqpESwUw
https://crworkspace.s3.ap-south-1.amazonaws.com/crdhs/private/2024/9/21/recording9081838930718022865.mp3,Z5ENS9CJnhzELAsw72ooYg
https://crworkspace.s3.ap-south-1.amazonaws.com/crdhs/private/2024/11/21/recording.mp3,--CsMlwV1w_m0om101_Z1w
https://crworkspace.s3.ap-south-1.amazonaws.com/crdhs/private/2024/9/20/recording1366588033825598544.mp3,HW7PzG-DsqCoLh_62osv8g
https://crworkspace.s3.ap-south-1.amazonaws.com/crdhs/private/2024/9/25/recording6885169358774891047.mp3,YCHXBd3YwmX3RvL-JkUtrg
https://crworkspace.s3.ap-south-1.amazonaws.com/crdhs/private/2024/9/25/recording2519520575228887219.mp3,M5G0wqJK2WAk-q7wkJsqvQ
https://crworkspace.s3.ap-south-1.amazonaws.com/crdhs/private/2024/9/23/recording5396036613446977444.mp3,jQ0mLoEysyZ4L71I24l8rA
https://crworkspace.s3.ap-south-1.amazonaws.com/crdhs/private/2024/11/26/recording.mp3,-8AhiNg6tiGz8N7jiEqUFA
https://crworkspace.s3.ap-south-1.amazonaws.com/crdhs/private/2024/9/24/recording3623506018434672352.mp3,Vt4NHUcJwBcgeG6kgc54jA
https://crworkspace.s3.ap-south-1.amazonaws.com/crdhs/private/2024/10/6/recording1525416453900099137.mp3,Pqv_o1m_00lpbf7eHsN4tg
https://crworkspace.s3.ap-south-1.amazonaws.com/crdhs/private/2024/10/6/recording11814926018919904033.mp3,N3wJvn8D-MGISHZZ6D5QGQ
https://crworkspace.s3.ap-south-1.amazonaws.com/crdhs/private/2024/11/26/recording.mp3,-8AhiNg6tiGz8N7jiEqUFA
https://crworkspace.s3.ap-south-1.amazonaws.com/crdhs/private/2024/11/26/recording.mp3,-8AhiNg6tiGz8N7jiEqUFA
https://crworkspace.s3.ap-south-1.amazonaws.com/crdhs/private/2024/11/26/recording.mp3,-8AhiNg6tiGz8N7jiEqUFA
https://crworkspace.s3.ap-south-1.amazonaws.com/crdhs/private/2024/9/23/recording12602398347827380504.mp3,DFVcNWSm6VPqh2kFNmCIrg
https://crworkspace.s3.ap-south-1.amazonaws.com/crdhs/private/2024/10/5/recording10561326580707085966.mp3,bflLJyRPiS1pmOtpkyDluw
https://crworkspace.s3.ap-south-1.amazonaws.com/crdhs/private/2024/11/26/recording.mp3,-8AhiNg6tiGz8N7jiEqUFA
https://crworkspace.s3.ap-south-1.amazonaws.com/crdhs/private/2024/11/26/recording.mp3,-8AhiNg6tiGz8N7jiEqUFA
https://crworkspace.s3.ap-south-1.amazonaws.com/crdhs/private/2024/9/23/recording15692827138800367756.mp3,4t0On2RR8XdRD9U-EJH-jg
https://crworkspace.s3.ap-south-1.amazonaws.com/crdhs/private/2024/11/6/recording.mp3,--HarojsWojLTjUTow1RHA
https://crworkspace.s3.ap-south-1.amazonaws.com/crdhs/private/2024/11/26/recording.mp3,-8AhiNg6tiGz8N7jiEqUFA
https://crworkspace.s3.ap-south-1.amazonaws.com/crdhs/private/2024/11/26/recording.mp3,-8AhiNg6tiGz8N7jiEqUFA
https://crworkspace.s3.ap-south-1.amazonaws.com/crdhs/private/2024/9/23/recording12846777977299987831.mp3,PAvBoiyRQ4BS30olLpVK0A
https://crworkspace.s3.ap-south-1.amazonaws.com/crdhs/private/2024/9/23/recording6661319725300062531.mp3,B5RyvZZaZHmwvb25mmriDg
https://crworkspace.s3.ap-south-1.amazonaws.com/crdhs/private/2024/9/23/recording3027353784168742376.mp3,eu8u0BYfjxt42ez3sZ60Dw
https://crworkspace.s3.ap-south-1.amazonaws.com/crdhs/private/2024/11/26/recording.mp3,-8AhiNg6tiGz8N7jiEqUFA
https://crworkspace.s3.ap-south-1.amazonaws.com/crdhs/private/2024/9/24/recording4834141014813934543.mp3,OqxFUmHH-xBgHyo-96o87g
https://crworkspace.s3.ap-south-1.amazonaws.com/crdhs/private/2024/9/25/recording11005211010251398092.mp3,fVvg8nc5hMxd_4bHK0pI3Q
https://crworkspace.s3.ap-south-1.amazonaws.com/crdhs/private/2024/11/21/recording.mp3,--CsMlwV1w_m0om101_Z1w
https://crworkspace.s3.ap-south-1.amazonaws.com/crdhs/private/2024/9/23/recording14268031516110255224.mp3,7rs5yGmja9xPOfW7GH5HoQ
https://crworkspace.s3.ap-south-1.amazonaws.com/crdhs/private/2024/9/26/recording1009341468618576.mp3,zZqIf2Uw-HYOva_IBZ9aNg
https://crworkspace.s3.ap-south-1.amazonaws.com/crdhs/private/2024/9/20/recording629268573136948031.mp3,T5idNYM3nc-MZnK6YSaXLg
https://crworkspace.s3.ap-south-1.amazonaws.com/crdhs/private/2024/11/21/recording.mp3,--CsMlwV1w_m0om101_Z1w
https://crworkspace.s3.ap-south-1.amazonaws.com/crdhs/private/2024/9/25/recording9364571157355024881.mp3,eyM40U0UYWUMYvy7msSMKw
https://crworkspace.s3.ap-south-1.amazonaws.com/crdhs/private/2024/9/26/recording2694303735458818339.mp3,eS4-1OYsoIYu_JyABu-5cA
https://crworkspace.s3.ap-south-1.amazonaws.com/crdhs/private/2024/9/25/recording4697641864598759886.mp3,z4GgwAepbYGqHD1ImGhVMA
https://crworkspace.s3.ap-south-1.amazonaws.com/crdhs/private/2024/9/23/recording7660369683862657932.mp3,ssGkSnx2pOF3PK9kVroMKg
https://crworkspace.s3.ap-south-1.amazonaws.com/crdhs/private/2024/11/6/recording.mp3,--HarojsWojLTjUTow1RHA
https://crworkspace.s3.ap-south-1.amazonaws.com/crdhs/private/2024/11/6/recording.mp3,--HarojsWojLTjUTow1RHA
https://crworkspace.s3.ap-south-1.amazonaws.com/crdhs/private/2024/10/7/recording16335708929158824764.mp3,wz6grJbu3CcDbVOe4CIlTw
https://crworkspace.s3.ap-south-1.amazonaws.com/crdhs/private/2024/9/27/recording5431513206339161222.mp3,sBdd00uM1psZo_ZpRvh3Nw
https://crworkspace.s3.ap-south-1.amazonaws.com/crdhs/private/2024/11/6/recording.mp3,--HarojsWojLTjUTow1RHA
https://crworkspace.s3.ap-south-1.amazonaws.com/crdhs/private/2024/9/24/recording14691947824578731712.mp3,mXC4wjvpuegXsLeZox_nEg
https://crworkspace.s3.ap-south-1.amazonaws.com/crdhs/private/2024/10/3/recording15966922781470156291.mp3,F5bnfqoK464Cy8Fg0IHD_g
https://crworkspace.s3.ap-south-1.amazonaws.com/crdhs/private/2024/11/6/recording.mp3,--HarojsWojLTjUTow1RHA
https://crworkspace.s3.ap-south-1.amazonaws.com/crdhs/private/2024/11/6/recording.mp3,--HarojsWojLTjUTow1RHA
https://crworkspace.s3.ap-south-1.amazonaws.com/crdhs/private/2024/9/27/recording17293016813616206001.mp3,YgdL1dXqJyzk3OcnCLPouQ
https://crworkspace.s3.ap-south-1.amazonaws.com/crdhs/private/2024/11/6/recording.mp3,--HarojsWojLTjUTow1RHA
https://crworkspace.s3.ap-south-1.amazonaws.com/crdhs/private/2024/9/24/recording9451686781412957441.mp3,FjOBKza0t2EZvbTvE8BXmg
https://crworkspace.s3.ap-south-1.amazonaws.com/crdhs/private/2024/11/6/recording.mp3,--HarojsWojLTjUTow1RHA
https://crworkspace.s3.ap-south-1.amazonaws.com/crdhs/private/2024/9/24/recording15629342672430047771.mp3,edxsbWn9ION-t8IhwAU2iA
https://crworkspace.s3.ap-south-1.amazonaws.com/crdhs/private/2024/9/23/recording14918938509511915734.mp3,j3XPqCe7fLNN6ptNt4EVMw
https://crworkspace.s3.ap-south-1.amazonaws.com/crdhs/private/2024/9/26/recording12786614565336311825.mp3,SLQwNfb6XBEMrKSLZ_effQ
https://crworkspace.s3.ap-south-1.amazonaws.com/crdhs/private/2024/9/25/recording15398473175841953809.mp3,NxN32gwV8QffjYUFq_huIA
https://crworkspace.s3.ap-south-1.amazonaws.com/crdhs/private/2024/9/23/recording14195889712852416999.mp3,OxcQcutZcSFTZInnKlvjXg
https://crworkspace.s3.ap-south-1.amazonaws.com/crdhs/private/2024/11/6/recording.mp3,--HarojsWojLTjUTow1RHA
https://crworkspace.s3.ap-south-1.amazonaws.com/crdhs/private/2024/9/20/recording14093606322069807910.mp3,LTbHkRedpFiRaicUW89wqQ
https://crworkspace.s3.ap-south-1.amazonaws.com/crdhs/private/2024/11/21/recording.mp3,--CsMlwV1w_m0om101_Z1w
https://crworkspace.s3.ap-south-1.amazonaws.com/crdhs/private/2024/9/27/recording1503702451837967913.mp3,q4WIxHJIy8nexFJFTorNgg
https://crworkspace.s3.ap-south-1.amazonaws.com/crdhs/private/2024/9/25/recording13611848289394428941.mp3,phHH3kXLYxHTyoD9YkWmAg
https://crworkspace.s3.ap-south-1.amazonaws.com/crdhs/private/2024/9/27/recording2761368663169676031.mp3,LNbAX9xeQjXeqjtCkY1Xng
https://crworkspace.s3.ap-south-1.amazonaws.com/crdhs/private/2024/9/25/recording7619180842749807506.mp3,00rCoKRfNH6nJLgt7t3uBQ
https://crworkspace.s3.ap-south-1.amazonaws.com/crdhs/private/2024/11/26/recording.mp3,-8AhiNg6tiGz8N7jiEqUFA
https://crworkspace.s3.ap-south-1.amazonaws.com/crdhs/private/2024/11/6/recording.mp3,--HarojsWojLTjUTow1RHA
https://crworkspace.s3.ap-south-1.amazonaws.com/crdhs/private/2024/9/26/recording17729860483784008915.mp3,ixUA2-UEb-7iABuMNmJgJg
https://crworkspace.s3.ap-south-1.amazonaws.com/crdhs/private/2024/9/23/recording7671639285450531144.mp3,SmzajxOPdgrxl3GFGKeYvw
https://crworkspace.s3.ap-south-1.amazonaws.com/crdhs/private/2024/9/20/recording454227479298515500.mp3,abXGLy-xudBMbySWIYPgjQ
https://crworkspace.s3.ap-south-1.amazonaws.com/crdhs/private/2024/9/23/recording12774545014075858006.mp3,Q_8cKJtjD2nbgJDDWT70UA
https://crworkspace.s3.ap-south-1.amazonaws.com/crdhs/private/2024/9/23/recording3581867617941697726.mp3,XIGxRwxl8kqF-PzMhmno7A
https://crworkspace.s3.ap-south-1.amazonaws.com/crdhs/private/2024/11/26/recording.mp3,-8AhiNg6tiGz8N7jiEqUFA
https://crworkspace.s3.ap-south-1.amazonaws.com/crdhs/private/2024/9/24/recording11255244449471152423.mp3,A5lPQNtswqjjzCMkAhRbfw
https://crworkspace.s3.ap-south-1.amazonaws.com/crdhs/private/2024/10/6/recording13868042312741600637.mp3,pAgzwQU47m8uhAhmbGj0CA
https://crworkspace.s3.ap-south-1.amazonaws.com/crdhs/private/2024/9/26/recording7060210698988297486.mp3,ysdbBkidLSbc2FnNV6r0VQ
https://crworkspace.s3.ap-south-1.amazonaws.com/crdhs/private/2024/9/23/recording6777695985065682975.mp3,YTkAVR_3sCHqwMvTo9Ah3Q
https://crworkspace.s3.ap-south-1.amazonaws.com/crdhs/private/2024/9/23/recording15586177375341450835.mp3,eWTBTc8RN10fA-z1GUo5LA
https://crworkspace.s3.ap-south-1.amazonaws.com/crdhs/private/2024/9/27/recording17002324755847408614.mp3,yUJ8uPp1o6hgbuCoYAeNlA
https://crworkspace.s3.ap-south-1.amazonaws.com/crdhs/private/2024/11/6/recording.mp3,--HarojsWojLTjUTow1RHA
https://crworkspace.s3.ap-south-1.amazonaws.com/crdhs/private/2024/9/27/recording1454180063181765637.mp3,1ictRj57bU1QCa8BtbQfOA
https://crworkspace.s3.ap-south-1.amazonaws.com/crdhs/private/2024/10/6/recording8340817998388032001.mp3,4pLsZqMdDfu3wlJ1fJTQig
https://crworkspace.s3.ap-south-1.amazonaws.com/crdhs/private/2024/11/6/recording.mp3,--HarojsWojLTjUTow1RHA
https://crworkspace.s3.ap-south-1.amazonaws.com/crdhs/private/2024/11/6/recording.mp3,--HarojsWojLTjUTow1RHA
https://crworkspace.s3.ap-south-1.amazonaws.com/crdhs/private/2024/11/6/recording.mp3,--HarojsWojLTjUTow1RHA
https://crworkspace.s3.ap-south-1.amazonaws.com/crdhs/private/2024/9/26/recording8664118119844026394.mp3,KVcMXzVPdSrdQyPPM1h6LA
https://crworkspace.s3.ap-south-1.amazonaws.com/crdhs/private/2024/9/27/recording12103182603305557571.mp3,g7Uqqr3pp9oPAkgkV0ih5g
https://crworkspace.s3.ap-south-1.amazonaws.com/crdhs/private/2024/11/26/recording.mp3,-8AhiNg6tiGz8N7jiEqUFA
https://crworkspace.s3.ap-south-1.amazonaws.com/crdhs/private/2024/9/26/recording15509838283476423476.mp3,m9Ry4y0kVa0rEtazMepLSA
https://crworkspace.s3.ap-south-1.amazonaws.com/crdhs/private/2024/11/21/recording.mp3,--CsMlwV1w_m0om101_Z1w
https://crworkspace.s3.ap-south-1.amazonaws.com/crdhs/private/2024/9/24/recording15866128600266620044.mp3,7MgMo_QXPp4izNPGYFUrCg
https://crworkspace.s3.ap-south-1.amazonaws.com/crdhs/private/2024/11/6/recording.mp3,--HarojsWojLTjUTow1RHA
https://crworkspace.s3.ap-south-1.amazonaws.com/crdhs/private/2024/11/21/recording.mp3,--CsMlwV1w_m0om101_Z1w
https://crworkspace.s3.ap-south-1.amazonaws.com/crdhs/private/2024/11/21/recording.mp3,--CsMlwV1w_m0om101_Z1w
https://crworkspace.s3.ap-south-1.amazonaws.com/crdhs/private/2024/9/27/recording3792331010452089234.mp3,oCvESjD0xf-oZFxqdCoIkg
https://crworkspace.s3.ap-south-1.amazonaws.com/crdhs/private/2024/11/6/recording.mp3,--HarojsWojLTjUTow1RHA
https://crworkspace.s3.ap-south-1.amazonaws.com/crdhs/private/2024/11/6/recording.mp3,--HarojsWojLTjUTow1RHA
https://crworkspace.s3.ap-south-1.amazonaws.com/crdhs/private/2024/11/21/recording.mp3,--CsMlwV1w_m0om101_Z1w
https://crworkspace.s3.ap-south-1.amazonaws.com/crdhs/private/2024/11/6/recording.mp3,--HarojsWojLTjUTow1RHA
https://crworkspace.s3.ap-south-1.amazonaws.com/crdhs/private/2024/10/7/recording14401148580402632726.mp3,SCiF9EikmOE3XaeHM4xLUQ
https://crworkspace.s3.ap-south-1.amazonaws.com/crdhs/private/2024/11/6/recording.mp3,--HarojsWojLTjUTow1RHA
https://crworkspace.s3.ap-south-1.amazonaws.com/crdhs/private/2024/9/25/recording18364335138439329441.mp3,-OrbfFo0OTHg7ObhFbU2jw
https://crworkspace.s3.ap-south-1.amazonaws.com/crdhs/private/2024/10/6/recording17774012195782607860.mp3,3adGiKnyxarG7Dt4s1-XVg
https://crworkspace.s3.ap-south-1.amazonaws.com/crdhs/private/2024/10/6/recording12371725769228459848.mp3,oHCywiwoPXbolBSYE_AMxQ
https://crworkspace.s3.ap-south-1.amazonaws.com/crdhs/private/2024/11/21/recording.mp3,--CsMlwV1w_m0om101_Z1w
https://crworkspace.s3.ap-south-1.amazonaws.com/crdhs/private/2024/11/6/recording.mp3,--HarojsWojLTjUTow1RHA
https://crworkspace.s3.ap-south-1.amazonaws.com/crdhs/private/2024/11/6/recording.mp3,--HarojsWojLTjUTow1RHA
https://crworkspace.s3.ap-south-1.amazonaws.com/crdhs/private/2024/11/6/recording.mp3,--HarojsWojLTjUTow1RHA
https://crworkspace.s3.ap-south-1.amazonaws.com/crdhs/private/2024/12/26/recording.mp3,-6BgZm0BN_-bD11uZkFMRA
https://crworkspace.s3.ap-south-1.amazonaws.com/crdhs/private/2024/10/6/recording460351715114891871.mp3,mDdodBeJVlhcENApQyc22w
https://crworkspace.s3.ap-south-1.amazonaws.com/crdhs/private/2024/10/6/recording9181758407085563656.mp3,3kHanwdUoNy-HrFmEG37Fg
https://crworkspace.s3.ap-south-1.amazonaws.com/crdhs/private/2024/9/28/recording13606444337793583764.mp3,lQE9Al1g5dfMEK0RXh7VXA
https://crworkspace.s3.ap-south-1.amazonaws.com/crdhs/private/2024/11/21/recording.mp3,--CsMlwV1w_m0om101_Z1w
https://crworkspace.s3.ap-south-1.amazonaws.com/crdhs/private/2024/11/6/recording.mp3,--HarojsWojLTjUTow1RHA
https://crworkspace.s3.ap-south-1.amazonaws.com/crdhs/private/2024/11/6/recording.mp3,--HarojsWojLTjUTow1RHA
https://crworkspace.s3.ap-south-1.amazonaws.com/crdhs/private/2024/11/21/recording.mp3,--CsMlwV1w_m0om101_Z1w
https://crworkspace.s3.ap-south-1.amazonaws.com/crdhs/private/2024/11/6/recording.mp3,--HarojsWojLTjUTow1RHA
https://crworkspace.s3.ap-south-1.amazonaws.com/crdhs/private/2024/9/23/recording1278307983365316055.mp3,zgEUYEE0SIBx52vewb4Q8Q
https://crworkspace.s3.ap-south-1.amazonaws.com/crdhs/private/2024/11/21/recording.mp3,--CsMlwV1w_m0om101_Z1w
https://crworkspace.s3.ap-south-1.amazonaws.com/crdhs/private/2024/11/26/recording.mp3,-8AhiNg6tiGz8N7jiEqUFA
https://crworkspace.s3.ap-south-1.amazonaws.com/crdhs/private/2024/9/23/recording427740880479939762.mp3,eO2evly1yUDEpwMMK8cnsw
https://crworkspace.s3.ap-south-1.amazonaws.com/crdhs/private/2024/11/6/recording.mp3,--HarojsWojLTjUTow1RHA
https://crworkspace.s3.ap-south-1.amazonaws.com/crdhs/private/2024/9/27/recording16251184380004297156.mp3,0uxzB7LBH1vyULoMy-nyWw
https://crworkspace.s3.ap-south-1.amazonaws.com/crdhs/private/2024/9/23/recording7877586576155687186.mp3,Tt9FmPQjRihTU14LI1VaIA
https://crworkspace.s3.ap-south-1.amazonaws.com/crdhs/private/2024/11/21/recording.mp3,--CsMlwV1w_m0om101_Z1w
https://crworkspace.s3.ap-south-1.amazonaws.com/crdhs/private/2024/11/6/recording.mp3,--HarojsWojLTjUTow1RHA
https://crworkspace.s3.ap-south-1.amazonaws.com/crdhs/private/2024/11/6/recording.mp3,--HarojsWojLTjUTow1RHA
https://crworkspace.s3.ap-south-1.amazonaws.com/crdhs/private/2024/11/21/recording.mp3,--CsMlwV1w_m0om101_Z1w
https://crworkspace.s3.ap-south-1.amazonaws.com/crdhs/private/2024/11/21/recording.mp3,--CsMlwV1w_m0om101_Z1w
https://crworkspace.s3.ap-south-1.amazonaws.com/crdhs/private/2024/9/26/recording5716916627900236656.mp3,OhsTv3N9BU_QKIju2XM9_g
https://crworkspace.s3.ap-south-1.amazonaws.com/crdhs/private/2024/9/27/recording10393505235446343138.mp3,yzMF8DlU8LCPgydq46JdvQ
https://crworkspace.s3.ap-south-1.amazonaws.com/crdhs/private/2024/9/23/recording1570398567395067105.mp3,HPGuCg1wTL0p9CzxIABQRg
https://crworkspace.s3.ap-south-1.amazonaws.com/crdhs/private/2024/11/6/recording.mp3,--HarojsWojLTjUTow1RHA
https://crworkspace.s3.ap-south-1.amazonaws.com/crdhs/private/2024/9/23/recording13855869580187935742.mp3,D3z-dTIxlz48lrZ0-sXbWw
https://crworkspace.s3.ap-south-1.amazonaws.com/crdhs/private/2024/11/26/recording.mp3,-8AhiNg6tiGz8N7jiEqUFA
https://crworkspace.s3.ap-south-1.amazonaws.com/crdhs/private/2024/11/21/recording.mp3,--CsMlwV1w_m0om101_Z1w
https://crworkspace.s3.ap-south-1.amazonaws.com/crdhs/private/2024/9/28/recording2738687514202149172.mp3,7vYGYT9BmiebkuOoQvfmaw
https://crworkspace.s3.ap-south-1.amazonaws.com/crdhs/private/2024/11/26/recording.mp3,-8AhiNg6tiGz8N7jiEqUFA
https://crworkspace.s3.ap-south-1.amazonaws.com/crdhs/private/2024/11/21/recording.mp3,--CsMlwV1w_m0om101_Z1w
https://crworkspace.s3.ap-south-1.amazonaws.com/crdhs/private/2024/9/23/recording14622127275775937295.mp3,7yur7Uw1CNO51qaZxdaSFw
https://crworkspace.s3.ap-south-1.amazonaws.com/crdhs/private/2024/10/7/recording10184271464898778490.mp3,7-wAslnpnuOJRfqiNo0lig
https://crworkspace.s3.ap-south-1.amazonaws.com/crdhs/private/2024/9/23/recording7364985290312009356.mp3,F2fl6cyGZvWBUybVCBS3CA
https://crworkspace.s3.ap-south-1.amazonaws.com/crdhs/private/2024/9/23/recording8680876009064560364.mp3,zDb_lYSp9u_OccH4MMtUEA
https://crworkspace.s3.ap-south-1.amazonaws.com/crdhs/private/2024/11/6/recording.mp3,--HarojsWojLTjUTow1RHA
https://crworkspace.s3.ap-south-1.amazonaws.com/crdhs/private/2024/11/6/recording.mp3,--HarojsWojLTjUTow1RHA
https://crworkspace.s3.ap-south-1.amazonaws.com/crdhs/private/2024/10/7/recording8382389655653390983.mp3,iE8WDYSRVp9CDv9_bsQxwA
https://crworkspace.s3.ap-south-1.amazonaws.com/crdhs/private/2024/11/6/recording.mp3,--HarojsWojLTjUTow1RHA
https://crworkspace.s3.ap-south-1.amazonaws.com/crdhs/private/2024/10/6/recording777765247834337256.mp3,1K4s_QS6lRIJiHm_LxIXsg
https://crworkspace.s3.ap-south-1.amazonaws.com/crdhs/private/2024/11/6/recording.mp3,--HarojsWojLTjUTow1RHA
https://crworkspace.s3.ap-south-1.amazonaws.com/crdhs/private/2024/11/6/recording.mp3,--HarojsWojLTjUTow1RHA
https://crworkspace.s3.ap-south-1.amazonaws.com/crdhs/private/2024/11/26/recording.mp3,-8AhiNg6tiGz8N7jiEqUFA
https://crworkspace.s3.ap-south-1.amazonaws.com/crdhs/private/2024/10/7/recording7492449326103519320.mp3,PIZIiYUNrm8UVcf_PeAiEw
https://crworkspace.s3.ap-south-1.amazonaws.com/crdhs/private/2024/11/6/recording.mp3,--HarojsWojLTjUTow1RHA
https://crworkspace.s3.ap-south-1.amazonaws.com/crdhs/private/2024/11/6/recording.mp3,--HarojsWojLTjUTow1RHA
https://crworkspace.s3.ap-south-1.amazonaws.com/crdhs/private/2024/9/23/recording17625928745265180251.mp3,2MjbDakBkWPpEjhQlitPQA
https://crworkspace.s3.ap-south-1.amazonaws.com/crdhs/private/2024/11/26/recording.mp3,-8AhiNg6tiGz8N7jiEqUFA
https://crworkspace.s3.ap-south-1.amazonaws.com/crdhs/private/2024/9/26/recording15124149384328532177.mp3,UlLaIMtMsiaozl5kqXXv8Q
https://crworkspace.s3.ap-south-1.amazonaws.com/crdhs/private/2024/11/6/recording.mp3,--HarojsWojLTjUTow1RHA
https://crworkspace.s3.ap-south-1.amazonaws.com/crdhs/private/2024/11/21/recording.mp3,--CsMlwV1w_m0om101_Z1w
https://crworkspace.s3.ap-south-1.amazonaws.com/crdhs/private/2024/9/23/recording14610554443157552409.mp3,PdGhr3DrBoVCbvMxfNMd3w
https://crworkspace.s3.ap-south-1.amazonaws.com/crdhs/private/2024/9/23/recording7909328608157049058.mp3,nff8ocar6Ni293V4vakS2Q
https://crworkspace.s3.ap-south-1.amazonaws.com/crdhs/private/2024/11/21/recording.mp3,--CsMlwV1w_m0om101_Z1w
https://crworkspace.s3.ap-south-1.amazonaws.com/crdhs/private/2024/11/6/recording.mp3,--HarojsWojLTjUTow1RHA
https://crworkspace.s3.ap-south-1.amazonaws.com/crdhs/private/2024/9/23/recording2201879040396882610.mp3,N0sXQjAv9YHaRFinO4hRiA
https://crworkspace.s3.ap-south-1.amazonaws.com/crdhs/private/2024/11/21/recording.mp3,--CsMlwV1w_m0om101_Z1w
https://crworkspace.s3.ap-south-1.amazonaws.com/crdhs/private/2024/11/6/recording.mp3,--HarojsWojLTjUTow1RHA
https://crworkspace.s3.ap-south-1.amazonaws.com/crdhs/private/2024/11/26/recording.mp3,-8AhiNg6tiGz8N7jiEqUFA
https://crworkspace.s3.ap-south-1.amazonaws.com/crdhs/private/2024/11/26/recording.mp3,-8AhiNg6tiGz8N7jiEqUFA
https://crworkspace.s3.ap-south-1.amazonaws.com/crdhs/private/2024/9/27/recording18102633651029462465.mp3,trwpVnYAABYCDAfjXMXidA
https://crworkspace.s3.ap-south-1.amazonaws.com/crdhs/private/2024/9/23/recording5417842960475504383.mp3,h27bKAowsGMVqiVrkmu5vw
https://crworkspace.s3.ap-south-1.amazonaws.com/crdhs/private/2024/11/6/recording.mp3,--HarojsWojLTjUTow1RHA
https://crworkspace.s3.ap-south-1.amazonaws.com/crdhs/private/2024/11/26/recording.mp3,-8AhiNg6tiGz8N7jiEqUFA
https://crworkspace.s3.ap-south-1.amazonaws.com/crdhs/private/2024/11/26/recording.mp3,-8AhiNg6tiGz8N7jiEqUFA
https://crworkspace.s3.ap-south-1.amazonaws.com/crdhs/private/2024/11/26/recording.mp3,-8AhiNg6tiGz8N7jiEqUFA
https://crworkspace.s3.ap-south-1.amazonaws.com/crdhs/private/2024/11/26/recording.mp3,-8AhiNg6tiGz8N7jiEqUFA
https://crworkspace.s3.ap-south-1.amazonaws.com/crdhs/private/2024/10/7/recording3484854673859291718.mp3,vowJP_mqI0QudNUXTjl8Fw
https://crworkspace.s3.ap-south-1.amazonaws.com/crdhs/private/2024/9/23/recording4387779390464541001.mp3,vFJ-k1fWnD3LP-r9s0etNw
https://crworkspace.s3.ap-south-1.amazonaws.com/crdhs/private/2024/10/7/recording94945468627339421.mp3,bGbWc3BAaUjAFefYRsNI5g
https://crworkspace.s3.ap-south-1.amazonaws.com/crdhs/private/2024/11/26/recording.mp3,-8AhiNg6tiGz8N7jiEqUFA
https://crworkspace.s3.ap-south-1.amazonaws.com/crdhs/private/2024/11/26/recording.mp3,-8AhiNg6tiGz8N7jiEqUFA
https://crworkspace.s3.ap-south-1.amazonaws.com/crdhs/private/2024/11/21/recording.mp3,--CsMlwV1w_m0om101_Z1w
https://crworkspace.s3.ap-south-1.amazonaws.com/crdhs/private/2024/11/26/recording.mp3,-8AhiNg6tiGz8N7jiEqUFA
https://crworkspace.s3.ap-south-1.amazonaws.com/crdhs/private/2024/11/26/recording.mp3,-8AhiNg6tiGz8N7jiEqUFA
https://crworkspace.s3.ap-south-1.amazonaws.com/crdhs/private/2024/11/26/recording.mp3,-8AhiNg6tiGz8N7jiEqUFA
https://crworkspace.s3.ap-south-1.amazonaws.com/crdhs/private/2024/11/21/recording.mp3,--CsMlwV1w_m0om101_Z1w
https://crworkspace.s3.ap-south-1.amazonaws.com/crdhs/private/2024/10/6/recording4277500031048105078.mp3,U8Yb8i8tD9EDLj1S1QIPlw
https://crworkspace.s3.ap-south-1.amazonaws.com/crdhs/private/2024/11/26/recording.mp3,-8AhiNg6tiGz8N7jiEqUFA
https://crworkspace.s3.ap-south-1.amazonaws.com/crdhs/private/2024/11/6/recording.mp3,--HarojsWojLTjUTow1RHA
https://crworkspace.s3.ap-south-1.amazonaws.com/crdhs/private/2024/9/26/recording7209631312557509000.mp3,-lVk5Na7RnMGRE4XBgSC5A
https://crworkspace.s3.ap-south-1.amazonaws.com/crdhs/private/2024/11/26/recording.mp3,-8AhiNg6tiGz8N7jiEqUFA
https://crworkspace.s3.ap-south-1.amazonaws.com/crdhs/private/2024/9/24/recording13873168826461553970.mp3,THOSjdRu9eVgg6pJ8J61pQ
https://crworkspace.s3.ap-south-1.amazonaws.com/crdhs/private/2024/11/26/recording.mp3,-8AhiNg6tiGz8N7jiEqUFA
https://crworkspace.s3.ap-south-1.amazonaws.com/crdhs/private/2024/9/26/recording10977957203701274749.mp3,_ISTs1TCVXuU2FeC3qSZpg
https://crworkspace.s3.ap-south-1.amazonaws.com/crdhs/private/2024/11/26/recording.mp3,-8AhiNg6tiGz8N7jiEqUFA
https://crworkspace.s3.ap-south-1.amazonaws.com/crdhs/private/2024/11/6/recording.mp3,--HarojsWojLTjUTow1RHA
https://crworkspace.s3.ap-south-1.amazonaws.com/crdhs/private/2024/10/7/recording4589360837867982953.mp3,qiWR1ubLAt7pA4mtKLGFtA
https://crworkspace.s3.ap-south-1.amazonaws.com/crdhs/private/2024/11/6/recording.mp3,--HarojsWojLTjUTow1RHA
https://crworkspace.s3.ap-south-1.amazonaws.com/crdhs/private/2024/11/6/recording.mp3,--HarojsWojLTjUTow1RHA
https://crworkspace.s3.ap-south-1.amazonaws.com/crdhs/private/2024/11/6/recording.mp3,--HarojsWojLTjUTow1RHA
https://crworkspace.s3.ap-south-1.amazonaws.com/crdhs/private/2024/9/27/recording8242703802307438289.mp3,Mh3q64qjXpy__-MDMJow8Q
https://crworkspace.s3.ap-south-1.amazonaws.com/crdhs/private/2024/9/23/recording6105435846879710578.mp3,NZ-iJP7YoGmvMKqq1z-VmQ
https://crworkspace.s3.ap-south-1.amazonaws.com/crdhs/private/2024/9/25/recording2234337286737667611.mp3,ayVPgFcJVYt5V5D454CLhA
https://crworkspace.s3.ap-south-1.amazonaws.com/crdhs/private/2024/11/21/recording.mp3,--CsMlwV1w_m0om101_Z1w
https://crworkspace.s3.ap-south-1.amazonaws.com/crdhs/private/2024/9/23/recording2818988519478489844.mp3,R_lLS2QxCbIyvnsXtUI1Kw
https://crworkspace.s3.ap-south-1.amazonaws.com/crdhs/private/2024/11/26/recording.mp3,-8AhiNg6tiGz8N7jiEqUFA
https://crworkspace.s3.ap-south-1.amazonaws.com/crdhs/private/2024/11/26/recording.mp3,-8AhiNg6tiGz8N7jiEqUFA
https://crworkspace.s3.ap-south-1.amazonaws.com/crdhs/private/2024/11/21/recording.mp3,--CsMlwV1w_m0om101_Z1w
https://crworkspace.s3.ap-south-1.amazonaws.com/crdhs/private/2024/11/6/recording.mp3,--HarojsWojLTjUTow1RHA
https://crworkspace.s3.ap-south-1.amazonaws.com/crdhs/private/2024/11/26/recording.mp3,-8AhiNg6tiGz8N7jiEqUFA
https://crworkspace.s3.ap-south-1.amazonaws.com/crdhs/private/2024/10/6/recording16796807280506261172.mp3,mjOE1rYAhxNyi9M-8rRmYw
https://crworkspace.s3.ap-south-1.amazonaws.com/crdhs/private/2024/11/26/recording.mp3,-8AhiNg6tiGz8N7jiEqUFA
https://crworkspace.s3.ap-south-1.amazonaws.com/crdhs/private/2024/9/23/recording17796785043248657471.mp3,SY1e2qOKGWnYHO8QNW0FWQ
https://crworkspace.s3.ap-south-1.amazonaws.com/crdhs/private/2024/11/26/recording.mp3,-8AhiNg6tiGz8N7jiEqUFA
https://crworkspace.s3.ap-south-1.amazonaws.com/crdhs/private/2024/11/6/recording.mp3,--HarojsWojLTjUTow1RHA
https://crworkspace.s3.ap-south-1.amazonaws.com/crdhs/private/2024/11/21/recording.mp3,--CsMlwV1w_m0om101_Z1w
https://crworkspace.s3.ap-south-1.amazonaws.com/crdhs/private/2024/10/6/recording9918098596588579000.mp3,7-OeH5xOP7Tbh1yK4I4JuQ
https://crworkspace.s3.ap-south-1.amazonaws.com/crdhs/private/2024/9/26/recording6978591370619767128.mp3,jVWbyiGyi-G96nT4CE1Ucg
https://crworkspace.s3.ap-south-1.amazonaws.com/crdhs/private/2024/11/6/recording.mp3,--HarojsWojLTjUTow1RHA
https://crworkspace.s3.ap-south-1.amazonaws.com/crdhs/private/2024/10/6/recording969487223866435158.mp3,tQ2ugrJx9pfU2fk8YaBJ9g
https://crworkspace.s3.ap-south-1.amazonaws.com/crdhs/private/2024/9/24/recording200504225439297685.mp3,KLMl7wWU1q0so6DzApkHgQ
https://crworkspace.s3.ap-south-1.amazonaws.com/crdhs/private/2024/11/6/recording.mp3,--HarojsWojLTjUTow1RHA
https://crworkspace.s3.ap-south-1.amazonaws.com/crdhs/private/2024/9/26/recording1992629014304891192.mp3,id_12V4aZmDNO_f-pYbvpw
https://crworkspace.s3.ap-south-1.amazonaws.com/crdhs/private/2024/11/26/recording.mp3,-8AhiNg6tiGz8N7jiEqUFA
https://crworkspace.s3.ap-south-1.amazonaws.com/crdhs/private/2024/9/27/recording16509706379060164358.mp3,eubel808h5MULVijV-KyFw
https://crworkspace.s3.ap-south-1.amazonaws.com/crdhs/private/2024/9/26/recording11686279564407372328.mp3,RAvTyDm0ILcRfZgk2gFgpg
https://crworkspace.s3.ap-south-1.amazonaws.com/crdhs/private/2024/11/26/recording.mp3,-8AhiNg6tiGz8N7jiEqUFA
https://crworkspace.s3.ap-south-1.amazonaws.com/crdhs/private/2024/11/26/recording.mp3,-8AhiNg6tiGz8N7jiEqUFA
https://crworkspace.s3.ap-south-1.amazonaws.com/crdhs/private/2024/9/23/recording14498903417568077773.mp3,a4R-onbO0bWDIS6Lc5BKCQ
https://crworkspace.s3.ap-south-1.amazonaws.com/crdhs/private/2024/11/6/recording.mp3,--HarojsWojLTjUTow1RHA
https://crworkspace.s3.ap-south-1.amazonaws.com/crdhs/private/2024/11/6/recording.mp3,--HarojsWojLTjUTow1RHA
https://crworkspace.s3.ap-south-1.amazonaws.com/crdhs/private/2024/10/6/recording10068826147627306449.mp3,p28wfgNm5HuKSzRZ8a1qvA
https://crworkspace.s3.ap-south-1.amazonaws.com/crdhs/private/2024/11/21/recording.mp3,--CsMlwV1w_m0om101_Z1w
https://crworkspace.s3.ap-south-1.amazonaws.com/crdhs/private/2024/10/6/recording13768710222331673169.mp3,kPTsYt8c20iDnXeOydfZHA
https://crworkspace.s3.ap-south-1.amazonaws.com/crdhs/private/2024/11/6/recording.mp3,--HarojsWojLTjUTow1RHA
https://crworkspace.s3.ap-south-1.amazonaws.com/crdhs/private/2024/10/6/recording9020193037549671209.mp3,jgIQPVe_knCiS-C6K0UFAw
https://crworkspace.s3.ap-south-1.amazonaws.com/crdhs/private/2024/11/6/recording.mp3,--HarojsWojLTjUTow1RHA
https://crworkspace.s3.ap-south-1.amazonaws.com/crdhs/private/2024/9/23/recording11101521535544481403.mp3,L0hpe6rZ1PzpYjIM8sk7lg
https://crworkspace.s3.ap-south-1.amazonaws.com/crdhs/private/2024/9/23/recording7063547809081219787.mp3,jketODNRvb2GIg2KDB3OzQ
https://crworkspace.s3.ap-south-1.amazonaws.com/crdhs/private/2024/11/6/recording.mp3,--HarojsWojLTjUTow1RHA
https://crworkspace.s3.ap-south-1.amazonaws.com/crdhs/private/2024/9/23/recording752537404923614978.mp3,X36SwzKcFiCbF84Po7n_PA
https://crworkspace.s3.ap-south-1.amazonaws.com/crdhs/private/2024/9/23/recording3746708247017586852.mp3,UTd2v_Ud09AWSCnWt3Gh2g
https://crworkspace.s3.ap-south-1.amazonaws.com/crdhs/private/2024/10/2/recording14184285493927798926.mp3,Qr_k1xMcjRueyZwoA55VGw
https://crworkspace.s3.ap-south-1.amazonaws.com/crdhs/private/2024/12/8/recording.mp3,-1XRc32W8XtdNezq7w2NZg
https://crworkspace.s3.ap-south-1.amazonaws.com/crdhs/private/2024/11/26/recording.mp3,-8AhiNg6tiGz8N7jiEqUFA
https://crworkspace.s3.ap-south-1.amazonaws.com/crdhs/private/2024/11/6/recording.mp3,--HarojsWojLTjUTow1RHA
https://crworkspace.s3.ap-south-1.amazonaws.com/crdhs/private/2024/9/23/recording14026719396723085452.mp3,HrXQRaptwyNqgXXULjOSQQ
https://crworkspace.s3.ap-south-1.amazonaws.com/crdhs/private/2024/10/6/recording9269323909160136140.mp3,d_Uryw1JHzHdLgMYr8k4CQ
https://crworkspace.s3.ap-south-1.amazonaws.com/crdhs/private/2024/11/6/recording.mp3,--HarojsWojLTjUTow1RHA
https://crworkspace.s3.ap-south-1.amazonaws.com/crdhs/private/2024/9/23/recording16281301653286431817.mp3,dGuXNYIQV1XeMW2monaYvQ
https://crworkspace.s3.ap-south-1.amazonaws.com/crdhs/private/2024/11/6/recording.mp3,--HarojsWojLTjUTow1RHA
https://crworkspace.s3.ap-south-1.amazonaws.com/crdhs/private/2024/9/23/recording8152895701939857682.mp3,gRF7edcS2DcVXuAmuzotuw
https://crworkspace.s3.ap-south-1.amazonaws.com/crdhs/private/2024/10/6/recording12339530420939442127.mp3,MCbj1xDOmmU2E0JfSRrsfw
https://crworkspace.s3.ap-south-1.amazonaws.com/crdhs/private/2024/10/6/recording9051363220919871389.mp3,XryaZR0ao90gcZSvnGdy9w
https://crworkspace.s3.ap-south-1.amazonaws.com/crdhs/private/2024/11/6/recording.mp3,--HarojsWojLTjUTow1RHA
https://crworkspace.s3.ap-south-1.amazonaws.com/crdhs/private/2024/10/7/recording8688972152707494750.mp3,sIwi1NMN8qY2T2zPZTdtPA
https://crworkspace.s3.ap-south-1.amazonaws.com/crdhs/private/2024/11/26/recording.mp3,-8AhiNg6tiGz8N7jiEqUFA
https://crworkspace.s3.ap-south-1.amazonaws.com/crdhs/private/2024/9/23/recording15368374095986227464.mp3,vY0TPw77oSCp58MS2ry-ug
https://crworkspace.s3.ap-south-1.amazonaws.com/crdhs/private/2024/10/6/recording989962805175736661.mp3,A7gF2CUMx8rjspGh8f5RyQ
https://crworkspace.s3.ap-south-1.amazonaws.com/crdhs/private/2024/9/21/recording4059628783901332137.mp3,yx6xRm6WM6zUP9jjXluwbw
https://crworkspace.s3.ap-south-1.amazonaws.com/crdhs/private/2024/9/23/recording17103881779133596781.mp3,DJgx3tQ1fVSvygB4SL-QAw
https://crworkspace.s3.ap-south-1.amazonaws.com/crdhs/private/2024/9/23/recording6182805644406819400.mp3,mXedl9KgZ5PIigaF6Z0c9A
https://crworkspace.s3.ap-south-1.amazonaws.com/crdhs/private/2024/9/21/recording2161278367445168220.mp3,CjhiVlD2GtM8bak-n-mhQQ
https://crworkspace.s3.ap-south-1.amazonaws.com/crdhs/private/2024/9/23/recording15082502904849169402.mp3,Kefw82-qVTpTPTxw_NkMCg
https://crworkspace.s3.ap-south-1.amazonaws.com/crdhs/private/2024/9/24/recording14444078231013464648.mp3,0Uw5XQJmgdgZxu5Gslarow
https://crworkspace.s3.ap-south-1.amazonaws.com/crdhs/private/2024/9/21/recording8944939574713871740.mp3,DINvJ5wP_LXkLn_tZyv_AA
https://crworkspace.s3.ap-south-1.amazonaws.com/crdhs/private/2024/11/26/recording.mp3,-8AhiNg6tiGz8N7jiEqUFA
https://crworkspace.s3.ap-south-1.amazonaws.com/crdhs/private/2024/11/26/recording.mp3,-8AhiNg6tiGz8N7jiEqUFA
https://crworkspace.s3.ap-south-1.amazonaws.com/crdhs/private/2024/9/23/recording11800352881944146404.mp3,K4mWZ4tmrc4NIe2t1hGd-w
https://crworkspace.s3.ap-south-1.amazonaws.com/crdhs/private/2024/9/23/recording6068404433459601343.mp3,vfb7yBG8lHxXP0CED-dvbQ
https://crworkspace.s3.ap-south-1.amazonaws.com/crdhs/private/2024/9/23/recording10988525120617518806.mp3,V6eaBeIhAb13c1HYnxGgPg
https://crworkspace.s3.ap-south-1.amazonaws.com/crdhs/private/2024/9/21/recording15576917083647572838.mp3,ZLXXhYGtWx86Eil-HDhy2A
https://crworkspace.s3.ap-south-1.amazonaws.com/crdhs/private/2024/9/24/recording5115383857253476828.mp3,Wk6ZlVTqxJM1F3Mk0hVSSQ
https://crworkspace.s3.ap-south-1.amazonaws.com/crdhs/private/2024/11/26/recording.mp3,-8AhiNg6tiGz8N7jiEqUFA
https://crworkspace.s3.ap-south-1.amazonaws.com/crdhs/private/2024/11/26/recording.mp3,-8AhiNg6tiGz8N7jiEqUFA
https://crworkspace.s3.ap-south-1.amazonaws.com/crdhs/private/2024/11/26/recording.mp3,-8AhiNg6tiGz8N7jiEqUFA
https://crworkspace.s3.ap-south-1.amazonaws.com/crdhs/private/2024/11/26/recording.mp3,-8AhiNg6tiGz8N7jiEqUFA
https://crworkspace.s3.ap-south-1.amazonaws.com/crdhs/private/2024/9/21/recording12801896327641049878.mp3,vHACcLgbe8C_XvmgPSOhlA
https://crworkspace.s3.ap-south-1.amazonaws.com/crdhs/private/2024/11/26/recording.mp3,-8AhiNg6tiGz8N7jiEqUFA
https://crworkspace.s3.ap-south-1.amazonaws.com/crdhs/private/2024/9/23/recording12471496125529976433.mp3,6hLBzVDscYEhrstiNwxfKA
https://crworkspace.s3.ap-south-1.amazonaws.com/crdhs/private/2024/9/21/recording8842472757358688628.mp3,T6alnRpE7WIldjXnf0RwCA
https://crworkspace.s3.ap-south-1.amazonaws.com/crdhs/private/2024/11/26/recording.mp3,-8AhiNg6tiGz8N7jiEqUFA
https://crworkspace.s3.ap-south-1.amazonaws.com/crdhs/private/2024/11/26/recording.mp3,-8AhiNg6tiGz8N7jiEqUFA
https://crworkspace.s3.ap-south-1.amazonaws.com/crdhs/private/2024/11/26/recording.mp3,-8AhiNg6tiGz8N7jiEqUFA
https://crworkspace.s3.ap-south-1.amazonaws.com/crdhs/private/2024/11/26/recording.mp3,-8AhiNg6tiGz8N7jiEqUFA
https://crworkspace.s3.ap-south-1.amazonaws.com/crdhs/private/2024/9/26/recording795916179984635732.mp3,_h3pL9TYN1hKpgQP1UhA5g
https://crworkspace.s3.ap-south-1.amazonaws.com/crdhs/private/2024/11/6/recording.mp3,--HarojsWojLTjUTow1RHA
https://crworkspace.s3.ap-south-1.amazonaws.com/crdhs/private/2024/9/20/recording5755555510986792256.mp3,8CU-7r_U-hWM-InNxXxcSQ
https://crworkspace.s3.ap-south-1.amazonaws.com/crdhs/private/2024/9/27/recording9225678166228815390.mp3,1HzeSUhOW4s3xB4N5wxJrA
https://crworkspace.s3.ap-south-1.amazonaws.com/crdhs/private/2024/10/6/recording16639651152620115559.mp3,I5Qp07yhFBF27Zv2aeKUMQ
https://crworkspace.s3.ap-south-1.amazonaws.com/crdhs/private/2024/9/23/recording3073001284235202325.mp3,ms6QWXmHlbWrbozyMHb27g
https://crworkspace.s3.ap-south-1.amazonaws.com/crdhs/private/2024/11/6/recording.mp3,--HarojsWojLTjUTow1RHA
https://crworkspace.s3.ap-south-1.amazonaws.com/crdhs/private/2024/11/21/recording.mp3,--CsMlwV1w_m0om101_Z1w
https://crworkspace.s3.ap-south-1.amazonaws.com/crdhs/private/2024/10/6/recording12682766361594579482.mp3,iZp3eip3fWs3qMo7_Kq66w
https://crworkspace.s3.ap-south-1.amazonaws.com/crdhs/private/2024/11/26/recording.mp3,-8AhiNg6tiGz8N7jiEqUFA
https://crworkspace.s3.ap-south-1.amazonaws.com/crdhs/private/2024/9/23/recording8519274823434136916.mp3,7RBS_h313yRqwt2wP-U-fg
https://crworkspace.s3.ap-south-1.amazonaws.com/crdhs/private/2024/9/25/recording7548727840323459636.mp3,kuKgpAsa_BmcxN008UJsnA
https://crworkspace.s3.ap-south-1.amazonaws.com/crdhs/private/2024/10/6/recording10779413166774539264.mp3,9pIJZaCa1_EmFe88m2LAiw
https://crworkspace.s3.ap-south-1.amazonaws.com/crdhs/private/2024/11/6/recording.mp3,--HarojsWojLTjUTow1RHA
https://crworkspace.s3.ap-south-1.amazonaws.com/crdhs/private/2024/9/20/recording12650193878540360987.mp3,X3kPbZEOsDswJrV3Dc2WfA
https://crworkspace.s3.ap-south-1.amazonaws.com/crdhs/private/2024/10/6/recording4625478314507932881.mp3,U3BsBucv9YS2l842bAPYMA
https://crworkspace.s3.ap-south-1.amazonaws.com/crdhs/private/2024/9/26/recording4334795331484233519.mp3,7xHRJyEPWjptwcKF5Vs3gA
https://crworkspace.s3.ap-south-1.amazonaws.com/crdhs/private/2024/11/21/recording.mp3,--CsMlwV1w_m0om101_Z1w
https://crworkspace.s3.ap-south-1.amazonaws.com/crdhs/private/2024/11/6/recording.mp3,--HarojsWojLTjUTow1RHA
https://crworkspace.s3.ap-south-1.amazonaws.com/crdhs/private/2024/11/6/recording.mp3,--HarojsWojLTjUTow1RHA
https://crworkspace.s3.ap-south-1.amazonaws.com/crdhs/private/2024/11/6/recording.mp3,--HarojsWojLTjUTow1RHA
https://crworkspace.s3.ap-south-1.amazonaws.com/crdhs/private/2024/11/6/recording.mp3,--HarojsWojLTjUTow1RHA
https://crworkspace.s3.ap-south-1.amazonaws.com/crdhs/private/2024/9/26/recording4904836213522950462.mp3,chZn9wAUA1Wki3AqeEbMqg
https://crworkspace.s3.ap-south-1.amazonaws.com/crdhs/private/2024/11/26/recording.mp3,-8AhiNg6tiGz8N7jiEqUFA
https://crworkspace.s3.ap-south-1.amazonaws.com/crdhs/private/2024/9/26/recording12610556213349625688.mp3,8WVokAw8M1-jYlWeT6PArg
https://crworkspace.s3.ap-south-1.amazonaws.com/crdhs/private/2024/9/26/recording16342567697238060930.mp3,cSYjGeCcUjkReB51z3HTCg
https://crworkspace.s3.ap-south-1.amazonaws.com/crdhs/private/2024/11/26/recording.mp3,-8AhiNg6tiGz8N7jiEqUFA
https://crworkspace.s3.ap-south-1.amazonaws.com/crdhs/private/2024/11/6/recording.mp3,--HarojsWojLTjUTow1RHA
https://crworkspace.s3.ap-south-1.amazonaws.com/crdhs/private/2024/11/6/recording.mp3,--HarojsWojLTjUTow1RHA
https://crworkspace.s3.ap-south-1.amazonaws.com/crdhs/private/2024/9/24/recording4426096513065902939.mp3,Srl1GbIOAAgHCBR42scc8g
https://crworkspace.s3.ap-south-1.amazonaws.com/crdhs/private/2024/10/6/recording3725811616561926872.mp3,u7CEjfp8UTsAxIFtMTVKVA
https://crworkspace.s3.ap-south-1.amazonaws.com/crdhs/private/2024/9/24/recording9150887917523140406.mp3,JxUH7oHXEO4fVKotAzm03Q
https://crworkspace.s3.ap-south-1.amazonaws.com/crdhs/private/2024/11/26/recording.mp3,-8AhiNg6tiGz8N7jiEqUFA
https://crworkspace.s3.ap-south-1.amazonaws.com/crdhs/private/2024/10/7/recording2874194206660882393.mp3,b59k7m2pSBuKlm-gE4Jftg
https://crworkspace.s3.ap-south-1.amazonaws.com/crdhs/private/2024/11/6/recording.mp3,--HarojsWojLTjUTow1RHA
https://crworkspace.s3.ap-south-1.amazonaws.com/crdhs/private/2024/11/6/recording.mp3,--HarojsWojLTjUTow1RHA
https://crworkspace.s3.ap-south-1.amazonaws.com/crdhs/private/2024/9/24/recording1452960523635409049.mp3,tytdMF7Qj8tbEvrSowXKcg
https://crworkspace.s3.ap-south-1.amazonaws.com/crdhs/private/2024/11/6/recording.mp3,--HarojsWojLTjUTow1RHA
https://crworkspace.s3.ap-south-1.amazonaws.com/crdhs/private/2024/11/6/recording.mp3,--HarojsWojLTjUTow1RHA
https://crworkspace.s3.ap-south-1.amazonaws.com/crdhs/private/2024/11/26/recording.mp3,-8AhiNg6tiGz8N7jiEqUFA
https://crworkspace.s3.ap-south-1.amazonaws.com/crdhs/private/2024/11/6/recording.mp3,--HarojsWojLTjUTow1RHA
https://crworkspace.s3.ap-south-1.amazonaws.com/crdhs/private/2024/11/6/recording.mp3,--HarojsWojLTjUTow1RHA
https://crworkspace.s3.ap-south-1.amazonaws.com/crdhs/private/2024/9/24/recording2021578224259153861.mp3,EBqEn3XICSmrf4Tp_NB5rw
https://crworkspace.s3.ap-south-1.amazonaws.com/crdhs/private/2024/11/6/recording.mp3,--HarojsWojLTjUTow1RHA
https://crworkspace.s3.ap-south-1.amazonaws.com/crdhs/private/2024/9/26/recording18153052891186623568.mp3,eSb6CwIHN94jbyEHpYu9wQ
https://crworkspace.s3.ap-south-1.amazonaws.com/crdhs/private/2024/9/23/recording5630399611225274889.mp3,FLG3GirbWYXI4mP5npdBiA
https://crworkspace.s3.ap-south-1.amazonaws.com/crdhs/private/2024/11/21/recording.mp3,--CsMlwV1w_m0om101_Z1w
https://crworkspace.s3.ap-south-1.amazonaws.com/crdhs/private/2024/9/24/recording8328749799936173953.mp3,cEYyqr5MPK5C6Hn9DzTJJQ
https://crworkspace.s3.ap-south-1.amazonaws.com/crdhs/private/2024/9/25/recording3467509486192657971.mp3,sY0hvcUSAz4mIm6QPuQ0lw
https://crworkspace.s3.ap-south-1.amazonaws.com/crdhs/private/2024/11/6/recording.mp3,--HarojsWojLTjUTow1RHA
https://crworkspace.s3.ap-south-1.amazonaws.com/crdhs/private/2024/11/6/recording.mp3,--HarojsWojLTjUTow1RHA
https://crworkspace.s3.ap-south-1.amazonaws.com/crdhs/private/2024/9/25/recording13608376185376305747.mp3,Rgv8mz147LbwQnscx4iixQ
https://crworkspace.s3.ap-south-1.amazonaws.com/crdhs/private/2024/11/6/recording.mp3,--HarojsWojLTjUTow1RHA
https://crworkspace.s3.ap-south-1.amazonaws.com/crdhs/private/2024/9/27/recording14819684167774517799.mp3,kPa4LTUQ1wVEXXlq921kmQ
https://crworkspace.s3.ap-south-1.amazonaws.com/crdhs/private/2024/9/26/recording12800322962779973971.mp3,F6wK_FnAWRZ_e49xjWVYeA
https://crworkspace.s3.ap-south-1.amazonaws.com/crdhs/private/2024/11/26/recording.mp3,-8AhiNg6tiGz8N7jiEqUFA
https://crworkspace.s3.ap-south-1.amazonaws.com/crdhs/private/2024/11/26/recording.mp3,-8AhiNg6tiGz8N7jiEqUFA
https://crworkspace.s3.ap-south-1.amazonaws.com/crdhs/private/2024/11/6/recording.mp3,--HarojsWojLTjUTow1RHA
https://crworkspace.s3.ap-south-1.amazonaws.com/crdhs/private/2024/9/27/recording4311065085025792361.mp3,qLN5U0WeIbSaRmEFsPYmYQ
https://crworkspace.s3.ap-south-1.amazonaws.com/crdhs/private/2024/9/27/recording859293535475021867.mp3,2RidTsyWcDI86MiRJUiKlg
https://crworkspace.s3.ap-south-1.amazonaws.com/crdhs/private/2024/11/6/recording.mp3,--HarojsWojLTjUTow1RHA
https://crworkspace.s3.ap-south-1.amazonaws.com/crdhs/private/2024/9/26/recording12907517314643784108.mp3,k5sUGarS5kpR4SmgDAR-VA
https://crworkspace.s3.ap-south-1.amazonaws.com/crdhs/private/2024/11/6/recording.mp3,--HarojsWojLTjUTow1RHA
https://crworkspace.s3.ap-south-1.amazonaws.com/crdhs/private/2024/11/21/recording.mp3,--CsMlwV1w_m0om101_Z1w
https://crworkspace.s3.ap-south-1.amazonaws.com/crdhs/private/2024/9/25/recording11752490425074811297.mp3,lOmmZewj8xHvNnO8XTLrOQ
https://crworkspace.s3.ap-south-1.amazonaws.com/crdhs/private/2024/11/6/recording.mp3,--HarojsWojLTjUTow1RHA
https://crworkspace.s3.ap-south-1.amazonaws.com/crdhs/private/2024/11/6/recording.mp3,--HarojsWojLTjUTow1RHA
https://crworkspace.s3.ap-south-1.amazonaws.com/crdhs/private/2024/11/26/recording.mp3,-8AhiNg6tiGz8N7jiEqUFA
https://crworkspace.s3.ap-south-1.amazonaws.com/crdhs/private/2024/11/21/recording.mp3,--CsMlwV1w_m0om101_Z1w
https://crworkspace.s3.ap-south-1.amazonaws.com/crdhs/private/2024/9/23/recording2748362318940734763.mp3,hNQeG_CkGo_ufLF8UFNfIw
https://crworkspace.s3.ap-south-1.amazonaws.com/crdhs/private/2024/9/24/recording18231467997031911225.mp3,jgunn59rECeBYDxOoqkbNA
https://crworkspace.s3.ap-south-1.amazonaws.com/crdhs/private/2024/9/26/recording11308150833326429950.mp3,PowGzCp1Jwpqe1p-rMDB5w
https://crworkspace.s3.ap-south-1.amazonaws.com/crdhs/private/2024/11/26/recording.mp3,-8AhiNg6tiGz8N7jiEqUFA
https://crworkspace.s3.ap-south-1.amazonaws.com/crdhs/private/2024/11/6/recording.mp3,--HarojsWojLTjUTow1RHA
https://crworkspace.s3.ap-south-1.amazonaws.com/crdhs/private/2024/9/20/recording11316092611242315678.mp3,9Vcwlolj0y3z48zTR4fjCg
https://crworkspace.s3.ap-south-1.amazonaws.com/crdhs/private/2024/11/6/recording.mp3,--HarojsWojLTjUTow1RHA
https://crworkspace.s3.ap-south-1.amazonaws.com/crdhs/private/2024/10/7/recording12804478634926211528.mp3,w0ishqssH__7wwdLH1d19A
https://crworkspace.s3.ap-south-1.amazonaws.com/crdhs/private/2024/9/23/recording16598707695476794218.mp3,liKeBiBHwssCWHv2dfM0SQ
https://crworkspace.s3.ap-south-1.amazonaws.com/crdhs/private/2024/10/6/recording7758235642313467982.mp3,ICKk8vPtqfyQDfu4bewo3A
https://crworkspace.s3.ap-south-1.amazonaws.com/crdhs/private/2024/9/26/recording14030876660376441812.mp3,Ro-J-wkuA5e4TS-kHS_sFw
https://crworkspace.s3.ap-south-1.amazonaws.com/crdhs/private/2024/11/21/recording.mp3,--CsMlwV1w_m0om101_Z1w
https://crworkspace.s3.ap-south-1.amazonaws.com/crdhs/private/2024/9/27/recording10839642009802838532.mp3,Uvr9D2D1y8xt0vBJA-3g5A
https://crworkspace.s3.ap-south-1.amazonaws.com/crdhs/private/2024/9/25/recording11293011279033267939.mp3,qzHQIzWbxYwxezm_xotrrQ
https://crworkspace.s3.ap-south-1.amazonaws.com/crdhs/private/2024/10/6/recording15978000173268028825.mp3,N63MAcRhYoolwSfqDnWWIA
https://crworkspace.s3.ap-south-1.amazonaws.com/crdhs/private/2024/10/6/recording6911661527774253888.mp3,4AB9Fk7tBAEjEV9OE-izzw
https://crworkspace.s3.ap-south-1.amazonaws.com/crdhs/private/2024/11/6/recording.mp3,--HarojsWojLTjUTow1RHA
https://crworkspace.s3.ap-south-1.amazonaws.com/crdhs/private/2024/11/26/recording.mp3,-8AhiNg6tiGz8N7jiEqUFA
https://crworkspace.s3.ap-south-1.amazonaws.com/crdhs/private/2024/11/21/recording.mp3,--CsMlwV1w_m0om101_Z1w
https://crworkspace.s3.ap-south-1.amazonaws.com/crdhs/private/2024/9/26/recording9306473958308902121.mp3,5vGUXJj8cCAsRT5PJsL48w
https://crworkspace.s3.ap-south-1.amazonaws.com/crdhs/private/2024/11/26/recording.mp3,-8AhiNg6tiGz8N7jiEqUFA
https://crworkspace.s3.ap-south-1.amazonaws.com/crdhs/private/2024/11/6/recording.mp3,--HarojsWojLTjUTow1RHA
https://crworkspace.s3.ap-south-1.amazonaws.com/crdhs/private/2024/11/26/recording.mp3,-8AhiNg6tiGz8N7jiEqUFA
https://crworkspace.s3.ap-south-1.amazonaws.com/crdhs/private/2024/11/6/recording.mp3,--HarojsWojLTjUTow1RHA
https://crworkspace.s3.ap-south-1.amazonaws.com/crdhs/private/2024/11/26/recording.mp3,-8AhiNg6tiGz8N7jiEqUFA
https://crworkspace.s3.ap-south-1.amazonaws.com/crdhs/private/2024/9/24/recording15101650676719771535.mp3,zxnAGOL9KwKIJDw3tSfDDA
https://crworkspace.s3.ap-south-1.amazonaws.com/crdhs/private/2024/11/6/recording.mp3,--HarojsWojLTjUTow1RHA
https://crworkspace.s3.ap-south-1.amazonaws.com/crdhs/private/2024/9/27/recording5880072885430811679.mp3,G6EzrNCWj_HSLFeJ84MjDQ
https://crworkspace.s3.ap-south-1.amazonaws.com/crdhs/private/2024/10/6/recording6768988969711760570.mp3,g07ZeK9-RorTsb-ZLxNHcw
https://crworkspace.s3.ap-south-1.amazonaws.com/crdhs/private/2024/11/26/recording.mp3,-8AhiNg6tiGz8N7jiEqUFA
https://crworkspace.s3.ap-south-1.amazonaws.com/crdhs/private/2024/11/6/recording.mp3,--HarojsWojLTjUTow1RHA
https://crworkspace.s3.ap-south-1.amazonaws.com/crdhs/private/2024/11/6/recording.mp3,--HarojsWojLTjUTow1RHA
https://crworkspace.s3.ap-south-1.amazonaws.com/crdhs/private/2024/11/26/recording.mp3,-8AhiNg6tiGz8N7jiEqUFA
https://crworkspace.s3.ap-south-1.amazonaws.com/crdhs/private/2024/11/26/recording.mp3,-8AhiNg6tiGz8N7jiEqUFA
https://crworkspace.s3.ap-south-1.amazonaws.com/crdhs/private/2024/11/26/recording.mp3,-8AhiNg6tiGz8N7jiEqUFA
https://crworkspace.s3.ap-south-1.amazonaws.com/crdhs/private/2024/11/26/recording.mp3,-8AhiNg6tiGz8N7jiEqUFA
https://crworkspace.s3.ap-south-1.amazonaws.com/crdhs/private/2024/11/26/recording.mp3,-8AhiNg6tiGz8N7jiEqUFA
https://crworkspace.s3.ap-south-1.amazonaws.com/crdhs/private/2024/11/21/recording.mp3,--CsMlwV1w_m0om101_Z1w
https://crworkspace.s3.ap-south-1.amazonaws.com/crdhs/private/2024/11/26/recording.mp3,-8AhiNg6tiGz8N7jiEqUFA
https://crworkspace.s3.ap-south-1.amazonaws.com/crdhs/private/2024/11/26/recording.mp3,-8AhiNg6tiGz8N7jiEqUFA
https://crworkspace.s3.ap-south-1.amazonaws.com/crdhs/private/2024/9/26/recording2162340233171464064.mp3,0W0j4awj9_Mj2YfkhjmQGg
https://crworkspace.s3.ap-south-1.amazonaws.com/crdhs/private/2024/11/26/recording.mp3,-8AhiNg6tiGz8N7jiEqUFA
https://crworkspace.s3.ap-south-1.amazonaws.com/crdhs/private/2024/11/6/recording.mp3,--HarojsWojLTjUTow1RHA
https://crworkspace.s3.ap-south-1.amazonaws.com/crdhs/private/2024/11/26/recording.mp3,-8AhiNg6tiGz8N7jiEqUFA
https://crworkspace.s3.ap-south-1.amazonaws.com/crdhs/private/2024/11/26/recording.mp3,-8AhiNg6tiGz8N7jiEqUFA
https://crworkspace.s3.ap-south-1.amazonaws.com/crdhs/private/2024/11/26/recording.mp3,-8AhiNg6tiGz8N7jiEqUFA
https://crworkspace.s3.ap-south-1.amazonaws.com/crdhs/private/2024/11/6/recording.mp3,--HarojsWojLTjUTow1RHA
https://crworkspace.s3.ap-south-1.amazonaws.com/crdhs/private/2024/11/26/recording.mp3,-8AhiNg6tiGz8N7jiEqUFA
https://crworkspace.s3.ap-south-1.amazonaws.com/crdhs/private/2024/11/26/recording.mp3,-8AhiNg6tiGz8N7jiEqUFA
https://crworkspace.s3.ap-south-1.amazonaws.com/crdhs/private/2024/11/6/recording.mp3,--HarojsWojLTjUTow1RHA
https://crworkspace.s3.ap-south-1.amazonaws.com/crdhs/private/2024/11/26/recording.mp3,-8AhiNg6tiGz8N7jiEqUFA
https://crworkspace.s3.ap-south-1.amazonaws.com/crdhs/private/2024/10/6/recording18188279412286109232.mp3,Ix83UmKLm8YhHRPs_b1yew
https://crworkspace.s3.ap-south-1.amazonaws.com/crdhs/private/2024/11/26/recording.mp3,-8AhiNg6tiGz8N7jiEqUFA
https://crworkspace.s3.ap-south-1.amazonaws.com/crdhs/private/2024/11/26/recording.mp3,-8AhiNg6tiGz8N7jiEqUFA
https://crworkspace.s3.ap-south-1.amazonaws.com/crdhs/private/2024/11/26/recording.mp3,-8AhiNg6tiGz8N7jiEqUFA
https://crworkspace.s3.ap-south-1.amazonaws.com/crdhs/private/2024/11/26/recording.mp3,-8AhiNg6tiGz8N7jiEqUFA
https://crworkspace.s3.ap-south-1.amazonaws.com/crdhs/private/2024/11/26/recording.mp3,-8AhiNg6tiGz8N7jiEqUFA
https://crworkspace.s3.ap-south-1.amazonaws.com/crdhs/private/2024/9/27/recording14482775357957039688.mp3,3wV6trUdPKkyvpkBSQuFFw
https://crworkspace.s3.ap-south-1.amazonaws.com/crdhs/private/2024/9/26/recording2917378265518048757.mp3,jpyU4VSZkpxFlLuL5lrvYA
https://crworkspace.s3.ap-south-1.amazonaws.com/crdhs/private/2024/11/6/recording.mp3,--HarojsWojLTjUTow1RHA
https://crworkspace.s3.ap-south-1.amazonaws.com/crdhs/private/2024/11/26/recording.mp3,-8AhiNg6tiGz8N7jiEqUFA
https://crworkspace.s3.ap-south-1.amazonaws.com/crdhs/private/2024/11/26/recording.mp3,-8AhiNg6tiGz8N7jiEqUFA
https://crworkspace.s3.ap-south-1.amazonaws.com/crdhs/private/2024/11/21/recording.mp3,--CsMlwV1w_m0om101_Z1w
https://crworkspace.s3.ap-south-1.amazonaws.com/crdhs/private/2024/11/6/recording.mp3,--HarojsWojLTjUTow1RHA
https://crworkspace.s3.ap-south-1.amazonaws.com/crdhs/private/2024/11/6/recording.mp3,--HarojsWojLTjUTow1RHA
https://crworkspace.s3.ap-south-1.amazonaws.com/crdhs/private/2024/11/26/recording.mp3,-8AhiNg6tiGz8N7jiEqUFA
https://crworkspace.s3.ap-south-1.amazonaws.com/crdhs/private/2024/9/25/recording13962877995795313147.mp3,WmeCiA3YEhL92S1jV7kk8w
https://crworkspace.s3.ap-south-1.amazonaws.com/crdhs/private/2024/11/26/recording.mp3,-8AhiNg6tiGz8N7jiEqUFA
https://crworkspace.s3.ap-south-1.amazonaws.com/crdhs/private/2024/11/26/recording.mp3,-8AhiNg6tiGz8N7jiEqUFA
https://crworkspace.s3.ap-south-1.amazonaws.com/crdhs/private/2024/11/21/recording.mp3,--CsMlwV1w_m0om101_Z1w
https://crworkspace.s3.ap-south-1.amazonaws.com/crdhs/private/2024/11/26/recording.mp3,-8AhiNg6tiGz8N7jiEqUFA
https://crworkspace.s3.ap-south-1.amazonaws.com/crdhs/private/2024/9/23/recording1967263811168999078.mp3,BWEjg_oMnE8koFsc9w9wEQ
https://crworkspace.s3.ap-south-1.amazonaws.com/crdhs/private/2024/11/26/recording.mp3,-8AhiNg6tiGz8N7jiEqUFA
https://crworkspace.s3.ap-south-1.amazonaws.com/crdhs/private/2024/11/26/recording.mp3,-8AhiNg6tiGz8N7jiEqUFA
https://crworkspace.s3.ap-south-1.amazonaws.com/crdhs/private/2024/11/6/recording.mp3,--HarojsWojLTjUTow1RHA
https://crworkspace.s3.ap-south-1.amazonaws.com/crdhs/private/2024/11/6/recording.mp3,--HarojsWojLTjUTow1RHA
https://crworkspace.s3.ap-south-1.amazonaws.com/crdhs/private/2024/11/26/recording.mp3,-8AhiNg6tiGz8N7jiEqUFA
https://crworkspace.s3.ap-south-1.amazonaws.com/crdhs/private/2024/11/26/recording.mp3,-8AhiNg6tiGz8N7jiEqUFA
https://crworkspace.s3.ap-south-1.amazonaws.com/crdhs/private/2024/9/26/recording11885019234599723350.mp3,c8C3h9i5UHkOTCiGk3YUbA
https://crworkspace.s3.ap-south-1.amazonaws.com/crdhs/private/2024/9/24/recording5818315008514469721.mp3,uSviOR7Q5aeIP0Kjnes_ew
https://crworkspace.s3.ap-south-1.amazonaws.com/crdhs/private/2024/11/6/recording.mp3,--HarojsWojLTjUTow1RHA
https://crworkspace.s3.ap-south-1.amazonaws.com/crdhs/private/2024/11/26/recording.mp3,-8AhiNg6tiGz8N7jiEqUFA
https://crworkspace.s3.ap-south-1.amazonaws.com/crdhs/private/2024/10/7/recording263515437102832661.mp3,LOaIJnEX6x8MDn3i92f_3Q
https://crworkspace.s3.ap-south-1.amazonaws.com/crdhs/private/2024/10/6/recording9005017840900726268.mp3,fA3yfBt5XvI0eDTlg5dnGQ
https://crworkspace.s3.ap-south-1.amazonaws.com/crdhs/private/2024/9/25/recording659310415209814093.mp3,oCGnwUOVAZ4u9VO-X5MnEg
https://crworkspace.s3.ap-south-1.amazonaws.com/crdhs/private/2024/9/24/recording13056218004117743544.mp3,-4PNdL33tn8x8RKZ-5MBHg
https://crworkspace.s3.ap-south-1.amazonaws.com/crdhs/private/2024/11/6/recording.mp3,--HarojsWojLTjUTow1RHA
https://crworkspace.s3.ap-south-1.amazonaws.com/crdhs/private/2024/11/26/recording.mp3,-8AhiNg6tiGz8N7jiEqUFA
https://crworkspace.s3.ap-south-1.amazonaws.com/crdhs/private/2024/11/26/recording.mp3,-8AhiNg6tiGz8N7jiEqUFA
https://crworkspace.s3.ap-south-1.amazonaws.com/crdhs/private/2024/11/26/recording.mp3,-8AhiNg6tiGz8N7jiEqUFA
https://crworkspace.s3.ap-south-1.amazonaws.com/crdhs/private/2024/11/26/recording.mp3,-8AhiNg6tiGz8N7jiEqUFA
https://crworkspace.s3.ap-south-1.amazonaws.com/crdhs/private/2024/9/26/recording2475951134800957804.mp3,BpOgBKNmcIXx5n4c2L9cVQ
https://crworkspace.s3.ap-south-1.amazonaws.com/crdhs/private/2024/9/27/recording8831380563086558640.mp3,1ZoiBHqn_3VZ5c0h0fX_LA
https://crworkspace.s3.ap-south-1.amazonaws.com/crdhs/private/2024/11/26/recording.mp3,-8AhiNg6tiGz8N7jiEqUFA
https://crworkspace.s3.ap-south-1.amazonaws.com/crdhs/private/2024/10/6/recording17215125524865558725.mp3,jZQNuRFlvESewY1DWJLE4Q
https://crworkspace.s3.ap-south-1.amazonaws.com/crdhs/private/2024/11/26/recording.mp3,-8AhiNg6tiGz8N7jiEqUFA
https://crworkspace.s3.ap-south-1.amazonaws.com/crdhs/private/2024/9/24/recording8032858942667680695.mp3,k7e8_2FISL0A2xtkc233WQ
https://crworkspace.s3.ap-south-1.amazonaws.com/crdhs/private/2024/9/27/recording6000130536633780358.mp3,X5SqwhFKsAFNOfIDaoTaSA
https://crworkspace.s3.ap-south-1.amazonaws.com/crdhs/private/2024/9/24/recording18355313848133980567.mp3,2Xi0x_fqVwKpn24h8qX-MQ
https://crworkspace.s3.ap-south-1.amazonaws.com/crdhs/private/2024/9/23/recording7863995941823753056.mp3,ttsdX7CFF82sDW06ohNumw
https://crworkspace.s3.ap-south-1.amazonaws.com/crdhs/private/2024/11/26/recording.mp3,-8AhiNg6tiGz8N7jiEqUFA
https://crworkspace.s3.ap-south-1.amazonaws.com/crdhs/private/2024/11/26/recording.mp3,-8AhiNg6tiGz8N7jiEqUFA
https://crworkspace.s3.ap-south-1.amazonaws.com/crdhs/private/2024/11/26/recording.mp3,-8AhiNg6tiGz8N7jiEqUFA
https://crworkspace.s3.ap-south-1.amazonaws.com/crdhs/private/2024/11/26/recording.mp3,-8AhiNg6tiGz8N7jiEqUFA
https://crworkspace.s3.ap-south-1.amazonaws.com/crdhs/private/2024/11/6/recording.mp3,--HarojsWojLTjUTow1RHA
https://crworkspace.s3.ap-south-1.amazonaws.com/crdhs/private/2024/11/6/recording.mp3,--HarojsWojLTjUTow1RHA
https://crworkspace.s3.ap-south-1.amazonaws.com/crdhs/private/2024/11/6/recording.mp3,--HarojsWojLTjUTow1RHA
https://crworkspace.s3.ap-south-1.amazonaws.com/crdhs/private/2024/11/26/recording.mp3,-8AhiNg6tiGz8N7jiEqUFA
https://crworkspace.s3.ap-south-1.amazonaws.com/crdhs/private/2024/11/26/recording.mp3,-8AhiNg6tiGz8N7jiEqUFA
https://crworkspace.s3.ap-south-1.amazonaws.com/crdhs/private/2024/9/27/recording7963449631870004723.mp3,J8vihSeldDYLsmBwI-tcRw
https://crworkspace.s3.ap-south-1.amazonaws.com/crdhs/private/2024/11/6/recording.mp3,--HarojsWojLTjUTow1RHA
https://crworkspace.s3.ap-south-1.amazonaws.com/crdhs/private/2024/11/6/recording.mp3,--HarojsWojLTjUTow1RHA
https://crworkspace.s3.ap-south-1.amazonaws.com/crdhs/private/2024/9/27/recording5797985538565945572.mp3,0hXlv9etkXbcGA4r0EGsdQ
https://crworkspace.s3.ap-south-1.amazonaws.com/crdhs/private/2024/11/26/recording.mp3,-8AhiNg6tiGz8N7jiEqUFA
https://crworkspace.s3.ap-south-1.amazonaws.com/crdhs/private/2024/11/26/recording.mp3,-8AhiNg6tiGz8N7jiEqUFA
https://crworkspace.s3.ap-south-1.amazonaws.com/crdhs/private/2024/10/6/recording10113215298214779797.mp3,Vvbqjk-pxiHfFgLORfbXag
https://crworkspace.s3.ap-south-1.amazonaws.com/crdhs/private/2024/11/21/recording.mp3,--CsMlwV1w_m0om101_Z1w
https://crworkspace.s3.ap-south-1.amazonaws.com/crdhs/private/2024/9/20/recording5788858083821219175.mp3,ufLrmtlKwkJl2t96XEFImw
https://crworkspace.s3.ap-south-1.amazonaws.com/crdhs/private/2024/9/20/recording13687689109018947280.mp3,cGpyfAuK-2vr8Sr772Pr6w
https://crworkspace.s3.ap-south-1.amazonaws.com/crdhs/private/2024/9/23/recording16853619648625114990.mp3,HOGmcrux3TICCGmFJX956w
https://crworkspace.s3.ap-south-1.amazonaws.com/crdhs/private/2024/9/20/recording13025143842256750589.mp3,938vAUZaAIqAPi6BKB-RUg
https://crworkspace.s3.ap-south-1.amazonaws.com/crdhs/private/2024/9/23/recording16605260711995886013.mp3,dD8L4bNaWUilbvprP88B3g
https://crworkspace.s3.ap-south-1.amazonaws.com/crdhs/private/2024/9/20/recording840485152549519742.mp3,zHZTd2uM4uB_5V4Ga53GzA
https://crworkspace.s3.ap-south-1.amazonaws.com/crdhs/private/2024/9/20/recording11692705668794091881.mp3,iabPc_dfgIe6pnmo9S8aeQ
https://crworkspace.s3.ap-south-1.amazonaws.com/crdhs/private/2024/9/21/recording11702436190875596708.mp3,MNeUjjQ_7-suxm01d8ru0w
https://crworkspace.s3.ap-south-1.amazonaws.com/crdhs/private/2024/9/20/recording16086230981513776604.mp3,6iYXD6Hd1bNNkF8F1oxaoA
https://crworkspace.s3.ap-south-1.amazonaws.com/crdhs/private/2024/9/23/recording1937146229808291030.mp3,sLGdrazGnWah67qwlRxTDw
https://crworkspace.s3.ap-south-1.amazonaws.com/crdhs/private/2024/9/21/recording12613006362247020327.mp3,4carSG9RLQ8CPjScPqYe1g
https://crworkspace.s3.ap-south-1.amazonaws.com/crdhs/private/2024/9/20/recording9205738467842057489.mp3,f_z0oBAGKS2U8Pr1MDAl1Q
https://crworkspace.s3.ap-south-1.amazonaws.com/crdhs/private/2024/9/20/recording2462700802243073846.mp3,oW7Z2zqWepniUhEnOS-5xw
https://crworkspace.s3.ap-south-1.amazonaws.com/crdhs/private/2024/9/21/recording13892403511912177641.mp3,CFXU2xwEILvna_CBMze23w
https://crworkspace.s3.ap-south-1.amazonaws.com/crdhs/private/2024/9/26/recording6238656092565130091.mp3,sQP_ht854FRMCi7yA_Cchw
https://crworkspace.s3.ap-south-1.amazonaws.com/crdhs/private/2024/9/23/recording2661270702661373945.mp3,mgwOwGI5kX3OQXuXk8K5hQ
https://crworkspace.s3.ap-south-1.amazonaws.com/crdhs/private/2024/9/23/recording11597260257438442145.mp3,Q2SgvVZMgX3oJbhXHflvTw
https://crworkspace.s3.ap-south-1.amazonaws.com/crdhs/private/2024/9/21/recording8428839488822385982.mp3,Fay0Cg3jDo6dv3LIsIisxQ
https://crworkspace.s3.ap-south-1.amazonaws.com/crdhs/private/2024/9/26/recording3134760939526817936.mp3,zpcDk_9uceG2R_Ro84Hr5g
https://crworkspace.s3.ap-south-1.amazonaws.com/crdhs/private/2024/9/21/recording16502752873855242791.mp3,2oJ0d_XmpdhcGQDHA6hmlQ
https://crworkspace.s3.ap-south-1.amazonaws.com/crdhs/private/2024/9/20/recording1802303671447209440.mp3,ZPcG_Fm3VMdvVOvkaHRRUQ
https://crworkspace.s3.ap-south-1.amazonaws.com/crdhs/private/2024/9/20/recording9966386889820839621.mp3,XNeNytL6h09LL6vjkwBsCQ
https://crworkspace.s3.ap-south-1.amazonaws.com/crdhs/private/2024/9/20/recording4264241451383840455.mp3,KSVBcSWrZQ8ri4sLIMOGOQ
https://crworkspace.s3.ap-south-1.amazonaws.com/crdhs/private/2024/9/21/recording6047602696577111920.mp3,N9JajLWRUS8M-9V0XMMtEg
https://crworkspace.s3.ap-south-1.amazonaws.com/crdhs/private/2024/9/21/recording12449611237585275066.mp3,CzhRJl9Hn4wO87dJQ_g76g
https://crworkspace.s3.ap-south-1.amazonaws.com/crdhs/private/2024/9/20/recording17146791641503371830.mp3,S0juvdCz0LuIRf13cxkCog
https://crworkspace.s3.ap-south-1.amazonaws.com/crdhs/private/2024/9/21/recording15130647736267188000.mp3,glnp45b1gZLvhgdQIzu4mw
https://crworkspace.s3.ap-south-1.amazonaws.com/crdhs/private/2024/9/25/recording8557600038866267947.mp3,HEaqQ3SHVcuxh4kYFpSHoQ
https://crworkspace.s3.ap-south-1.amazonaws.com/crdhs/private/2024/9/21/recording16451680882612088939.mp3,68gr963x5MYMCdQmjeTzlg
https://crworkspace.s3.ap-south-1.amazonaws.com/crdhs/private/2024/9/20/recording1372452169136154341.mp3,B8fOVEYUQmlNEf85Xov6Bw
https://crworkspace.s3.ap-south-1.amazonaws.com/crdhs/private/2024/9/20/recording8155336029338722494.mp3,94ucw41XbsYe3ZMw7omNSQ
https://crworkspace.s3.ap-south-1.amazonaws.com/crdhs/private/2024/9/21/recording6088325060260133198.mp3,KXqOvHazDcoyxaO4hrDWHw
https://crworkspace.s3.ap-south-1.amazonaws.com/crdhs/private/2024/9/20/recording13191864215743207776.mp3,eXUA2sN0a7LScZsD93LOBw
https://crworkspace.s3.ap-south-1.amazonaws.com/crdhs/private/2024/9/23/recording3422028615034068678.mp3,1ZsmdNcovNkHJh5Bno18Uw
https://crworkspace.s3.ap-south-1.amazonaws.com/crdhs/private/2024/9/20/recording1826258116641432704.mp3,CHwRKlScXqHvd-Bm9ZAnZw
https://crworkspace.s3.ap-south-1.amazonaws.com/crdhs/private/2024/9/25/recording8049117713330177060.mp3,6JaDrs9LjeZLGOPfvq-hBg
https://crworkspace.s3.ap-south-1.amazonaws.com/crdhs/private/2024/9/21/recording2158994570746332538.mp3,GnCpJJt_CdI9vhQvaZS90g
https://crworkspace.s3.ap-south-1.amazonaws.com/crdhs/private/2024/9/20/recording6803308283917385708.mp3,pxMVU3ExdmIZOTMmfE2hZQ
https://crworkspace.s3.ap-south-1.amazonaws.com/crdhs/private/2024/9/20/recording4907715964646453431.mp3,4T-ELE_zAPTjKUcePSvRkw
https://crworkspace.s3.ap-south-1.amazonaws.com/crdhs/private/2024/9/20/recording376219883702328388.mp3,ALLSN8U9ejh39ZhMTvS7UQ
https://crworkspace.s3.ap-south-1.amazonaws.com/crdhs/private/2024/9/20/recording2733696838818835563.mp3,igme4psUOmEApqfkJ0Ftgg
https://crworkspace.s3.ap-south-1.amazonaws.com/crdhs/private/2024/9/26/recording10976078254704824316.mp3,HhTCgCc5eCeHQe2rbeMa6Q
https://crworkspace.s3.ap-south-1.amazonaws.com/crdhs/private/2024/9/20/recording12560050912190792956.mp3,kHpfyJ9KqzPYVjBJFv_7Qw
https://crworkspace.s3.ap-south-1.amazonaws.com/crdhs/private/2024/9/20/recording3050301478777430689.mp3,-8BgljBBTw6i_v5UDlyiYA
https://crworkspace.s3.ap-south-1.amazonaws.com/crdhs/private/2024/9/26/recording10184952287711666648.mp3,TlW8XGaSbSZkMKGUt4oo5A
https://crworkspace.s3.ap-south-1.amazonaws.com/crdhs/private/2024/9/21/recording17998808953206612037.mp3,Mx1rM1IhE3wg5hvVzOmS6g
https://crworkspace.s3.ap-south-1.amazonaws.com/crdhs/private/2024/9/20/recording10819351191907373149.mp3,EEs4Wu-04cWa0JrAowxX-A
https://crworkspace.s3.ap-south-1.amazonaws.com/crdhs/private/2024/9/20/recording4527795195137753032.mp3,SWbrwyYyagbU7O-ETxplPA
https://crworkspace.s3.ap-south-1.amazonaws.com/crdhs/private/2024/9/21/recording16351259900213573376.mp3,4Lsi9KtVE1C1appf36wouQ
https://crworkspace.s3.ap-south-1.amazonaws.com/crdhs/private/2024/9/23/recording10213511159197439864.mp3,6COljLIk4AARp6GURx441A
https://crworkspace.s3.ap-south-1.amazonaws.com/crdhs/private/2024/9/20/recording11930681746493249692.mp3,IUBWoYmLfuXTjC2t_WFuog
https://crworkspace.s3.ap-south-1.amazonaws.com/crdhs/private/2024/9/23/recording15457424775359127602.mp3,2JLhbtlzYHwxLRB1k584XQ
https://crworkspace.s3.ap-south-1.amazonaws.com/crdhs/private/2024/9/21/recording687089332851290140.mp3,QTJuoS0dt79lZBgdkARbdA
https://crworkspace.s3.ap-south-1.amazonaws.com/crdhs/private/2024/9/20/recording6762310046489747074.mp3,ONXDgZk9teCmdjAYkYPkEQ
https://crworkspace.s3.ap-south-1.amazonaws.com/crdhs/private/2024/9/20/recording7522743357670791628.mp3,R9fKznV9bLCbY4AwF1P5lg
https://crworkspace.s3.ap-south-1.amazonaws.com/crdhs/private/2024/9/21/recording517635421396874929.mp3,npI64H1e5GShyhwVcswkMg
https://crworkspace.s3.ap-south-1.amazonaws.com/crdhs/private/2024/9/21/recording7493545540759458742.mp3,IxLnhNANGGjdlXteNVusbg
https://crworkspace.s3.ap-south-1.amazonaws.com/crdhs/private/2024/9/26/recording3845778948492077116.mp3,sCVn9mFGFkW6C0DrbM-yEQ
https://crworkspace.s3.ap-south-1.amazonaws.com/crdhs/private/2024/9/21/recording10873460487659470804.mp3,AXSwAQpVDdC7DFYEEom8dA
https://crworkspace.s3.ap-south-1.amazonaws.com/crdhs/private/2024/9/23/recording12368680017763006303.mp3,qKwPmMQxNg7TbZs4XZQCyQ
https://crworkspace.s3.ap-south-1.amazonaws.com/crdhs/private/2024/9/20/recording3850165921081660463.mp3,-52KL-1uO3Pydl4ZXTlQ8Q
https://crworkspace.s3.ap-south-1.amazonaws.com/crdhs/private/2024/9/20/recording3821644121490481968.mp3,2xAGwDyFAYUdaQAnpD1Xfw
https://crworkspace.s3.ap-south-1.amazonaws.com/crdhs/private/2024/9/21/recording14623385027620001303.mp3,3FaZmg0UB-Lr1fdrWwO7ug
https://crworkspace.s3.ap-south-1.amazonaws.com/crdhs/private/2024/9/26/recording15796477845389181266.mp3,gJ30T2oCF1mJMlZ1Is77dA
https://crworkspace.s3.ap-south-1.amazonaws.com/crdhs/private/2024/9/25/recording13827233512688880526.mp3,2U4qqNCfx5Q3IZ4sIEG3qQ
https://crworkspace.s3.ap-south-1.amazonaws.com/crdhs/private/2024/9/21/recording11796946056545087784.mp3,wllJB_E5mMnVApEiiqPSpw
https://crworkspace.s3.ap-south-1.amazonaws.com/crdhs/private/2024/9/21/recording4769964866640293209.mp3,ZmYApTebUHQH2FXEfoq_2w
https://crworkspace.s3.ap-south-1.amazonaws.com/crdhs/private/2024/9/20/recording18316502287045167018.mp3,kTg5sijt7cf1bppkp2OAbw
https://crworkspace.s3.ap-south-1.amazonaws.com/crdhs/private/2024/9/20/recording9037664261390173536.mp3,D--1q-w3fd_sUYLmrjsPhQ
https://crworkspace.s3.ap-south-1.amazonaws.com/crdhs/private/2024/9/21/recording18315439782225852433.mp3,2n3IJInfMErHCC9xIi3Yog
https://crworkspace.s3.ap-south-1.amazonaws.com/crdhs/private/2024/9/20/recording17112340513519982985.mp3,hJG4vu_v2o2c0wDzKc9IXQ
https://crworkspace.s3.ap-south-1.amazonaws.com/crdhs/private/2024/9/20/recording15378274670539137814.mp3,PzieRmkzSom2GY1k8i0BzA
https://crworkspace.s3.ap-south-1.amazonaws.com/crdhs/private/2024/9/20/recording963551526491315551.mp3,8UXHSnRLxoTh77mPU7Rajg
https://crworkspace.s3.ap-south-1.amazonaws.com/crdhs/private/2024/9/21/recording11710569018596877477.mp3,xlF-PmZVIpfpFt4H00kNDA
https://crworkspace.s3.ap-south-1.amazonaws.com/crdhs/private/2024/9/23/recording17056018484325008120.mp3,nJATn79iGuAkd_pY_M3RBw
https://crworkspace.s3.ap-south-1.amazonaws.com/crdhs/private/2024/9/20/recording10280378630878523146.mp3,wygEqxaeMMos5URUoMXPzQ
https://crworkspace.s3.ap-south-1.amazonaws.com/crdhs/private/2024/9/21/recording5291342622515963796.mp3,XMLLpb8SJ2cvH3TxDmrDrQ
https://crworkspace.s3.ap-south-1.amazonaws.com/crdhs/private/2024/9/21/recording5294150123002999263.mp3,ONkU6uqoYi25RJpRDBq5Ww
https://crworkspace.s3.ap-south-1.amazonaws.com/crdhs/private/2024/9/20/recording10338177289305237346.mp3,vJGNsP4CMDIvqjNk2aCj0g
https://crworkspace.s3.ap-south-1.amazonaws.com/crdhs/private/2024/9/21/recording10511345129722055572.mp3,XblVMrIMlMXARIUBrhuyXA
https://crworkspace.s3.ap-south-1.amazonaws.com/crdhs/private/2024/9/21/recording1962442719265869763.mp3,C9z0Pr4MO4gnmXVIwjpE_g
https://crworkspace.s3.ap-south-1.amazonaws.com/crdhs/private/2024/9/21/recording5591509975342274718.mp3,02MTxc-KqaJXbCqAqwvJpQ
https://crworkspace.s3.ap-south-1.amazonaws.com/crdhs/private/2024/9/23/recording16804686453180417304.mp3,qZDIy21ZjpEIuzXlrioq7Q
https://crworkspace.s3.ap-south-1.amazonaws.com/crdhs/private/2024/9/20/recording346822751072136660.mp3,Wg7VfMw0gR0B55f2VkWr6Q
https://crworkspace.s3.ap-south-1.amazonaws.com/crdhs/private/2024/9/21/recording11570813226951474174.mp3,GkTnaAkuMJf7Sja-xSMeBQ
https://crworkspace.s3.ap-south-1.amazonaws.com/crdhs/private/2024/9/20/recording7996988950267927363.mp3,oducw3NlmOwzjqgD9_AeCg
https://crworkspace.s3.ap-south-1.amazonaws.com/crdhs/private/2024/9/20/recording2826991765953454854.mp3,Qmk6Gl_IDbUK3LaFqxnjvg
https://crworkspace.s3.ap-south-1.amazonaws.com/crdhs/private/2024/9/26/recording4393264372143681596.mp3,-1vF44ceQ-RK2Ljaj9NYBw
https://crworkspace.s3.ap-south-1.amazonaws.com/crdhs/private/2024/9/26/recording16944651145844575733.mp3,ZRu_89ijT1KxdFAC3QlAqw
https://crworkspace.s3.ap-south-1.amazonaws.com/crdhs/private/2024/9/21/recording1083965670932449226.mp3,xIhfsw1hPfKZQksIBa2Bug
https://crworkspace.s3.ap-south-1.amazonaws.com/crdhs/private/2024/9/20/recording1280045061640376783.mp3,ynDOCfH2wV0nev_Z7WEOWA
https://crworkspace.s3.ap-south-1.amazonaws.com/crdhs/private/2024/9/26/recording1262844906530014975.mp3,t_bRa5MIVMIspwBUjQ6SUg
https://crworkspace.s3.ap-south-1.amazonaws.com/crdhs/private/2024/9/25/recording5508222653835855453.mp3,t5YlRtGqCKB4CFrQHgX5qw
https://crworkspace.s3.ap-south-1.amazonaws.com/crdhs/private/2024/9/20/recording2643522632367641938.mp3,EHxrB_wBf80Bng4gNuxKzA
https://crworkspace.s3.ap-south-1.amazonaws.com/crdhs/private/2024/9/20/recording8027091623768110285.mp3,KHFIhlj4Oa-VBltWfvvi4g
https://crworkspace.s3.ap-south-1.amazonaws.com/crdhs/private/2024/9/20/recording14876112223599128184.mp3,aytNufT_2Xj6Ct9dHjmRKg
https://crworkspace.s3.ap-south-1.amazonaws.com/crdhs/private/2024/9/20/recording17499792198896214059.mp3,HwutB-R9sxlUNfc7wpBXEw
https://crworkspace.s3.ap-south-1.amazonaws.com/crdhs/private/2024/9/21/recording15345449311926192807.mp3,ASVwVUisi-TRAPzlSZM7Ig
https://crworkspace.s3.ap-south-1.amazonaws.com/crdhs/private/2024/9/23/recording881149089977187060.mp3,MdQNzU_4BiFpJLFoMDkCdQ
https://crworkspace.s3.ap-south-1.amazonaws.com/crdhs/private/2024/9/20/recording10691948666283431142.mp3,Aj_MGcfMCc9Y2_fKtCcUXg
https://crworkspace.s3.ap-south-1.amazonaws.com/crdhs/private/2024/9/26/recording2450166134764944968.mp3,vzKM3IwnGc69wMsA6vr7_Q
https://crworkspace.s3.ap-south-1.amazonaws.com/crdhs/private/2024/9/26/recording17979469000665972257.mp3,pvK70_fb0kYcqxvjFGy7eA
https://crworkspace.s3.ap-south-1.amazonaws.com/crdhs/private/2024/9/26/recording12396667431116978890.mp3,KbwvHan5VmxovxhpDXAh9g
https://crworkspace.s3.ap-south-1.amazonaws.com/crdhs/private/2024/9/20/recording10001926729924767387.mp3,cRTnmkybRTYambobsyeWmA
https://crworkspace.s3.ap-south-1.amazonaws.com/crdhs/private/2024/9/20/recording13992533231356452455.mp3,v0DvxFDLDpPkCfCiICZ0Sw
https://crworkspace.s3.ap-south-1.amazonaws.com/crdhs/private/2024/9/20/recording1165952411764260408.mp3,kOfzHEH1TI0MjvR4RlhseA
https://crworkspace.s3.ap-south-1.amazonaws.com/crdhs/private/2024/9/20/recording10351959117055490057.mp3,b73nN645FSXrypeXMzM5Ug
https://crworkspace.s3.ap-south-1.amazonaws.com/crdhs/private/2024/9/20/recording17095121011652077794.mp3,HlEYfyftYRT5n9G4MDtmHg
https://crworkspace.s3.ap-south-1.amazonaws.com/crdhs/private/2024/9/20/recording1583491624164115404.mp3,og3vvj-Jmgggdyb8oQYtGg
https://crworkspace.s3.ap-south-1.amazonaws.com/crdhs/private/2024/9/20/recording11313394971521088984.mp3,ukFA_-u3nKgP9q1mkLG80A
https://crworkspace.s3.ap-south-1.amazonaws.com/crdhs/private/2024/9/26/recording1140823294902945606.mp3,uOyvsbxbBIeQDHmHWiZBuQ
https://crworkspace.s3.ap-south-1.amazonaws.com/crdhs/private/2024/9/26/recording16883444323099493535.mp3,Wk4JG2nZ-chR2CIdE9BSSw
https://crworkspace.s3.ap-south-1.amazonaws.com/crdhs/private/2024/9/21/recording11298330754705504836.mp3,3L9XXFtL1zwvDCAmY5Zsww
https://crworkspace.s3.ap-south-1.amazonaws.com/crdhs/private/2024/9/25/recording6734128544073356676.mp3,dzltdyoiA8wRrGOW9uieKg
https://crworkspace.s3.ap-south-1.amazonaws.com/crdhs/private/2024/9/21/recording11541724047671974041.mp3,Y9xhD5au634wxPKZ60GhZg
https://crworkspace.s3.ap-south-1.amazonaws.com/crdhs/private/2024/9/21/recording13688602088097096374.mp3,E4ahOZkXTWNNcpk1YVrpWg
https://crworkspace.s3.ap-south-1.amazonaws.com/crdhs/private/2024/9/21/recording4786021156650898485.mp3,aatjgBLcg7BLVQvXUsg9Mg
https://crworkspace.s3.ap-south-1.amazonaws.com/crdhs/private/2024/9/20/recording8859503580089614649.mp3,V6afRr98s-R7kZ6HwkiX3w
https://crworkspace.s3.ap-south-1.amazonaws.com/crdhs/private/2024/9/24/recording1076196932667054702.mp3,hQTDizmxv0rXVv4iPJa7eA
https://crworkspace.s3.ap-south-1.amazonaws.com/crdhs/private/2024/9/21/recording12591422801849707761.mp3,4NBVBPlW9J_FUgHD4Ee8Aw
https://crworkspace.s3.ap-south-1.amazonaws.com/crdhs/private/2024/9/23/recording7652566807225167140.mp3,w8J02Rfoga2A-UbbnYbKxg
https://crworkspace.s3.ap-south-1.amazonaws.com/crdhs/private/2024/9/20/recording878299549487909576.mp3,Wvdvudk6iy_-nJvCfX-P-Q
https://crworkspace.s3.ap-south-1.amazonaws.com/crdhs/private/2024/9/20/recording17317609087291234065.mp3,HEelLzTt9QEP8-dCzYB1Kw
https://crworkspace.s3.ap-south-1.amazonaws.com/crdhs/private/2024/9/24/recording6726376389180747429.mp3,sKnAN88PFwwWG0uqm1gECg
https://crworkspace.s3.ap-south-1.amazonaws.com/crdhs/private/2024/9/23/recording9990250285958307843.mp3,BrP32KjkHgYOhjjLOGI8sQ
https://crworkspace.s3.ap-south-1.amazonaws.com/crdhs/private/2024/9/23/recording1009283062656251948.mp3,0YT6w4SYYwMlzF-xeND8EA
https://crworkspace.s3.ap-south-1.amazonaws.com/crdhs/private/2024/9/20/recording4725844594710317014.mp3,uLRsxKWEYh8Yb8_hmeVasQ
https://crworkspace.s3.ap-south-1.amazonaws.com/crdhs/private/2024/9/21/recording2944019225082365104.mp3,M_gUygVaqOZhOCCEa1BtKg
https://crworkspace.s3.ap-south-1.amazonaws.com/crdhs/private/2024/9/20/recording8547256309781390827.mp3,xW1Kobcqcv_2hOQsHhS5Xg
https://crworkspace.s3.ap-south-1.amazonaws.com/crdhs/private/2024/9/23/recording5994900182241218616.mp3,m26UBF1o56M5-lAa64IkBw
https://crworkspace.s3.ap-south-1.amazonaws.com/crdhs/private/2024/9/26/recording15372013278730808335.mp3,g93yScnrQX08SAz86tqZCg
https://crworkspace.s3.ap-south-1.amazonaws.com/crdhs/private/2024/9/20/recording6878075534153576466.mp3,nhjrpKoXWjvcqQABWtaRrQ
https://crworkspace.s3.ap-south-1.amazonaws.com/crdhs/private/2024/9/26/recording3144676310977534705.mp3,UZjcoljNvpPM_orv6adkbg
https://crworkspace.s3.ap-south-1.amazonaws.com/crdhs/private/2024/9/23/recording14667405328593376964.mp3,A37W5SS2tApb8KlvA_S3lg
https://crworkspace.s3.ap-south-1.amazonaws.com/crdhs/private/2024/9/20/recording2674613831410060229.mp3,ueZoVSabYg42OxxP9Mg45g
https://crworkspace.s3.ap-south-1.amazonaws.com/crdhs/private/2024/9/20/recording8269072115223956759.mp3,LDb8XDk-pp26I791QV3Pmw
https://crworkspace.s3.ap-south-1.amazonaws.com/crdhs/private/2024/11/21/recording.mp3,--CsMlwV1w_m0om101_Z1w
https://crworkspace.s3.ap-south-1.amazonaws.com/crdhs/private/2024/11/21/recording.mp3,--CsMlwV1w_m0om101_Z1w
https://crworkspace.s3.ap-south-1.amazonaws.com/crdhs/private/2024/11/21/recording.mp3,--CsMlwV1w_m0om101_Z1w
https://crworkspace.s3.ap-south-1.amazonaws.com/crdhs/private/2024/9/24/recording17455312793475337823.mp3,sImrFAke5QwIWSsKIFxEAg
https://crworkspace.s3.ap-south-1.amazonaws.com/crdhs/private/2024/11/26/recording.mp3,-8AhiNg6tiGz8N7jiEqUFA
https://crworkspace.s3.ap-south-1.amazonaws.com/crdhs/private/2024/11/26/recording.mp3,-8AhiNg6tiGz8N7jiEqUFA
https://crworkspace.s3.ap-south-1.amazonaws.com/crdhs/private/2024/9/26/recording3190488743646135269.mp3,WAKrnkPORJunDb5rc0VL5Q
https://crworkspace.s3.ap-south-1.amazonaws.com/crdhs/private/2024/9/20/recording18432609188651297191.mp3,8DfsJBelDVYpstnaPPTIXQ
https://crworkspace.s3.ap-south-1.amazonaws.com/crdhs/private/2024/9/23/recording2149234752781994924.mp3,8Fp4rTOsCBQOBB-kg1befQ
https://crworkspace.s3.ap-south-1.amazonaws.com/crdhs/private/2024/9/25/recording18112641337348819773.mp3,JKN6AN0SIs8bvDTexzRjyg
https://crworkspace.s3.ap-south-1.amazonaws.com/crdhs/private/2024/11/26/recording.mp3,-8AhiNg6tiGz8N7jiEqUFA
https://crworkspace.s3.ap-south-1.amazonaws.com/crdhs/private/2024/9/20/recording18012989897901415940.mp3,AZX6mRszciiAzKz73HaKxQ
https://crworkspace.s3.ap-south-1.amazonaws.com/crdhs/private/2024/9/21/recording4164107394756312926.mp3,vz_z68Cwb2NoswyZhHhdAw
https://crworkspace.s3.ap-south-1.amazonaws.com/crdhs/private/2024/9/23/recording8877928678946618795.mp3,84gCV1G5-JstnqhHt26ECA
https://crworkspace.s3.ap-south-1.amazonaws.com/crdhs/private/2024/10/6/recording4225058333035667031.mp3,9g_3TqVK9GovxtJIrXJFAQ
https://crworkspace.s3.ap-south-1.amazonaws.com/crdhs/private/2024/9/26/recording9998062356748992929.mp3,YLMeBrkzl3CVp9kEl72WNA
https://crworkspace.s3.ap-south-1.amazonaws.com/crdhs/private/2024/9/24/recording1091815064159174844.mp3,8zX6whUJsjyfvz6S2htAcA
https://crworkspace.s3.ap-south-1.amazonaws.com/crdhs/private/2024/10/6/recording9544680511562453745.mp3,7izJ__U5e-Ow1WnjvGQNKw
https://crworkspace.s3.ap-south-1.amazonaws.com/crdhs/private/2024/10/6/recording12749174401522259074.mp3,4FikbZcuK_0jPDjhYrlGhQ
https://crworkspace.s3.ap-south-1.amazonaws.com/crdhs/private/2024/9/26/recording15960060080002207432.mp3,yfoyjRUm3OUKPq6z2OK6Nw
https://crworkspace.s3.ap-south-1.amazonaws.com/crdhs/private/2024/10/6/recording17457063299564484641.mp3,4Wb0tFtdEA_0nRp6NJLmpQ
https://crworkspace.s3.ap-south-1.amazonaws.com/crdhs/private/2024/9/24/recording2738366671063294400.mp3,8mESbB_mSWcL7TwDzSuwxw
https://crworkspace.s3.ap-south-1.amazonaws.com/crdhs/private/2024/9/24/recording13633791522926535640.mp3,dU2ABmxNASqd6tMlfTPy3g
https://crworkspace.s3.ap-south-1.amazonaws.com/crdhs/private/2024/9/26/recording4449380532084895364.mp3,eT9nizg5XA6wyY2HjhSwtg
https://crworkspace.s3.ap-south-1.amazonaws.com/crdhs/private/2024/11/6/recording.mp3,--HarojsWojLTjUTow1RHA
https://crworkspace.s3.ap-south-1.amazonaws.com/crdhs/private/2024/9/27/recording8031158490471016010.mp3,mDbO63UNhpgwN_Rko1HlYg
https://crworkspace.s3.ap-south-1.amazonaws.com/crdhs/private/2024/9/27/recording12820171764870845178.mp3,YXLPJOgY-C5lRwGW-8GpDA
https://crworkspace.s3.ap-south-1.amazonaws.com/crdhs/private/2024/9/25/recording7641072888076733177.mp3,fHKOcMUAb6sT48pk4Sxobw
https://crworkspace.s3.ap-south-1.amazonaws.com/crdhs/private/2024/9/25/recording14025795737792661765.mp3,ZI2VH18JfH1lUwCMkhOfPw
https://crworkspace.s3.ap-south-1.amazonaws.com/crdhs/private/2024/9/25/recording8873035305647744028.mp3,u0NrH6zYDpPL4d3On9sh6Q
https://crworkspace.s3.ap-south-1.amazonaws.com/crdhs/private/2024/11/6/recording.mp3,--HarojsWojLTjUTow1RHA
https://crworkspace.s3.ap-south-1.amazonaws.com/crdhs/private/2024/11/6/recording.mp3,--HarojsWojLTjUTow1RHA
https://crworkspace.s3.ap-south-1.amazonaws.com/crdhs/private/2024/9/24/recording11333592502578405669.mp3,lgq8iBO-qalRlSR1i4O-vA
https://crworkspace.s3.ap-south-1.amazonaws.com/crdhs/private/2024/9/20/recording3105037236542711989.mp3,VH0XpxmSNqyBRzYiRdMjaQ
https://crworkspace.s3.ap-south-1.amazonaws.com/crdhs/private/2024/9/24/recording2140799758547387745.mp3,fyddj9T-2NkBFGx-k1q9Jg
https://crworkspace.s3.ap-south-1.amazonaws.com/crdhs/private/2024/9/23/recording14248508684057683625.mp3,LppWEmW3M1yulw95T0e3dw
https://crworkspace.s3.ap-south-1.amazonaws.com/crdhs/private/2024/10/6/recording11139602629917915288.mp3,BaNAyG-OSXGISGZvvKuncg
https://crworkspace.s3.ap-south-1.amazonaws.com/crdhs/private/2024/9/26/recording1081894843659404551.mp3,fNEnKvbiNetATw3xcUZoYw
https://crworkspace.s3.ap-south-1.amazonaws.com/crdhs/private/2024/9/27/recording6993070271981128099.mp3,exn_k2FOKKvtF5adzAp2Kg
https://crworkspace.s3.ap-south-1.amazonaws.com/crdhs/private/2024/9/23/recording6900189176092670498.mp3,QhdSjV50B9bpdZeue7KJRg
https://crworkspace.s3.ap-south-1.amazonaws.com/crdhs/private/2024/9/23/recording6778481102750323064.mp3,3U2X1DyfrXy2xEcowI_kgw
https://crworkspace.s3.ap-south-1.amazonaws.com/crdhs/private/2024/9/21/recording3355196249540480254.mp3,9wY1G60uwGmNMX4QsS4JsQ
https://crworkspace.s3.ap-south-1.amazonaws.com/crdhs/private/2024/9/26/recording14245606144523793685.mp3,IZv3HtFeu_Bh82m0h5zrTA
https://crworkspace.s3.ap-south-1.amazonaws.com/crdhs/private/2024/11/6/recording.mp3,--HarojsWojLTjUTow1RHA
https://crworkspace.s3.ap-south-1.amazonaws.com/crdhs/private/2024/10/6/recording10509100400196130687.mp3,8KSihZO-3h14DL7NzIrlAA
https://crworkspace.s3.ap-south-1.amazonaws.com/crdhs/private/2024/9/21/recording15615036799921125894.mp3,nu4h-0H6Ay9wBhIukdabTQ
https://crworkspace.s3.ap-south-1.amazonaws.com/crdhs/private/2024/11/21/recording.mp3,--CsMlwV1w_m0om101_Z1w
https://crworkspace.s3.ap-south-1.amazonaws.com/crdhs/private/2024/9/20/recording16074564819087309807.mp3,tsFg4VL9EuCCui40spcGfg
https://crworkspace.s3.ap-south-1.amazonaws.com/crdhs/private/2024/11/6/recording.mp3,--HarojsWojLTjUTow1RHA
https://crworkspace.s3.ap-south-1.amazonaws.com/crdhs/private/2024/9/23/recording3629348804914775498.mp3,9bJjA7qKWy7Na5P1tnagpg
https://crworkspace.s3.ap-south-1.amazonaws.com/crdhs/private/2024/9/24/recording13846853375840020548.mp3,kaBXoTPIWAJ724rrt9if3g
https://crworkspace.s3.ap-south-1.amazonaws.com/crdhs/private/2024/11/26/recording.mp3,-8AhiNg6tiGz8N7jiEqUFA
https://crworkspace.s3.ap-south-1.amazonaws.com/crdhs/private/2024/11/26/recording.mp3,-8AhiNg6tiGz8N7jiEqUFA
https://crworkspace.s3.ap-south-1.amazonaws.com/crdhs/private/2024/11/26/recording.mp3,-8AhiNg6tiGz8N7jiEqUFA
https://crworkspace.s3.ap-south-1.amazonaws.com/crdhs/private/2024/9/23/recording14589567096892806862.mp3,ljefEL-0erGS8pZ6fPdr1w
https://crworkspace.s3.ap-south-1.amazonaws.com/crdhs/private/2024/10/7/recording10584974678596803717.mp3,P06Sphplz9ne1MXPX5TsBg
https://crworkspace.s3.ap-south-1.amazonaws.com/crdhs/private/2024/11/6/recording.mp3,--HarojsWojLTjUTow1RHA
https://crworkspace.s3.ap-south-1.amazonaws.com/crdhs/private/2024/10/6/recording10931290305032433493.mp3,XDGsk7n_USmLY97aJeGThg
https://crworkspace.s3.ap-south-1.amazonaws.com/crdhs/private/2024/11/6/recording.mp3,--HarojsWojLTjUTow1RHA
https://crworkspace.s3.ap-south-1.amazonaws.com/crdhs/private/2024/11/6/recording.mp3,--HarojsWojLTjUTow1RHA
https://crworkspace.s3.ap-south-1.amazonaws.com/crdhs/private/2024/9/20/recording16043280852890203315.mp3,CiDtsPRlj42KRj6h83whEA
https://crworkspace.s3.ap-south-1.amazonaws.com/crdhs/private/2024/11/26/recording.mp3,-8AhiNg6tiGz8N7jiEqUFA
https://crworkspace.s3.ap-south-1.amazonaws.com/crdhs/private/2024/9/20/recording983302891171080604.mp3,NuGZCT3xa5uIbcPQiDIVvg
https://crworkspace.s3.ap-south-1.amazonaws.com/crdhs/private/2024/11/21/recording.mp3,--CsMlwV1w_m0om101_Z1w
https://crworkspace.s3.ap-south-1.amazonaws.com/crdhs/private/2024/10/6/recording14112298838742146902.mp3,O3urMoHm605wPdq5153HaQ
https://crworkspace.s3.ap-south-1.amazonaws.com/crdhs/private/2024/11/6/recording.mp3,--HarojsWojLTjUTow1RHA
https://crworkspace.s3.ap-south-1.amazonaws.com/crdhs/private/2024/11/6/recording.mp3,--HarojsWojLTjUTow1RHA
https://crworkspace.s3.ap-south-1.amazonaws.com/crdhs/private/2024/11/6/recording.mp3,--HarojsWojLTjUTow1RHA
https://crworkspace.s3.ap-south-1.amazonaws.com/crdhs/private/2024/9/25/recording212913593992725635.mp3,5yQjRGOj-q0ay95o5G-5rQ
https://crworkspace.s3.ap-south-1.amazonaws.com/crdhs/private/2024/11/26/recording.mp3,-8AhiNg6tiGz8N7jiEqUFA
https://crworkspace.s3.ap-south-1.amazonaws.com/crdhs/private/2024/11/26/recording.mp3,-8AhiNg6tiGz8N7jiEqUFA
https://crworkspace.s3.ap-south-1.amazonaws.com/crdhs/private/2024/11/26/recording.mp3,-8AhiNg6tiGz8N7jiEqUFA
https://crworkspace.s3.ap-south-1.amazonaws.com/crdhs/private/2024/11/26/recording.mp3,-8AhiNg6tiGz8N7jiEqUFA
https://crworkspace.s3.ap-south-1.amazonaws.com/crdhs/private/2024/11/26/recording.mp3,-8AhiNg6tiGz8N7jiEqUFA
https://crworkspace.s3.ap-south-1.amazonaws.com/crdhs/private/2024/11/21/recording.mp3,--CsMlwV1w_m0om101_Z1w
https://crworkspace.s3.ap-south-1.amazonaws.com/crdhs/private/2024/11/6/recording.mp3,--HarojsWojLTjUTow1RHA
https://crworkspace.s3.ap-south-1.amazonaws.com/crdhs/private/2024/9/23/recording4529069169215610407.mp3,wpnRheEYQ1LhJKtUM1e-wQ
https://crworkspace.s3.ap-south-1.amazonaws.com/crdhs/private/2024/10/6/recording7878173360031888149.mp3,c5Wo_jwkQzuRli8oqGcomQ
https://crworkspace.s3.ap-south-1.amazonaws.com/crdhs/private/2024/9/21/recording2368769774946218721.mp3,U6eMlcXDo5lPPC1yQ3okvw
https://crworkspace.s3.ap-south-1.amazonaws.com/crdhs/private/2024/9/23/recording16968290835736617343.mp3,fdxTSZM5nC7bNnSDYy0a2g
https://crworkspace.s3.ap-south-1.amazonaws.com/crdhs/private/2024/9/23/recording6423215272322124799.mp3,sLCOjDPfFEay8oWHuO56ag
https://crworkspace.s3.ap-south-1.amazonaws.com/crdhs/private/2024/9/23/recording5090665638042045444.mp3,SEG9DP9-3sOOQ69v64gVgw
https://crworkspace.s3.ap-south-1.amazonaws.com/crdhs/private/2024/11/21/recording.mp3,--CsMlwV1w_m0om101_Z1w
https://crworkspace.s3.ap-south-1.amazonaws.com/crdhs/private/2024/9/24/recording7576564970907439021.mp3,QMmdvqaB_lAKTgWHwM7Zeg
https://crworkspace.s3.ap-south-1.amazonaws.com/crdhs/private/2024/9/23/recording4031150649706617856.mp3,1wnBol-V73-PnMnxpUrmwg
https://crworkspace.s3.ap-south-1.amazonaws.com/crdhs/private/2024/10/7/recording10537783096816399555.mp3,H8JjTJhe5pXZS6_i0ie1Zg
https://crworkspace.s3.ap-south-1.amazonaws.com/crdhs/private/2024/9/23/recording5983928498671230345.mp3,ULUfLRfVDGxz8mxG2VIQtw
https://crworkspace.s3.ap-south-1.amazonaws.com/crdhs/private/2024/9/20/recording18174153787848717988.mp3,vumI57bWh7TqbQuaQLRRLA
https://crworkspace.s3.ap-south-1.amazonaws.com/crdhs/private/2024/9/20/recording10792244623811362562.mp3,YJr18agmDHz1ZOT7m88r2A
https://crworkspace.s3.ap-south-1.amazonaws.com/crdhs/private/2024/9/21/recording12347022274899942306.mp3,Dy2KUcb9MTwv0pVrFwXbOw
https://crworkspace.s3.ap-south-1.amazonaws.com/crdhs/private/2024/9/20/recording14671734234581064182.mp3,_hZVNtehEqAS770Q9AUHsQ
https://crworkspace.s3.ap-south-1.amazonaws.com/crdhs/private/2024/9/23/recording2729144197058406818.mp3,lMN8buw513C_aZugzHCbgQ
https://crworkspace.s3.ap-south-1.amazonaws.com/crdhs/private/2024/9/21/recording6266180734783770467.mp3,x947lGkHv_GJLqHplEcNEg
https://crworkspace.s3.ap-south-1.amazonaws.com/crdhs/private/2024/9/21/recording8878721836994558895.mp3,tzHxvc2sqRnHWhF18omrhQ
https://crworkspace.s3.ap-south-1.amazonaws.com/crdhs/private/2024/9/24/recording11791301402140715899.mp3,qYU6unSWouIx1sw3pzqlXA
https://crworkspace.s3.ap-south-1.amazonaws.com/crdhs/private/2024/9/21/recording10416010913581971553.mp3,6uttsNRMZMxotr7MOPvwfg
https://crworkspace.s3.ap-south-1.amazonaws.com/crdhs/private/2024/9/20/recording5784796260635935139.mp3,vbZFeKi5Sp3aOkYWMyNf8Q
https://crworkspace.s3.ap-south-1.amazonaws.com/crdhs/private/2024/9/23/recording16931742217092076564.mp3,YvAHEh4QVXIxnnGkO07w7A
https://crworkspace.s3.ap-south-1.amazonaws.com/crdhs/private/2024/9/24/recording6253439131455303261.mp3,vkATR1QdAWWavDgV8z-p6A
https://crworkspace.s3.ap-south-1.amazonaws.com/crdhs/private/2024/9/23/recording6292150462579267214.mp3,Z7iiaNJSM7rSfZchg3Ytww
https://crworkspace.s3.ap-south-1.amazonaws.com/crdhs/private/2024/9/20/recording13280133672584278675.mp3,-2xqSHF-gGZ1AHuUNio2Ag
https://crworkspace.s3.ap-south-1.amazonaws.com/crdhs/private/2024/9/23/recording4848165914349879811.mp3,c52o3VgikNGU68IPaIIrXw
https://crworkspace.s3.ap-south-1.amazonaws.com/crdhs/private/2024/9/20/recording5621293281525244055.mp3,8QvwrDZrEXpnp1UKUNqb2w
https://crworkspace.s3.ap-south-1.amazonaws.com/crdhs/private/2024/9/23/recording7881277301012263139.mp3,llQPOHOndsGlqQnkTl7o8w
https://crworkspace.s3.ap-south-1.amazonaws.com/crdhs/private/2024/9/23/recording17456361662770767704.mp3,ys0_qQif4oDXXymuKHeHqQ
https://crworkspace.s3.ap-south-1.amazonaws.com/crdhs/private/2024/11/21/recording.mp3,--CsMlwV1w_m0om101_Z1w
https://crworkspace.s3.ap-south-1.amazonaws.com/crdhs/private/2024/9/21/recording13563143008475180181.mp3,q9L8arOLuQ4rC9-BV6oBpQ
https://crworkspace.s3.ap-south-1.amazonaws.com/crdhs/private/2024/9/23/recording14093158268644041460.mp3,N1beHQGtOne8c8tOOxQ0aA
https://crworkspace.s3.ap-south-1.amazonaws.com/crdhs/private/2024/9/21/recording5207368321460993497.mp3,RLiSCw2H4QGp9T3QdZ5H_Q
https://crworkspace.s3.ap-south-1.amazonaws.com/crdhs/private/2024/9/23/recording8718095290016812877.mp3,h3V-5vQaX3JmL3W8FZS0hw
https://crworkspace.s3.ap-south-1.amazonaws.com/crdhs/private/2024/11/21/recording.mp3,--CsMlwV1w_m0om101_Z1w
https://crworkspace.s3.ap-south-1.amazonaws.com/crdhs/private/2024/9/23/recording13433731946319202484.mp3,ROXNeLvI2wN2X9XQpjRGEA
https://crworkspace.s3.ap-south-1.amazonaws.com/crdhs/private/2024/9/21/recording18238114285821575019.mp3,gZLSSmog1z9OCpldqRbgCQ
https://crworkspace.s3.ap-south-1.amazonaws.com/crdhs/private/2024/9/21/recording5139555443466999342.mp3,mtGTGPB1oiHQtL9N9tTs4g
https://crworkspace.s3.ap-south-1.amazonaws.com/crdhs/private/2024/9/21/recording8412369696232300556.mp3,dAo2N3tl0hBn5ZGGI_TpHg
https://crworkspace.s3.ap-south-1.amazonaws.com/crdhs/private/2024/9/24/recording726557095953524463.mp3,8H5CLsb9qM1v2_46Hb6LLg
https://crworkspace.s3.ap-south-1.amazonaws.com/crdhs/private/2024/9/24/recording7956032899319865090.mp3,wn8j4c6mmF30-ccFBs8txA
https://crworkspace.s3.ap-south-1.amazonaws.com/crdhs/private/2024/9/20/recording10872184035118742921.mp3,810eoWVn4GbFq53heEMfqw
https://crworkspace.s3.ap-south-1.amazonaws.com/crdhs/private/2024/9/25/recording5560545863049007047.mp3,VRRnxwEmhLcyVQZ59kxcVw
https://crworkspace.s3.ap-south-1.amazonaws.com/crdhs/private/2024/9/26/recording1263587407959333965.mp3,ZBHS_VTDlX2u5Vytsd4piw
https://crworkspace.s3.ap-south-1.amazonaws.com/crdhs/private/2024/9/23/recording11046509521872064471.mp3,be9r3D5Wekwo5nsDpJBVvw
https://crworkspace.s3.ap-south-1.amazonaws.com/crdhs/private/2024/9/25/recording13264081480078514526.mp3,YIuxqzrL3RKpi5mqLsTepw
https://crworkspace.s3.ap-south-1.amazonaws.com/crdhs/private/2024/9/27/recording8233658699049057552.mp3,zeKIN3P7ayZ54jt07TWOZw
https://crworkspace.s3.ap-south-1.amazonaws.com/crdhs/private/2024/9/20/recording2499205560193671584.mp3,mHNFto2xCH0ZsCiqKwC9ig
https://crworkspace.s3.ap-south-1.amazonaws.com/crdhs/private/2024/9/23/recording7245195042582675653.mp3,Bdso45ToMMVD6DkzwtSgrA
https://crworkspace.s3.ap-south-1.amazonaws.com/crdhs/private/2024/9/21/recording16387763866226695054.mp3,vM9Kdl4nwdVs05rJIYlPHg
https://crworkspace.s3.ap-south-1.amazonaws.com/crdhs/private/2024/10/7/recording6744106641860748878.mp3,AX2-F36NmulPAv-gIbn9NQ
https://crworkspace.s3.ap-south-1.amazonaws.com/crdhs/private/2024/11/6/recording.mp3,--HarojsWojLTjUTow1RHA
https://crworkspace.s3.ap-south-1.amazonaws.com/crdhs/private/2024/11/21/recording.mp3,--CsMlwV1w_m0om101_Z1w
https://crworkspace.s3.ap-south-1.amazonaws.com/crdhs/private/2024/11/6/recording.mp3,--HarojsWojLTjUTow1RHA
https://crworkspace.s3.ap-south-1.amazonaws.com/crdhs/private/2024/9/23/recording7619204713151665628.mp3,8plF0OCzPXl0HK2GPPsHFQ
https://crworkspace.s3.ap-south-1.amazonaws.com/crdhs/private/2024/11/6/recording.mp3,--HarojsWojLTjUTow1RHA
https://crworkspace.s3.ap-south-1.amazonaws.com/crdhs/private/2024/9/25/recording17707972491428114581.mp3,u7r2wszoQQ77oet8IiMxdg
https://crworkspace.s3.ap-south-1.amazonaws.com/crdhs/private/2024/9/23/recording16319779065440519684.mp3,ggCFIKtA9T44CEnR7Fgiaw
https://crworkspace.s3.ap-south-1.amazonaws.com/crdhs/private/2024/9/24/recording7603361701803223669.mp3,fUSNLmC0DVpxEUSE2O5WzQ
https://crworkspace.s3.ap-south-1.amazonaws.com/crdhs/private/2024/9/27/recording4511397820246789841.mp3,EaLTPDhMTxPJ-QI1zTxV_g
https://crworkspace.s3.ap-south-1.amazonaws.com/crdhs/private/2024/11/26/recording.mp3,-8AhiNg6tiGz8N7jiEqUFA
https://crworkspace.s3.ap-south-1.amazonaws.com/crdhs/private/2024/9/27/recording10410540428981545861.mp3,Clwu8R7VA8bombkMByiwTw
https://crworkspace.s3.ap-south-1.amazonaws.com/crdhs/private/2024/11/6/recording.mp3,--HarojsWojLTjUTow1RHA
https://crworkspace.s3.ap-south-1.amazonaws.com/crdhs/private/2024/9/23/recording10590142907238939054.mp3,tzpvZZQbdqUGh-z3PMKg3A
https://crworkspace.s3.ap-south-1.amazonaws.com/crdhs/private/2024/9/20/recording1330645514134640141.mp3,k-BdrOkixquxh_3hyL3_zQ
https://crworkspace.s3.ap-south-1.amazonaws.com/crdhs/private/2024/9/21/recording13675537838609288359.mp3,WT2MH0thll15OGsukPnHOg
https://crworkspace.s3.ap-south-1.amazonaws.com/crdhs/private/2024/9/25/recording18201017561347798484.mp3,0WbYnDAUSK1FXGPeS7RjRw
https://crworkspace.s3.ap-south-1.amazonaws.com/crdhs/private/2024/11/21/recording.mp3,--CsMlwV1w_m0om101_Z1w
https://crworkspace.s3.ap-south-1.amazonaws.com/crdhs/private/2024/11/6/recording.mp3,--HarojsWojLTjUTow1RHA
https://crworkspace.s3.ap-south-1.amazonaws.com/crdhs/private/2024/10/7/recording14659094601671907454.mp3,9sWBIkWnGE5cZ50Vg2k6sQ
https://crworkspace.s3.ap-south-1.amazonaws.com/crdhs/private/2024/9/25/recording9742495148045008822.mp3,0WYvx7_NzFU2l-vpcQ_CXg
https://crworkspace.s3.ap-south-1.amazonaws.com/crdhs/private/2024/11/6/recording.mp3,--HarojsWojLTjUTow1RHA
https://crworkspace.s3.ap-south-1.amazonaws.com/crdhs/private/2024/9/24/recording15058906409692655217.mp3,7-J_dVcrAbkqU63d_jx_wg
https://crworkspace.s3.ap-south-1.amazonaws.com/crdhs/private/2024/9/23/recording2595986632150957982.mp3,cqmbG7ypdyQxTtpNrJYLAA
https://crworkspace.s3.ap-south-1.amazonaws.com/crdhs/private/2024/9/25/recording10579599948604829122.mp3,_30u5QiLuda8yYO4dGZieA
https://crworkspace.s3.ap-south-1.amazonaws.com/crdhs/private/2024/9/27/recording4808353093413711358.mp3,QSflmryzZwbjapOe35gFSw
https://crworkspace.s3.ap-south-1.amazonaws.com/crdhs/private/2024/9/20/recording6406507125634676589.mp3,ynaLrIDj6S2qGSutGGOaUw
https://crworkspace.s3.ap-south-1.amazonaws.com/crdhs/private/2024/9/24/recording15859496200809196174.mp3,t3Z_XnxeCoV3UR-0ojBgsQ
https://crworkspace.s3.ap-south-1.amazonaws.com/crdhs/private/2024/9/20/recording13774060204063903070.mp3,yMbb-GouJBdlRrDpNKoBdg
https://crworkspace.s3.ap-south-1.amazonaws.com/crdhs/private/2024/9/20/recording10055517379823326709.mp3,ZZLUM2AhUW-OGKsCfb2_YQ
https://crworkspace.s3.ap-south-1.amazonaws.com/crdhs/private/2024/11/26/recording.mp3,-8AhiNg6tiGz8N7jiEqUFA
https://crworkspace.s3.ap-south-1.amazonaws.com/crdhs/private/2024/9/23/recording15206385697742609081.mp3,AZqFoUreQodh6SV-tWOi-w
https://crworkspace.s3.ap-south-1.amazonaws.com/crdhs/private/2024/9/20/recording4269121329205061405.mp3,P92sRiZ1A-GnWb6OrNmn3Q
https://crworkspace.s3.ap-south-1.amazonaws.com/crdhs/private/2024/9/23/recording5873974285838243418.mp3,CmixKq0nAogM9h4wnPDE7Q
https://crworkspace.s3.ap-south-1.amazonaws.com/crdhs/private/2024/9/27/recording6653946589726060431.mp3,5fZn92abZcvIExm-D6utTA
https://crworkspace.s3.ap-south-1.amazonaws.com/crdhs/private/2024/9/26/recording16775732032738523070.mp3,gd1roJ2v74k9tuAaxrV9Ig
https://crworkspace.s3.ap-south-1.amazonaws.com/crdhs/private/2024/9/20/recording8457624867462880150.mp3,L9nPuy_-O1cLMm7GHsuUvQ
https://crworkspace.s3.ap-south-1.amazonaws.com/crdhs/private/2024/9/20/recording5924143964007163996.mp3,ZiOlTUBt7K-AFxJYbJvGqw
https://crworkspace.s3.ap-south-1.amazonaws.com/crdhs/private/2024/9/26/recording1940955527741583974.mp3,LJZ0dvUWksidufGPsqEa6w
https://crworkspace.s3.ap-south-1.amazonaws.com/crdhs/private/2024/9/20/recording13043830955893744674.mp3,vcevfdUitCm3rp9UuyQnxg
https://crworkspace.s3.ap-south-1.amazonaws.com/crdhs/private/2024/11/26/recording.mp3,-8AhiNg6tiGz8N7jiEqUFA
https://crworkspace.s3.ap-south-1.amazonaws.com/crdhs/private/2024/9/23/recording4882536809052631368.mp3,jiRYMTbDBI2JfKt2pQ7DnQ
https://crworkspace.s3.ap-south-1.amazonaws.com/crdhs/private/2024/9/20/recording10862986099664411865.mp3,stXa2_wTlkOGM4nm_1dV1g
https://crworkspace.s3.ap-south-1.amazonaws.com/crdhs/private/2024/11/26/recording.mp3,-8AhiNg6tiGz8N7jiEqUFA
https://crworkspace.s3.ap-south-1.amazonaws.com/crdhs/private/2024/9/27/recording13414677870576627281.mp3,KKaJ4K70R_GLA9zBcINOKQ
https://crworkspace.s3.ap-south-1.amazonaws.com/crdhs/private/2024/9/25/recording8585436658024638086.mp3,mkxT52A6L7VrjXck8l8urg
https://crworkspace.s3.ap-south-1.amazonaws.com/crdhs/private/2024/11/26/recording.mp3,-8AhiNg6tiGz8N7jiEqUFA
https://crworkspace.s3.ap-south-1.amazonaws.com/crdhs/private/2024/9/20/recording15785759021631264225.mp3,OmsJ7rkLufAsB1YQrehvjQ
https://crworkspace.s3.ap-south-1.amazonaws.com/crdhs/private/2024/11/26/recording.mp3,-8AhiNg6tiGz8N7jiEqUFA
https://crworkspace.s3.ap-south-1.amazonaws.com/crdhs/private/2024/11/26/recording.mp3,-8AhiNg6tiGz8N7jiEqUFA
https://crworkspace.s3.ap-south-1.amazonaws.com/crdhs/private/2024/11/21/recording.mp3,--CsMlwV1w_m0om101_Z1w
https://crworkspace.s3.ap-south-1.amazonaws.com/crdhs/private/2024/9/23/recording11454679808170448913.mp3,HiDBwHzTrMsHtkPn5sBzEg
https://crworkspace.s3.ap-south-1.amazonaws.com/crdhs/private/2024/10/6/recording8111894998872095018.mp3,d-osNCVDKe-vOfDoEivqlw
https://crworkspace.s3.ap-south-1.amazonaws.com/crdhs/private/2024/9/20/recording4398067759025818595.mp3,EOlHJh_JDm4A1GTGWVPBtQ
https://crworkspace.s3.ap-south-1.amazonaws.com/crdhs/private/2024/9/21/recording16968744700070492669.mp3,YitGJnmiP5Wh_tvnLwwWiw
https://crworkspace.s3.ap-south-1.amazonaws.com/crdhs/private/2024/9/21/recording8252934193991266337.mp3,RAxSQnP26Owwx7tmbna6VQ
https://crworkspace.s3.ap-south-1.amazonaws.com/crdhs/private/2024/9/23/recording18238691843932641207.mp3,RxSyzSVCj8QLolHyUhtwcQ
https://crworkspace.s3.ap-south-1.amazonaws.com/crdhs/private/2024/9/20/recording10308358026235971209.mp3,_2aV-LxBoKIGDX6eG_TLaw
https://crworkspace.s3.ap-south-1.amazonaws.com/crdhs/private/2024/9/25/recording11724473028638980055.mp3,a39bKyg9u2tY8bHXHJesfQ
https://crworkspace.s3.ap-south-1.amazonaws.com/crdhs/private/2024/9/20/recording17806534269070104040.mp3,dOjvNKmIJ_-M3hkbikdhTw
https://crworkspace.s3.ap-south-1.amazonaws.com/crdhs/private/2024/9/21/recording10878294458212509170.mp3,kPdGYzUr1VdKv9VU_qWTFw
https://crworkspace.s3.ap-south-1.amazonaws.com/crdhs/private/2024/9/20/recording14842693305004884217.mp3,Jcwg77IADhUTdQ8ujtLTIA
https://crworkspace.s3.ap-south-1.amazonaws.com/crdhs/private/2024/9/21/recording5225042500220539055.mp3,zTuvvIz-UtOY1Z6HI81vJg
https://crworkspace.s3.ap-south-1.amazonaws.com/crdhs/private/2024/9/23/recording12180147740351130246.mp3,P47wbVFqpGVxp1WYrfZ2qQ
https://crworkspace.s3.ap-south-1.amazonaws.com/crdhs/private/2024/9/20/recording14409636587146271534.mp3,z4FW7G8TcVTwN4sYF9Pjwg
https://crworkspace.s3.ap-south-1.amazonaws.com/crdhs/private/2024/9/20/recording9566799872712856982.mp3,eG78wIrxNLSZZqVewzOo-w
https://crworkspace.s3.ap-south-1.amazonaws.com/crdhs/private/2024/9/20/recording11475900817403433782.mp3,12nBxqgrYrKIvd5GzTd0lg
https://crworkspace.s3.ap-south-1.amazonaws.com/crdhs/private/2024/9/20/recording4879955486815384335.mp3,8PaP_qDddgvCarZCSWiIbg
https://crworkspace.s3.ap-south-1.amazonaws.com/crdhs/private/2024/9/20/recording7826273447792552621.mp3,upsndt-Ag_H9EuUcqD7H8A
https://crworkspace.s3.ap-south-1.amazonaws.com/crdhs/private/2024/9/20/recording15326574001699528921.mp3,2imV8U2BNRN6_kBwXot4JQ
https://crworkspace.s3.ap-south-1.amazonaws.com/crdhs/private/2024/9/20/recording11057691333895472417.mp3,1_NQuJ8h5udRiYsRWY5EsQ
https://crworkspace.s3.ap-south-1.amazonaws.com/crdhs/private/2024/9/26/recording6674353563287831359.mp3,dR0c4i8TaxaDOfBXjdMVxQ
https://crworkspace.s3.ap-south-1.amazonaws.com/crdhs/private/2024/9/26/recording16168490837099460592.mp3,VMfnJrGfEjlTjddj0j8XQA
https://crworkspace.s3.ap-south-1.amazonaws.com/crdhs/private/2024/9/20/recording13216356557640772891.mp3,GrWeeVYF879lZnAus9u1-w
https://crworkspace.s3.ap-south-1.amazonaws.com/crdhs/private/2024/9/20/recording10500272286087418502.mp3,pdTOcCsUnlkaUHWL1H8u2Q
https://crworkspace.s3.ap-south-1.amazonaws.com/crdhs/private/2024/9/21/recording13462055126929767515.mp3,vyFH1rkYghh3CzblvmxtdQ
https://crworkspace.s3.ap-south-1.amazonaws.com/crdhs/private/2024/9/20/recording8107959424708404016.mp3,wGOzubdBx1xBCwfNCXRKaw
https://crworkspace.s3.ap-south-1.amazonaws.com/crdhs/private/2024/9/20/recording1477378319859082872.mp3,NxFJ3oTuRYcqh1CGexU34w
https://crworkspace.s3.ap-south-1.amazonaws.com/crdhs/private/2024/9/21/recording12113348371748834729.mp3,LIO1mm-RHG75LI6AMKd7ew
https://crworkspace.s3.ap-south-1.amazonaws.com/crdhs/private/2024/9/23/recording13752193236802958746.mp3,Ut5pfdK4bhNAHhqMnvl_lQ
https://crworkspace.s3.ap-south-1.amazonaws.com/crdhs/private/2024/9/23/recording276165820497012517.mp3,fe6SEBa3lHb541jaT3-4WQ
https://crworkspace.s3.ap-south-1.amazonaws.com/crdhs/private/2024/9/20/recording12459459199765743587.mp3,SWtIKK0S_SKFdcdgYcH8LA
https://crworkspace.s3.ap-south-1.amazonaws.com/crdhs/private/2024/9/20/recording17226612509083080308.mp3,6aQzjnI5oNeFd08ZCZ5aLg
https://crworkspace.s3.ap-south-1.amazonaws.com/crdhs/private/2024/9/21/recording4293525404104829090.mp3,Y1qkt05mLhnDNST9pyKOCw
https://crworkspace.s3.ap-south-1.amazonaws.com/crdhs/private/2024/9/21/recording9700884043392437034.mp3,2uIYx4E7ar0X8dNOd1llSw
https://crworkspace.s3.ap-south-1.amazonaws.com/crdhs/private/2024/9/20/recording16259504302065218555.mp3,GALZFNzgAlvLNIIBuW3_5g
https://crworkspace.s3.ap-south-1.amazonaws.com/crdhs/private/2024/9/21/recording1775901907811015904.mp3,i-8gSClNo_Gi2OjejHemcA
https://crworkspace.s3.ap-south-1.amazonaws.com/crdhs/private/2024/9/21/recording8875426140848570983.mp3,PHaOiX-d_IBQJCL5_2I2Eg
https://crworkspace.s3.ap-south-1.amazonaws.com/crdhs/private/2024/9/20/recording3992287773879289322.mp3,BAuw3-LCB_jxBoDdrs_cMw
https://crworkspace.s3.ap-south-1.amazonaws.com/crdhs/private/2024/9/26/recording8276755511680576523.mp3,ARgh5nj71pmitDYND-A12Q
https://crworkspace.s3.ap-south-1.amazonaws.com/crdhs/private/2024/9/21/recording17799566596704096947.mp3,d-CFUajoR0qaebQS3b62fA
https://crworkspace.s3.ap-south-1.amazonaws.com/crdhs/private/2024/9/20/recording11498082919227629448.mp3,XLd9Gxs-vH0BJq1lKUFRbw
https://crworkspace.s3.ap-south-1.amazonaws.com/crdhs/private/2024/9/21/recording18031680887649717466.mp3,5rJDxGZNXRN21iCdhB7wHg
https://crworkspace.s3.ap-south-1.amazonaws.com/crdhs/private/2024/9/20/recording7233492593809679878.mp3,uPa6uFm73ZgL2n5Z0PZylg
https://crworkspace.s3.ap-south-1.amazonaws.com/crdhs/private/2024/9/26/recording17980498712297928139.mp3,mwPx8XtU0Hl-damEdQYMxg
https://crworkspace.s3.ap-south-1.amazonaws.com/crdhs/private/2024/9/23/recording7131783101469306106.mp3,rJ54SZI0LL1hUCrlp9LbOw
https://crworkspace.s3.ap-south-1.amazonaws.com/crdhs/private/2024/9/26/recording13950681418473303270.mp3,0LXkJwbdkO5ZcvA7AeMQ-A
https://crworkspace.s3.ap-south-1.amazonaws.com/crdhs/private/2024/9/21/recording11539109474792198159.mp3,qdnX36Oc8e_IZXpWucaqtg
https://crworkspace.s3.ap-south-1.amazonaws.com/crdhs/private/2024/9/20/recording14399805896280998090.mp3,7F2qSFLgIo1HhlKKOaFibQ
https://crworkspace.s3.ap-south-1.amazonaws.com/crdhs/private/2024/9/26/recording17717302202121221950.mp3,Bq41f7ShAz2bVW4VtHANMw
https://crworkspace.s3.ap-south-1.amazonaws.com/crdhs/private/2024/9/23/recording13907842628557699346.mp3,GBGo_CyCiskZZbMUY2n8SA
https://crworkspace.s3.ap-south-1.amazonaws.com/crdhs/private/2024/9/23/recording2153153709462764519.mp3,yFBMotAuqZrYrS7035Tr8A
https://crworkspace.s3.ap-south-1.amazonaws.com/crdhs/private/2024/9/20/recording2177997036461342567.mp3,4uD3kf1t7xJD8KMXw0hZbQ
https://crworkspace.s3.ap-south-1.amazonaws.com/crdhs/private/2024/9/20/recording9911776514914910563.mp3,B_tJQbRmcHOKdhBMjxdwMg
https://crworkspace.s3.ap-south-1.amazonaws.com/crdhs/private/2024/9/23/recording1339539502555772540.mp3,cI5fWBlYQTe1hdzgqzLbCg
https://crworkspace.s3.ap-south-1.amazonaws.com/crdhs/private/2024/9/21/recording8803039049989569902.mp3,8mGpGsguibt78dhYNSMl9A
https://crworkspace.s3.ap-south-1.amazonaws.com/crdhs/private/2024/9/21/recording8509941525545372448.mp3,koCzsSj3nAWpKcRkhw_D7Q
https://crworkspace.s3.ap-south-1.amazonaws.com/crdhs/private/2024/9/20/recording6222018421442724251.mp3,fmRjEuGfPluBgMsTmkQryQ
https://crworkspace.s3.ap-south-1.amazonaws.com/crdhs/private/2024/9/21/recording13400855914659981250.mp3,4VhCd2DDU4YGKFm7HVnzwg
https://crworkspace.s3.ap-south-1.amazonaws.com/crdhs/private/2024/9/20/recording14352261838868169785.mp3,CKY_mrG6VacPXJEN_hVIGQ
https://crworkspace.s3.ap-south-1.amazonaws.com/crdhs/private/2024/9/23/recording3145979727888470270.mp3,4D3HHDd5G9Hc7yza2rvVxQ
https://crworkspace.s3.ap-south-1.amazonaws.com/crdhs/private/2024/9/23/recording5556312834429654611.mp3,u3AYb1kOQ1pQ2S1ZUfF3Sg
https://crworkspace.s3.ap-south-1.amazonaws.com/crdhs/private/2024/9/21/recording6132276824052023892.mp3,LhAHjaYTWXMi0OnS-OFr-A
https://crworkspace.s3.ap-south-1.amazonaws.com/crdhs/private/2024/9/21/recording10746492712268926177.mp3,uHvJsV5V7XrOeCdFiEzwsw
https://crworkspace.s3.ap-south-1.amazonaws.com/crdhs/private/2024/9/20/recording17694997050637770307.mp3,WOMosfSHIrcyFEjZJt2CFw
https://crworkspace.s3.ap-south-1.amazonaws.com/crdhs/private/2024/9/23/recording8991276587643076223.mp3,kANK65TSaXGtzba7tKCH4A
https://crworkspace.s3.ap-south-1.amazonaws.com/crdhs/private/2024/9/20/recording12868317773744758042.mp3,NraxEVLk6AqTjnGQcdqC1Q
https://crworkspace.s3.ap-south-1.amazonaws.com/crdhs/private/2024/9/21/recording16278882528186806643.mp3,cl6orxCiXsZPJTHyW7TAfQ
https://crworkspace.s3.ap-south-1.amazonaws.com/crdhs/private/2024/9/21/recording14969283470192895919.mp3,5Q45W5kv6WX97ehDyt5_tQ
https://crworkspace.s3.ap-south-1.amazonaws.com/crdhs/private/2024/10/3/recording15298051883317460125.mp3,5cXvecoMzlzgWT2SOOA_0Q
https://crworkspace.s3.ap-south-1.amazonaws.com/crdhs/private/2024/9/21/recording13969008070076809133.mp3,MlRnS9GiZaj7W1lpzzcsQQ
https://crworkspace.s3.ap-south-1.amazonaws.com/crdhs/private/2024/9/21/recording11557608274546448457.mp3,3R_fBH2UoUq1qOs07T5C2g
https://crworkspace.s3.ap-south-1.amazonaws.com/crdhs/private/2024/9/21/recording806860315100377787.mp3,33iwCykK0uO_L8JNphwdEA
https://crworkspace.s3.ap-south-1.amazonaws.com/crdhs/private/2024/9/20/recording8213726559008898071.mp3,QHriHFPSYddCCm9fE_2gNg
https://crworkspace.s3.ap-south-1.amazonaws.com/crdhs/private/2024/9/21/recording13176558288999010642.mp3,7pcpTq5LfVnzr5rVqAVDXQ
https://crworkspace.s3.ap-south-1.amazonaws.com/crdhs/private/2024/9/23/recording883323617479815419.mp3,5tH6bJBgTDgasK7VE8nssQ
https://crworkspace.s3.ap-south-1.amazonaws.com/crdhs/private/2024/9/20/recording6963538167105459134.mp3,QmNajbRIg8bRBajv3p7wsQ
https://crworkspace.s3.ap-south-1.amazonaws.com/crdhs/private/2024/9/25/recording684625388094308911.mp3,6p1bgwRCtwcQwDzWyNPKXw
https://crworkspace.s3.ap-south-1.amazonaws.com/crdhs/private/2024/9/23/recording11814382840257676170.mp3,w66NehEZPpXxP3b5K5kqIw
https://crworkspace.s3.ap-south-1.amazonaws.com/crdhs/private/2024/9/21/recording13149553408615436423.mp3,Vnz6kBrk7977-gTV2xBUWA
https://crworkspace.s3.ap-south-1.amazonaws.com/crdhs/private/2024/9/25/recording5331266981348035545.mp3,r14ulrgJDBME6yT7KRxKuQ
https://crworkspace.s3.ap-south-1.amazonaws.com/crdhs/private/2024/9/20/recording8802256433850383693.mp3,3OjAHC4irkIE26Z_YwLElw
https://crworkspace.s3.ap-south-1.amazonaws.com/crdhs/private/2024/9/25/recording9928249594429539040.mp3,K0EqK5ma0pnmvonweAZWGA
https://crworkspace.s3.ap-south-1.amazonaws.com/crdhs/private/2024/9/21/recording9851916443808153266.mp3,0qlnFNg4bFK9MB8IKOgSNw
https://crworkspace.s3.ap-south-1.amazonaws.com/crdhs/private/2024/9/26/recording11500783381501717150.mp3,Jh3LETeby90B6bp5hTkdeQ
https://crworkspace.s3.ap-south-1.amazonaws.com/crdhs/private/2024/9/23/recording15580147830054989635.mp3,jRzGvJ_B5mOJZTbwvJY43g
https://crworkspace.s3.ap-south-1.amazonaws.com/crdhs/private/2024/9/25/recording988493698953541624.mp3,qeWH5OBUTZHqTz4Qr9TwPA
https://crworkspace.s3.ap-south-1.amazonaws.com/crdhs/private/2024/9/20/recording15466192180747636052.mp3,cESxuDRpi0-bkXNHTvEqkw
https://crworkspace.s3.ap-south-1.amazonaws.com/crdhs/private/2024/9/20/recording16650331487125806600.mp3,BKEd-wWJUHrKbYewc8QTLA
https://crworkspace.s3.ap-south-1.amazonaws.com/crdhs/private/2024/9/21/recording937239737767879240.mp3,6Z2Y3WBsdS5iZsJJOjgwBA
https://crworkspace.s3.ap-south-1.amazonaws.com/crdhs/private/2024/9/20/recording13968415638336405071.mp3,IJgwaiecq_xNRLiI5N7hJw
https://crworkspace.s3.ap-south-1.amazonaws.com/crdhs/private/2024/9/26/recording10186060548999477778.mp3,_BDTi4U4J8-itIlQv7f-_w
https://crworkspace.s3.ap-south-1.amazonaws.com/crdhs/private/2024/9/20/recording12136404802783547517.mp3,Dwq_cFDY40f2AMW82A5lgg
https://crworkspace.s3.ap-south-1.amazonaws.com/crdhs/private/2024/9/25/recording118962703831880755.mp3,eDjj5w3FhPqGy4inHgl4xA
https://crworkspace.s3.ap-south-1.amazonaws.com/crdhs/private/2024/9/21/recording236010044383799164.mp3,rDbuJa_m2KV-gpxguilVKw
https://crworkspace.s3.ap-south-1.amazonaws.com/crdhs/private/2024/9/24/recording6165104097052052070.mp3,yMNPjVKr8j2F8cwX5VhzIw
https://crworkspace.s3.ap-south-1.amazonaws.com/crdhs/private/2024/9/21/recording15005668903314606720.mp3,HxtxQKeIBHGdTY0PlD2bgw
https://crworkspace.s3.ap-south-1.amazonaws.com/crdhs/private/2024/9/26/recording17250174690636964902.mp3,ZxZtLqh8fgs0vvxRzkd8oQ
https://crworkspace.s3.ap-south-1.amazonaws.com/crdhs/private/2024/9/23/recording10850868402373247807.mp3,t_TjThsI44olHHKZoPZAsQ
https://crworkspace.s3.ap-south-1.amazonaws.com/crdhs/private/2024/9/21/recording16173842128795162245.mp3,OHI75RBmucJrA1vm29GntQ
https://crworkspace.s3.ap-south-1.amazonaws.com/crdhs/private/2024/9/21/recording11029501590794846612.mp3,fxXRUb-31i4_tgPeE_1-Tw
https://crworkspace.s3.ap-south-1.amazonaws.com/crdhs/private/2024/9/21/recording6800514113740384097.mp3,q2P9xSMggWx4l2O5cNWqFQ
https://crworkspace.s3.ap-south-1.amazonaws.com/crdhs/private/2024/9/26/recording10317944235223598592.mp3,c9UVRQHwCifJmjYF-yqT_g
https://crworkspace.s3.ap-south-1.amazonaws.com/crdhs/private/2024/9/23/recording10940930743023985674.mp3,GVkidqMvba6lLC1bGunAWA
https://crworkspace.s3.ap-south-1.amazonaws.com/crdhs/private/2024/9/23/recording13826055400675746808.mp3,qyEQ7GNEDOfwMJb0gk1FSQ
https://crworkspace.s3.ap-south-1.amazonaws.com/crdhs/private/2024/9/23/recording9905444307631191289.mp3,BeJIpo7Md9e6UiL3pTzFBg
https://crworkspace.s3.ap-south-1.amazonaws.com/crdhs/private/2024/9/26/recording13032526650092570181.mp3,IqB4MvvfXcxNH1PKaAKguw
https://crworkspace.s3.ap-south-1.amazonaws.com/crdhs/private/2024/9/20/recording957317878491622386.mp3,ZlkH4xcbMR4D2g9Re8GK4w
https://crworkspace.s3.ap-south-1.amazonaws.com/crdhs/private/2024/9/21/recording6965748818474753486.mp3,mmG1YKasV2DCaOLSzWSBlg
https://crworkspace.s3.ap-south-1.amazonaws.com/crdhs/private/2024/9/21/recording18155679047989746363.mp3,LcDZETlcBxjwpPn-uDEkKA
https://crworkspace.s3.ap-south-1.amazonaws.com/crdhs/private/2024/9/25/recording12597734719148095152.mp3,MIg4HNbUj4lm5_kwmOe6TA
https://crworkspace.s3.ap-south-1.amazonaws.com/crdhs/private/2024/9/20/recording9163707926304699407.mp3,VVNI34nHeqnXwrqs72ll9g
https://crworkspace.s3.ap-south-1.amazonaws.com/crdhs/private/2024/9/26/recording3201521011682443208.mp3,t2Al-4rF2j2U6iuEmC2L1A
https://crworkspace.s3.ap-south-1.amazonaws.com/crdhs/private/2024/9/24/recording12823070619742737784.mp3,3Cb-z8PWm6CniupkBkTtaw
https://crworkspace.s3.ap-south-1.amazonaws.com/crdhs/private/2024/9/21/recording8079455077658034089.mp3,0ub4Ksd05nrSF3CeMMWIpw
https://crworkspace.s3.ap-south-1.amazonaws.com/crdhs/private/2024/9/25/recording8792459507975957592.mp3,KZH9ppK_OdUzIwi8feEd2A
https://crworkspace.s3.ap-south-1.amazonaws.com/crdhs/private/2024/9/21/recording17920648303322149592.mp3,hcRIu-Eq9E8znSKwjZH_Ew
https://crworkspace.s3.ap-south-1.amazonaws.com/crdhs/private/2024/9/21/recording3913534254771135855.mp3,LcjyVWpErhUXRWpUSvcI5w
https://crworkspace.s3.ap-south-1.amazonaws.com/crdhs/private/2024/9/23/recording3377594603018905834.mp3,Gpn_ihuklW9XkRw42WA5EQ
https://crworkspace.s3.ap-south-1.amazonaws.com/crdhs/private/2024/9/21/recording2329391249705536993.mp3,9FC4D2aR0IK7cCb--K992w
https://crworkspace.s3.ap-south-1.amazonaws.com/crdhs/private/2024/9/20/recording17811953086647703302.mp3,EMcM7_8n9SwtHbgSfYI57A
https://crworkspace.s3.ap-south-1.amazonaws.com/crdhs/private/2024/9/21/recording9405366591239638742.mp3,pTOevsvFS9TVrCcam-HsSQ
https://crworkspace.s3.ap-south-1.amazonaws.com/crdhs/private/2024/9/21/recording8763682295353167813.mp3,s1lyKxDLJ_Rrzkw8MMGR0Q
https://crworkspace.s3.ap-south-1.amazonaws.com/crdhs/private/2024/9/26/recording5489734687027242383.mp3,Yu5xOPlCZ_fDYJ--nNAPPw
https://crworkspace.s3.ap-south-1.amazonaws.com/crdhs/private/2024/9/21/recording18010071948528120207.mp3,EKhmsohESQgvSUWLNuy2kA
https://crworkspace.s3.ap-south-1.amazonaws.com/crdhs/private/2024/9/26/recording1905386728194135906.mp3,ewkF_lY52OqlS2Vu7w0l1Q
https://crworkspace.s3.ap-south-1.amazonaws.com/crdhs/private/2024/9/21/recording3114412208950330317.mp3,swJW8Ofruxgg16nDqFpCfw
https://crworkspace.s3.ap-south-1.amazonaws.com/crdhs/private/2024/9/21/recording2282907916001373292.mp3,Brtr0-lwE57vs8iAvhi9tg
https://crworkspace.s3.ap-south-1.amazonaws.com/crdhs/private/2024/9/20/recording17164706190616882043.mp3,Y9X0_Sirm_xPEXuG38TcxQ
https://crworkspace.s3.ap-south-1.amazonaws.com/crdhs/private/2024/9/20/recording2225498325800447648.mp3,B5XtCAUGO8n_kuTOnGdINg
https://crworkspace.s3.ap-south-1.amazonaws.com/crdhs/private/2024/9/21/recording4467598498859074716.mp3,cPJoT7kuLr9p45F541JQuA
https://crworkspace.s3.ap-south-1.amazonaws.com/crdhs/private/2024/9/21/recording17574666505723867509.mp3,WPzsj7YkJ4ZTVohg3GsaZQ
https://crworkspace.s3.ap-south-1.amazonaws.com/crdhs/private/2024/9/26/recording9846104167064878825.mp3,IY4z7ZvxZXrFbunWRqc6yQ
https://crworkspace.s3.ap-south-1.amazonaws.com/crdhs/private/2024/9/23/recording2697822345290488914.mp3,FfpyBnNBRgXhsQ5Jo19HGg
https://crworkspace.s3.ap-south-1.amazonaws.com/crdhs/private/2024/9/21/recording8492105271523311334.mp3,zrw9fuefn8SXgFyHO6r-ZQ
https://crworkspace.s3.ap-south-1.amazonaws.com/crdhs/private/2024/9/25/recording17146456372712235623.mp3,LV5Lg2F2nywJvhkchUK3Bg
https://crworkspace.s3.ap-south-1.amazonaws.com/crdhs/private/2024/9/21/recording7088059013612217038.mp3,4ae2xOYa3IMgNFEcHCQJYA
https://crworkspace.s3.ap-south-1.amazonaws.com/crdhs/private/2024/9/26/recording9215257735806891688.mp3,JKEuIdleO6OcLK2_lvqIzQ
https://crworkspace.s3.ap-south-1.amazonaws.com/crdhs/private/2024/9/25/recording10335145349224787504.mp3,LvTmzKby-IMFynynpMsj0w
https://crworkspace.s3.ap-south-1.amazonaws.com/crdhs/private/2024/9/21/recording15598523872571400506.mp3,B33njQqAyNZg5uXbqapHGg
https://crworkspace.s3.ap-south-1.amazonaws.com/crdhs/private/2024/9/25/recording15870553204013914055.mp3,-1xQkeRgqhQviRCNJzlGow
https://crworkspace.s3.ap-south-1.amazonaws.com/crdhs/private/2024/9/25/recording12805826307373961405.mp3,lq8SBTlumynItGBaa6PCew
https://crworkspace.s3.ap-south-1.amazonaws.com/crdhs/private/2024/9/25/recording3796642704128754429.mp3,udgc6eif8CwK6G560IdbZA
https://crworkspace.s3.ap-south-1.amazonaws.com/crdhs/private/2024/9/26/recording245314364441039176.mp3,2_NfQdBsyO-kBG0QGK8tfg
https://crworkspace.s3.ap-south-1.amazonaws.com/crdhs/private/2024/9/23/recording7618462069402054575.mp3,1gzExjyKt-UZfzU-kla0Zw
https://crworkspace.s3.ap-south-1.amazonaws.com/crdhs/private/2024/9/20/recording15017942807080815532.mp3,egELqeEROgzsP-oZzgFj9g
https://crworkspace.s3.ap-south-1.amazonaws.com/crdhs/private/2024/9/23/recording2453159699872676043.mp3,oGfo0q3mTA0LYyPo1-V7Zw
https://crworkspace.s3.ap-south-1.amazonaws.com/crdhs/private/2024/9/26/recording15346941077958236586.mp3,R_MhBp1Uc5SndlDRDjcueA
https://crworkspace.s3.ap-south-1.amazonaws.com/crdhs/private/2024/9/25/recording9975664006748004271.mp3,-Oj-K58dmIgzaCpXwwaPAA
https://crworkspace.s3.ap-south-1.amazonaws.com/crdhs/private/2024/9/23/recording12276051509369847196.mp3,3iEn0AkLHr7CzfSayZ8wcw
https://crworkspace.s3.ap-south-1.amazonaws.com/crdhs/private/2024/9/20/recording13809318588430255987.mp3,s-8fna3hleUWl02imAYbFA
https://crworkspace.s3.ap-south-1.amazonaws.com/crdhs/private/2024/9/26/recording7670042120595483822.mp3,N2SDp2UCavQZ803jDTREjA
https://crworkspace.s3.ap-south-1.amazonaws.com/crdhs/private/2024/9/25/recording2242042622225770283.mp3,KQw6NQeSiIZxIesfqtKnVQ
https://crworkspace.s3.ap-south-1.amazonaws.com/crdhs/private/2024/9/26/recording12588025176348774144.mp3,IekI3aLZZbo2Bmi7O1GSMQ
https://crworkspace.s3.ap-south-1.amazonaws.com/crdhs/private/2024/9/20/recording1334692095043006168.mp3,woMCGgtMfuB-1-bHVU_4WA
https://crworkspace.s3.ap-south-1.amazonaws.com/crdhs/private/2024/9/26/recording11288696021581756131.mp3,GYEM46WstFqk_WzFlU4WMg
https://crworkspace.s3.ap-south-1.amazonaws.com/crdhs/private/2024/9/23/recording5422421386584488007.mp3,0ye8Z_CG21RGQmZwRJnY-w
https://crworkspace.s3.ap-south-1.amazonaws.com/crdhs/private/2024/9/23/recording7682128338548754261.mp3,f_Hi5F0zsKFfaOG6eL5MlA
https://crworkspace.s3.ap-south-1.amazonaws.com/crdhs/private/2024/9/26/recording17760708172240410089.mp3,5ZhohtuyXrOnFu1h5tTv3g
https://crworkspace.s3.ap-south-1.amazonaws.com/crdhs/private/2024/9/24/recording8644016826141892744.mp3,08EtkYt3xQxRzzoKMr17gA
https://crworkspace.s3.ap-south-1.amazonaws.com/crdhs/private/2024/9/27/recording14537633769085996879.mp3,3tWRlizbF39CtLiRLFTduw
https://crworkspace.s3.ap-south-1.amazonaws.com/crdhs/private/2024/9/20/recording190071944794264624.mp3,K0kft271UYgVnXo9ClTpdA
https://crworkspace.s3.ap-south-1.amazonaws.com/crdhs/private/2024/9/21/recording7581656627841282190.mp3,bjlHKdPYkQvT7hPFmDV7gA
https://crworkspace.s3.ap-south-1.amazonaws.com/crdhs/private/2024/9/21/recording16965960448720720514.mp3,xLTPj983n6bLMzAVXAFZKg
https://crworkspace.s3.ap-south-1.amazonaws.com/crdhs/private/2024/11/6/recording.mp3,--HarojsWojLTjUTow1RHA
https://crworkspace.s3.ap-south-1.amazonaws.com/crdhs/private/2024/9/20/recording13313615742369578654.mp3,s5tQlwZ5xWUGbJKG9wM5uA
https://crworkspace.s3.ap-south-1.amazonaws.com/crdhs/private/2024/9/20/recording6881431341213069965.mp3,qs41k1gVKY4nu4YO6zgSHw
https://crworkspace.s3.ap-south-1.amazonaws.com/crdhs/private/2024/9/20/recording12316466009839276381.mp3,B8DSub9dSJKbUofPqgiRGw
https://crworkspace.s3.ap-south-1.amazonaws.com/crdhs/private/2024/9/20/recording1432332901625736015.mp3,oFOc5oqHyBgwWYVMO22cKA
https://crworkspace.s3.ap-south-1.amazonaws.com/crdhs/private/2024/9/21/recording5614437423090476803.mp3,_944N-h9dg40fgMLLoajZg
https://crworkspace.s3.ap-south-1.amazonaws.com/crdhs/private/2024/9/24/recording6030091980472303519.mp3,b97HpwpXc8kr9FQ83OJjUw
https://crworkspace.s3.ap-south-1.amazonaws.com/crdhs/private/2024/10/6/recording18256208711635950287.mp3,ws3kGaeRBjLwJ8ISQkcpTQ
https://crworkspace.s3.ap-south-1.amazonaws.com/crdhs/private/2024/9/26/recording6233449558742515240.mp3,ahrdQLhp6mqnS-Dr_Bk7vg
https://crworkspace.s3.ap-south-1.amazonaws.com/crdhs/private/2024/9/20/recording13041795015917178035.mp3,FotDfG4Awmt9Xbyc7-vcHA
https://crworkspace.s3.ap-south-1.amazonaws.com/crdhs/private/2024/9/24/recording2489902724039726869.mp3,6bDkBwnKmZnSl0YBm8yu5g
https://crworkspace.s3.ap-south-1.amazonaws.com/crdhs/private/2024/9/20/recording1929308450242741008.mp3,JaQBRqyjZCJS2bXHKqQ2sg
https://crworkspace.s3.ap-south-1.amazonaws.com/crdhs/private/2024/9/20/recording9423136571529783086.mp3,9ZgyfoJ1hodCVPXRtlslfA
https://crworkspace.s3.ap-south-1.amazonaws.com/crdhs/private/2024/10/6/recording1879595375192952719.mp3,UsK3napuJdxvtRSEas8WDA
https://crworkspace.s3.ap-south-1.amazonaws.com/crdhs/private/2024/9/20/recording9403817520735393094.mp3,OI0uRwX28sQpapk4Yo2Xxg
https://crworkspace.s3.ap-south-1.amazonaws.com/crdhs/private/2024/10/6/recording3523134204311359758.mp3,QOcJljVzhBBzgE9SnjczmA
https://crworkspace.s3.ap-south-1.amazonaws.com/crdhs/private/2024/12/8/recording.mp3,-1XRc32W8XtdNezq7w2NZg
https://crworkspace.s3.ap-south-1.amazonaws.com/crdhs/private/2024/9/27/recording9801986439183786273.mp3,aR-E8XqQeQQoZejvmfbmpA
https://crworkspace.s3.ap-south-1.amazonaws.com/crdhs/private/2024/9/26/recording4580325461173736693.mp3,lv89JLgAfrz1YzyA3CAq1w
https://crworkspace.s3.ap-south-1.amazonaws.com/crdhs/private/2024/11/26/recording.mp3,-8AhiNg6tiGz8N7jiEqUFA
https://crworkspace.s3.ap-south-1.amazonaws.com/crdhs/private/2024/9/25/recording14981503020067296308.mp3,CeG-Gk34vIIRLOmptQgMSA
https://crworkspace.s3.ap-south-1.amazonaws.com/crdhs/private/2024/9/23/recording13078332225887939296.mp3,uW_Hz4ooacH9TpW2CMcxwQ
https://crworkspace.s3.ap-south-1.amazonaws.com/crdhs/private/2024/11/21/recording.mp3,--CsMlwV1w_m0om101_Z1w
https://crworkspace.s3.ap-south-1.amazonaws.com/crdhs/private/2024/11/26/recording.mp3,-8AhiNg6tiGz8N7jiEqUFA
https://crworkspace.s3.ap-south-1.amazonaws.com/crdhs/private/2024/11/26/recording.mp3,-8AhiNg6tiGz8N7jiEqUFA
https://crworkspace.s3.ap-south-1.amazonaws.com/crdhs/private/2024/11/26/recording.mp3,-8AhiNg6tiGz8N7jiEqUFA
https://crworkspace.s3.ap-south-1.amazonaws.com/crdhs/private/2024/11/26/recording.mp3,-8AhiNg6tiGz8N7jiEqUFA
https://crworkspace.s3.ap-south-1.amazonaws.com/crdhs/private/2024/11/26/recording.mp3,-8AhiNg6tiGz8N7jiEqUFA
https://crworkspace.s3.ap-south-1.amazonaws.com/crdhs/private/2024/11/21/recording.mp3,--CsMlwV1w_m0om101_Z1w
https://crworkspace.s3.ap-south-1.amazonaws.com/crdhs/private/2024/10/6/recording8361208584505370767.mp3,9wGR962qXZQJoXD73GqfRw
https://crworkspace.s3.ap-south-1.amazonaws.com/crdhs/private/2024/11/26/recording.mp3,-8AhiNg6tiGz8N7jiEqUFA
https://crworkspace.s3.ap-south-1.amazonaws.com/crdhs/private/2024/11/26/recording.mp3,-8AhiNg6tiGz8N7jiEqUFA
https://crworkspace.s3.ap-south-1.amazonaws.com/crdhs/private/2024/11/26/recording.mp3,-8AhiNg6tiGz8N7jiEqUFA
https://crworkspace.s3.ap-south-1.amazonaws.com/crdhs/private/2024/10/7/recording10462563482759238610.mp3,Tq08DqV24rzlxizRuHqNaw
https://crworkspace.s3.ap-south-1.amazonaws.com/crdhs/private/2024/11/6/recording.mp3,--HarojsWojLTjUTow1RHA
https://crworkspace.s3.ap-south-1.amazonaws.com/crdhs/private/2024/11/6/recording.mp3,--HarojsWojLTjUTow1RHA
https://crworkspace.s3.ap-south-1.amazonaws.com/crdhs/private/2024/11/26/recording.mp3,-8AhiNg6tiGz8N7jiEqUFA
https://crworkspace.s3.ap-south-1.amazonaws.com/crdhs/private/2024/9/20/recording15133177929670447257.mp3,toesmkzui0E9I8mkCAvxQA
https://crworkspace.s3.ap-south-1.amazonaws.com/crdhs/private/2024/11/6/recording.mp3,--HarojsWojLTjUTow1RHA
https://crworkspace.s3.ap-south-1.amazonaws.com/crdhs/private/2024/9/23/recording13198401779479970360.mp3,YtL2EdolfDL4eShJnhPHuA
https://crworkspace.s3.ap-south-1.amazonaws.com/crdhs/private/2024/11/6/recording.mp3,--HarojsWojLTjUTow1RHA
https://crworkspace.s3.ap-south-1.amazonaws.com/crdhs/private/2024/9/25/recording17066609910042646743.mp3,jhrEzDt_0biokpCcjHl2vA
https://crworkspace.s3.ap-south-1.amazonaws.com/crdhs/private/2024/11/26/recording.mp3,-8AhiNg6tiGz8N7jiEqUFA
https://crworkspace.s3.ap-south-1.amazonaws.com/crdhs/private/2024/11/6/recording.mp3,--HarojsWojLTjUTow1RHA
https://crworkspace.s3.ap-south-1.amazonaws.com/crdhs/private/2024/9/27/recording4523602096816477604.mp3,8SPyzAdRtwd4ArYBCLpPXA
https://crworkspace.s3.ap-south-1.amazonaws.com/crdhs/private/2024/9/24/recording12943824190593897682.mp3,BgxyJieXFSzTRr5FtOMnlg
https://crworkspace.s3.ap-south-1.amazonaws.com/crdhs/private/2024/9/23/recording14686736597772555707.mp3,ZN6bqKXMcdaz1yyAzIn_4A
https://crworkspace.s3.ap-south-1.amazonaws.com/crdhs/private/2024/11/26/recording.mp3,-8AhiNg6tiGz8N7jiEqUFA
https://crworkspace.s3.ap-south-1.amazonaws.com/crdhs/private/2024/9/23/recording161000817874537052.mp3,FQh81NqNzXW3GpoNBF7PgQ
https://crworkspace.s3.ap-south-1.amazonaws.com/crdhs/private/2024/9/24/recording10292266411986511217.mp3,3nv1ch-9Vaazr2pt_yyAPg
https://crworkspace.s3.ap-south-1.amazonaws.com/crdhs/private/2024/9/24/recording2476931651382587917.mp3,J3WWSR7PPhbHSDRxTnUCPQ
https://crworkspace.s3.ap-south-1.amazonaws.com/crdhs/private/2024/11/6/recording.mp3,--HarojsWojLTjUTow1RHA
https://crworkspace.s3.ap-south-1.amazonaws.com/crdhs/private/2024/9/20/recording15518688224020623408.mp3,MiuhkQLVfL13fMa_nA6KOQ
https://crworkspace.s3.ap-south-1.amazonaws.com/crdhs/private/2024/9/20/recording15250792976618900248.mp3,Q933Fg3Jaar2Ml2NqNZ4xA
https://crworkspace.s3.ap-south-1.amazonaws.com/crdhs/private/2024/11/6/recording.mp3,--HarojsWojLTjUTow1RHA
https://crworkspace.s3.ap-south-1.amazonaws.com/crdhs/private/2024/9/24/recording3868682898002856105.mp3,vGBBzcSmG7VlV9UjJULHFA
https://crworkspace.s3.ap-south-1.amazonaws.com/crdhs/private/2024/9/20/recording4441103287734522874.mp3,fetVEG79VwFFZS6E_Lg-Xg
https://crworkspace.s3.ap-south-1.amazonaws.com/crdhs/private/2024/9/20/recording14064129799509032999.mp3,0sbdDPJo4roCOt0I0YsoVg
https://crworkspace.s3.ap-south-1.amazonaws.com/crdhs/private/2024/9/24/recording13553377660811997279.mp3,KRxD0awc34GLBcz_TeWHjQ
https://crworkspace.s3.ap-south-1.amazonaws.com/crdhs/private/2024/9/25/recording2342729598485886854.mp3,jRD73kBO38WsonVuL4PmWw
https://crworkspace.s3.ap-south-1.amazonaws.com/crdhs/private/2024/9/21/recording1088200449405148865.mp3,TFtMuWX8Ck-Eh1b9MiABFg
https://crworkspace.s3.ap-south-1.amazonaws.com/crdhs/private/2024/9/23/recording9456865842696553488.mp3,jTUfkp1Zjl4KOGcbvKMk9w
https://crworkspace.s3.ap-south-1.amazonaws.com/crdhs/private/2024/9/25/recording8394359492072566002.mp3,286p5Zti6DdpwYp9i6kc7A
https://crworkspace.s3.ap-south-1.amazonaws.com/crdhs/private/2024/9/25/recording8081188845942467827.mp3,didjBdFijg2fD-GbMk7fWw
https://crworkspace.s3.ap-south-1.amazonaws.com/crdhs/private/2024/9/24/recording14584317709186768487.mp3,UHd4u-VkeKoezyfeQDUedw
https://crworkspace.s3.ap-south-1.amazonaws.com/crdhs/private/2024/9/23/recording6470303373034510759.mp3,RweGarTFUSQmukJT4gGMEg
https://crworkspace.s3.ap-south-1.amazonaws.com/crdhs/private/2024/9/25/recording3007102007138399913.mp3,prXTTwBfUaBYkYIJmbxxMg
https://crworkspace.s3.ap-south-1.amazonaws.com/crdhs/private/2024/9/23/recording17983981498392256082.mp3,_HbrETxYqd0p-7MomcEFeA
https://crworkspace.s3.ap-south-1.amazonaws.com/crdhs/private/2024/9/27/recording12443705432997818826.mp3,wF1Awiq9Ig1ditUjoni66A
https://crworkspace.s3.ap-south-1.amazonaws.com/crdhs/private/2024/9/20/recording7010530065657964575.mp3,ad37TOuCOHSyIdKHdSHy_w
https://crworkspace.s3.ap-south-1.amazonaws.com/crdhs/private/2024/10/6/recording16777692735822625441.mp3,qctPETJ_yZIZlGK9ZAJ0Vg
https://crworkspace.s3.ap-south-1.amazonaws.com/crdhs/private/2024/9/23/recording13609479866626283258.mp3,DH0W7olTjNsZHMFCdvhk9w
https://crworkspace.s3.ap-south-1.amazonaws.com/crdhs/private/2024/9/24/recording9987726841672754434.mp3,TJUSsf0bfHtHjzXxpRfGng
https://crworkspace.s3.ap-south-1.amazonaws.com/crdhs/private/2024/9/23/recording15046480630639806903.mp3,OaYawnz1NI39V7VUVnF3Uw
https://crworkspace.s3.ap-south-1.amazonaws.com/crdhs/private/2024/9/23/recording3543967970121426392.mp3,EMs20KKlpO8cJISNzqkC9w
https://crworkspace.s3.ap-south-1.amazonaws.com/crdhs/private/2024/9/20/recording14214655831178420538.mp3,Ph7kVElx2klRq4T5uts3Vw
https://crworkspace.s3.ap-south-1.amazonaws.com/crdhs/private/2024/9/23/recording10553629794131269246.mp3,hJ3sNblQyl0BCmOVMw-JSg
https://crworkspace.s3.ap-south-1.amazonaws.com/crdhs/private/2024/9/23/recording11672338448125259842.mp3,8BCCaBVhOkPY9K_gfoVezQ
https://crworkspace.s3.ap-south-1.amazonaws.com/crdhs/private/2024/9/23/recording1053713408104140608.mp3,SNTBYyq4kzySicdXSYxJnA
https://crworkspace.s3.ap-south-1.amazonaws.com/crdhs/private/2024/9/23/recording18313626856476773370.mp3,TH4uyp2WHcJArmW-s31-eA
https://crworkspace.s3.ap-south-1.amazonaws.com/crdhs/private/2024/9/24/recording11364839994239556157.mp3,fr82LAMDqu1j8S7y_9tE8Q
https://crworkspace.s3.ap-south-1.amazonaws.com/crdhs/private/2024/9/21/recording8075154984815248535.mp3,qB3_lG95DFU4pxnAdaBIoA
https://crworkspace.s3.ap-south-1.amazonaws.com/crdhs/private/2024/9/25/recording14636117279962769608.mp3,1YG5-QcK7HFbtBIz-J_ZsA
https://crworkspace.s3.ap-south-1.amazonaws.com/crdhs/private/2024/9/23/recording1133481154191967250.mp3,OWG7BSkpHLhzYVDvEfDVBQ
https://crworkspace.s3.ap-south-1.amazonaws.com/crdhs/private/2024/10/6/recording5688156923806394259.mp3,mv4fwCcjEdGgF1VmHbMmpg
https://crworkspace.s3.ap-south-1.amazonaws.com/crdhs/private/2024/9/24/recording12726948396030334052.mp3,HzkwP5B8LrfbH-qKCtr-Qw
https://crworkspace.s3.ap-south-1.amazonaws.com/crdhs/private/2024/9/24/recording7869559094379787398.mp3,c-p7-rcNr_QCtEXKY73CsA
https://crworkspace.s3.ap-south-1.amazonaws.com/crdhs/private/2024/11/6/recording.mp3,--HarojsWojLTjUTow1RHA
https://crworkspace.s3.ap-south-1.amazonaws.com/crdhs/private/2024/9/23/recording979683984402598670.mp3,xtU7V-7H4A2XQcPOMo08nA
https://crworkspace.s3.ap-south-1.amazonaws.com/crdhs/private/2024/11/6/recording.mp3,--HarojsWojLTjUTow1RHA
https://crworkspace.s3.ap-south-1.amazonaws.com/crdhs/private/2024/10/6/recording6610851292598554480.mp3,32_DS_8wYUSonZu0RK3mAA
https://crworkspace.s3.ap-south-1.amazonaws.com/crdhs/private/2024/9/26/recording7635753821557320542.mp3,eedrbnc1q9uRWnTGDKUvTA
https://crworkspace.s3.ap-south-1.amazonaws.com/crdhs/private/2024/9/24/recording6775213781454074594.mp3,Wfib9QKvEzLY-oZ99dqfbg
https://crworkspace.s3.ap-south-1.amazonaws.com/crdhs/private/2024/11/6/recording.mp3,--HarojsWojLTjUTow1RHA
https://crworkspace.s3.ap-south-1.amazonaws.com/crdhs/private/2024/9/25/recording18390512699494955561.mp3,xNgn3azmEBCQ6cS8KCY-Ug
https://crworkspace.s3.ap-south-1.amazonaws.com/crdhs/private/2024/11/6/recording.mp3,--HarojsWojLTjUTow1RHA
https://crworkspace.s3.ap-south-1.amazonaws.com/crdhs/private/2024/9/27/recording1350497646150301944.mp3,_2laH-hPfZKOBJuoS11Qkw
https://crworkspace.s3.ap-south-1.amazonaws.com/crdhs/private/2024/11/21/recording.mp3,--CsMlwV1w_m0om101_Z1w
https://crworkspace.s3.ap-south-1.amazonaws.com/crdhs/private/2024/11/6/recording.mp3,--HarojsWojLTjUTow1RHA
https://crworkspace.s3.ap-south-1.amazonaws.com/crdhs/private/2024/9/21/recording6437507655724160674.mp3,3zYLqzNNISvbPXPQS_5biw
https://crworkspace.s3.ap-south-1.amazonaws.com/crdhs/private/2024/9/25/recording9210042033466426009.mp3,uJSB7-XnmLjiwqq2j0yBjA
https://crworkspace.s3.ap-south-1.amazonaws.com/crdhs/private/2024/9/25/recording154486037243410312.mp3,KnKI2aX7EKuThs25j2nDgg
https://crworkspace.s3.ap-south-1.amazonaws.com/crdhs/private/2024/11/6/recording.mp3,--HarojsWojLTjUTow1RHA
https://crworkspace.s3.ap-south-1.amazonaws.com/crdhs/private/2024/9/20/recording15970588566419870463.mp3,MVpFc8YZr-nQQNTOjHZYjQ
https://crworkspace.s3.ap-south-1.amazonaws.com/crdhs/private/2024/10/6/recording10084868011112151834.mp3,ZQ_u-C2cBwYnlg3qO70MRw
https://crworkspace.s3.ap-south-1.amazonaws.com/crdhs/private/2024/11/6/recording.mp3,--HarojsWojLTjUTow1RHA
https://crworkspace.s3.ap-south-1.amazonaws.com/crdhs/private/2024/9/25/recording17694264170350911584.mp3,XEbGlPMR3CNreT9Jo9U-Bw
https://crworkspace.s3.ap-south-1.amazonaws.com/crdhs/private/2024/11/21/recording.mp3,--CsMlwV1w_m0om101_Z1w
https://crworkspace.s3.ap-south-1.amazonaws.com/crdhs/private/2024/9/24/recording1608292915889455157.mp3,zKk1OTA8KoSMMFyaf1_pqQ
https://crworkspace.s3.ap-south-1.amazonaws.com/crdhs/private/2024/11/6/recording.mp3,--HarojsWojLTjUTow1RHA
https://crworkspace.s3.ap-south-1.amazonaws.com/crdhs/private/2024/9/25/recording17287184186372451043.mp3,wg_C6kRGSKqMYTIS_qCJVA
https://crworkspace.s3.ap-south-1.amazonaws.com/crdhs/private/2024/10/6/recording13690733141886640017.mp3,64cTe1IYmtC-nKa71GcH_Q
https://crworkspace.s3.ap-south-1.amazonaws.com/crdhs/private/2024/9/21/recording16563744957333749102.mp3,paQUpIcqZMyluFyXoPhDcg
https://crworkspace.s3.ap-south-1.amazonaws.com/crdhs/private/2024/9/20/recording2791639623254151230.mp3,x7n9KexqEFsL0XqXT376yQ
https://crworkspace.s3.ap-south-1.amazonaws.com/crdhs/private/2024/9/27/recording10685110251408907348.mp3,EBeJAT431M5c5f0HirIIcg
https://crworkspace.s3.ap-south-1.amazonaws.com/crdhs/private/2024/9/20/recording15331034882446981457.mp3,LmuMPOskTUc8dUx0o15TlQ
https://crworkspace.s3.ap-south-1.amazonaws.com/crdhs/private/2024/9/21/recording17664349292102433812.mp3,4VRLyu0jckeAIv1nPZcW6A
https://crworkspace.s3.ap-south-1.amazonaws.com/crdhs/private/2024/10/6/recording4559117980714311009.mp3,5GLRU2h_oafAU7qrW_4c2w
https://crworkspace.s3.ap-south-1.amazonaws.com/crdhs/private/2024/9/20/recording9342187533950112837.mp3,byMgMOUNCf9hOvkwpS1IGQ
https://crworkspace.s3.ap-south-1.amazonaws.com/crdhs/private/2024/9/20/recording9407690522024812248.mp3,7O2wmF3xM2vnpIn2UCs7RA
https://crworkspace.s3.ap-south-1.amazonaws.com/crdhs/private/2024/9/24/recording11527099693105131893.mp3,q3wMvy3bKMMpwjgfh0W9uA
https://crworkspace.s3.ap-south-1.amazonaws.com/crdhs/private/2024/11/6/recording.mp3,--HarojsWojLTjUTow1RHA
https://crworkspace.s3.ap-south-1.amazonaws.com/crdhs/private/2024/11/6/recording.mp3,--HarojsWojLTjUTow1RHA
https://crworkspace.s3.ap-south-1.amazonaws.com/crdhs/private/2024/10/6/recording17797608571616162854.mp3,UZyzIzhjuhW5EHkmBgqt2Q
https://crworkspace.s3.ap-south-1.amazonaws.com/crdhs/private/2024/9/20/recording16700423880365409794.mp3,07_xLNRTB7O_dZr3Vzr7lw
https://crworkspace.s3.ap-south-1.amazonaws.com/crdhs/private/2024/11/26/recording.mp3,-8AhiNg6tiGz8N7jiEqUFA
https://crworkspace.s3.ap-south-1.amazonaws.com/crdhs/private/2024/11/26/recording.mp3,-8AhiNg6tiGz8N7jiEqUFA
https://crworkspace.s3.ap-south-1.amazonaws.com/crdhs/private/2024/9/21/recording9308760332377289014.mp3,3TUlbaHVS71zB5d2UaGVbA
https://crworkspace.s3.ap-south-1.amazonaws.com/crdhs/private/2024/9/23/recording25654201798753651.mp3,D5AX5HyQixMd6V0EL7bfqQ
https://crworkspace.s3.ap-south-1.amazonaws.com/crdhs/private/2024/11/21/recording.mp3,--CsMlwV1w_m0om101_Z1w
https://crworkspace.s3.ap-south-1.amazonaws.com/crdhs/private/2024/9/25/recording17219210230940685784.mp3,5KfYQzOoVZwD01pShvOj3Q
https://crworkspace.s3.ap-south-1.amazonaws.com/crdhs/private/2024/10/6/recording7035158221667286614.mp3,eOV3YtF94_htrwsiqrkB6Q
https://crworkspace.s3.ap-south-1.amazonaws.com/crdhs/private/2024/11/6/recording.mp3,--HarojsWojLTjUTow1RHA
https://crworkspace.s3.ap-south-1.amazonaws.com/crdhs/private/2024/9/20/recording17255446726290045556.mp3,0U7BCilv5VRRfCofvk8E0g
https://crworkspace.s3.ap-south-1.amazonaws.com/crdhs/private/2024/9/24/recording11871713567076375708.mp3,3zoiYzGVZ5w3v6hi9A_ihA
https://crworkspace.s3.ap-south-1.amazonaws.com/crdhs/private/2024/10/6/recording14668471689378556464.mp3,-hzBft--WfYLdAa8CYC2rg
https://crworkspace.s3.ap-south-1.amazonaws.com/crdhs/private/2024/10/6/recording8431085362790529740.mp3,QEAgngMF1TbZ5V-by81zWw
https://crworkspace.s3.ap-south-1.amazonaws.com/crdhs/private/2024/9/20/recording14464572722421202780.mp3,3Yhgyk6QyaFZX9qxKUYBHg
https://crworkspace.s3.ap-south-1.amazonaws.com/crdhs/private/2024/9/23/recording9634200099373716152.mp3,J6i6Adza8AhSNTUaVRXZlg
https://crworkspace.s3.ap-south-1.amazonaws.com/crdhs/private/2024/9/25/recording8351275231743561102.mp3,n8_tOC-wcDpv6RGa0YiTKA
https://crworkspace.s3.ap-south-1.amazonaws.com/crdhs/private/2024/9/23/recording6030938526252895104.mp3,CwZDSwQDkiNqOSP2qtf3kQ
https://crworkspace.s3.ap-south-1.amazonaws.com/crdhs/private/2024/11/6/recording.mp3,--HarojsWojLTjUTow1RHA
https://crworkspace.s3.ap-south-1.amazonaws.com/crdhs/private/2024/9/23/recording600788835510057543.mp3,3efNcY-PBeKoMzIKVp6kJA
https://crworkspace.s3.ap-south-1.amazonaws.com/crdhs/private/2024/9/20/recording1639214419797180358.mp3,yyqP90nO55FM93riAiv2jQ
https://crworkspace.s3.ap-south-1.amazonaws.com/crdhs/private/2024/9/26/recording5832815979372613247.mp3,KCa0agcd4sF7914QZElP7A
https://crworkspace.s3.ap-south-1.amazonaws.com/crdhs/private/2024/11/21/recording.mp3,--CsMlwV1w_m0om101_Z1w
https://crworkspace.s3.ap-south-1.amazonaws.com/crdhs/private/2024/11/21/recording.mp3,--CsMlwV1w_m0om101_Z1w
https://crworkspace.s3.ap-south-1.amazonaws.com/crdhs/private/2024/9/23/recording14759592375163610582.mp3,fl3aCetk8XTc8JC7Yq4vqQ
https://crworkspace.s3.ap-south-1.amazonaws.com/crdhs/private/2024/11/26/recording.mp3,-8AhiNg6tiGz8N7jiEqUFA
https://crworkspace.s3.ap-south-1.amazonaws.com/crdhs/private/2024/11/6/recording.mp3,--HarojsWojLTjUTow1RHA
https://crworkspace.s3.ap-south-1.amazonaws.com/crdhs/private/2024/9/21/recording4948882387513462296.mp3,D36n88UjVxOniTuebDuu5Q
https://crworkspace.s3.ap-south-1.amazonaws.com/crdhs/private/2024/9/23/recording15486160253974697207.mp3,m5pbtK7I91MA_0GlzS2UJw
https://crworkspace.s3.ap-south-1.amazonaws.com/crdhs/private/2024/11/26/recording.mp3,-8AhiNg6tiGz8N7jiEqUFA
https://crworkspace.s3.ap-south-1.amazonaws.com/crdhs/private/2024/9/23/recording7215172842300188152.mp3,U17ojvA8HwePs9CpgBSLJA
https://crworkspace.s3.ap-south-1.amazonaws.com/crdhs/private/2024/9/21/recording10117174987907239852.mp3,UIVqTvBlsKAK6cWNJxejZA
https://crworkspace.s3.ap-south-1.amazonaws.com/crdhs/private/2024/9/25/recording10697238607670106369.mp3,vJqSNzNWboE46utOlLYy3w
https://crworkspace.s3.ap-south-1.amazonaws.com/crdhs/private/2024/10/6/recording11352901179109535316.mp3,zsYpqkBJiExRWd5K66g88g
https://crworkspace.s3.ap-south-1.amazonaws.com/crdhs/private/2024/9/23/recording13682446477532059552.mp3,ZW1zqxVzSVurCl0KeA_Wzg
https://crworkspace.s3.ap-south-1.amazonaws.com/crdhs/private/2024/9/27/recording4869483261354479057.mp3,LklJE63uaeSQTq2i2CHqAw
https://crworkspace.s3.ap-south-1.amazonaws.com/crdhs/private/2024/9/23/recording4957570982524615959.mp3,5XZMCFMvXC3_jYdm4Anb_Q
https://crworkspace.s3.ap-south-1.amazonaws.com/crdhs/private/2024/9/23/recording5243272206202117020.mp3,l7OtlN2juwpfJ6h8n82G8w
https://crworkspace.s3.ap-south-1.amazonaws.com/crdhs/private/2024/11/26/recording.mp3,-8AhiNg6tiGz8N7jiEqUFA
https://crworkspace.s3.ap-south-1.amazonaws.com/crdhs/private/2024/9/23/recording441920491025929672.mp3,v0VnG2VsOXcyILMMW-kiJA
https://crworkspace.s3.ap-south-1.amazonaws.com/crdhs/private/2024/9/23/recording15513625685886307457.mp3,4NORZChX5Yd-gzGRNEU4lA
https://crworkspace.s3.ap-south-1.amazonaws.com/crdhs/private/2024/9/20/recording6121933535233013523.mp3,V2CKES0ld-cUSIL7Ufa-UA
https://crworkspace.s3.ap-south-1.amazonaws.com/crdhs/private/2024/9/26/recording11497770772119544246.mp3,0BUkCAQs4ov9bnUxmvFApw
https://crworkspace.s3.ap-south-1.amazonaws.com/crdhs/private/2024/9/23/recording9740797995268633729.mp3,q3iviOtv_38IpkSkM4D0jA
https://crworkspace.s3.ap-south-1.amazonaws.com/crdhs/private/2024/11/26/recording.mp3,-8AhiNg6tiGz8N7jiEqUFA
https://crworkspace.s3.ap-south-1.amazonaws.com/crdhs/private/2024/10/6/recording1830070044418463986.mp3,dTEL-I6jruYzKcU94jaJXA
https://crworkspace.s3.ap-south-1.amazonaws.com/crdhs/private/2024/9/23/recording6238247568070567433.mp3,L2TNYFL4-cvh9xEe_j5dGg
https://crworkspace.s3.ap-south-1.amazonaws.com/crdhs/private/2024/9/26/recording3297188919037360877.mp3,zqEuJU6ihmNzMa-6MejFhg
https://crworkspace.s3.ap-south-1.amazonaws.com/crdhs/private/2024/9/20/recording3016330106663694324.mp3,p9elc6UwAaI6qpvJPg3kWA
https://crworkspace.s3.ap-south-1.amazonaws.com/crdhs/private/2024/9/26/recording1895819785046336536.mp3,X0RTxx23TeYF8oWYw7UxRQ
https://crworkspace.s3.ap-south-1.amazonaws.com/crdhs/private/2024/9/25/recording16973637526328199800.mp3,jRtrvp7vpwznfxwVtmLlyQ
https://crworkspace.s3.ap-south-1.amazonaws.com/crdhs/private/2024/9/25/recording16903698255539321498.mp3,07C0GVUthitDwoBfdM1ESg
https://crworkspace.s3.ap-south-1.amazonaws.com/crdhs/private/2024/9/21/recording2004656113335265814.mp3,skwKYg7davlb7FcaFsPSOQ
https://crworkspace.s3.ap-south-1.amazonaws.com/crdhs/private/2024/9/20/recording17707285262327468103.mp3,oiABSwCddkxO2r2XW1FRdA
https://crworkspace.s3.ap-south-1.amazonaws.com/crdhs/private/2024/9/20/recording12560165735878917113.mp3,KPiK3OwtKUseXd3OPOEBWw
https://crworkspace.s3.ap-south-1.amazonaws.com/crdhs/private/2024/9/23/recording14576186160952487195.mp3,h7-8ksItWEx8cQYjQX8IwA
https://crworkspace.s3.ap-south-1.amazonaws.com/crdhs/private/2024/11/26/recording.mp3,-8AhiNg6tiGz8N7jiEqUFA
https://crworkspace.s3.ap-south-1.amazonaws.com/crdhs/private/2024/9/23/recording5528393845300427454.mp3,Volok7d8BVfmicaoWbDVNg
https://crworkspace.s3.ap-south-1.amazonaws.com/crdhs/private/2024/9/24/recording16446264772264318641.mp3,iDJRINRpLSjdshKZUp8gtQ
https://crworkspace.s3.ap-south-1.amazonaws.com/crdhs/private/2024/9/23/recording3368796495652455952.mp3,L63ZfWpw7cGU2-h8G6DSuw
https://crworkspace.s3.ap-south-1.amazonaws.com/crdhs/private/2024/11/26/recording.mp3,-8AhiNg6tiGz8N7jiEqUFA
https://crworkspace.s3.ap-south-1.amazonaws.com/crdhs/private/2024/9/27/recording734209425481992206.mp3,6G5VKwbxOjU2npAbzsJPrw
https://crworkspace.s3.ap-south-1.amazonaws.com/crdhs/private/2024/11/21/recording.mp3,--CsMlwV1w_m0om101_Z1w
https://crworkspace.s3.ap-south-1.amazonaws.com/crdhs/private/2024/9/23/recording14745150344534136018.mp3,O_pFT-N4SIJWk_kAo8i_YA
https://crworkspace.s3.ap-south-1.amazonaws.com/crdhs/private/2024/9/20/recording1252869684735833795.mp3,k6CsdNGxWBH48sR75rjixw
https://crworkspace.s3.ap-south-1.amazonaws.com/crdhs/private/2024/9/20/recording14575045837153088297.mp3,rUePibPVSh4HQV6tjRR33w
https://crworkspace.s3.ap-south-1.amazonaws.com/crdhs/private/2024/9/20/recording14708210257187092155.mp3,NAAfVWisFXOEtLmbumf4lg
https://crworkspace.s3.ap-south-1.amazonaws.com/crdhs/private/2024/9/20/recording1844339695182722356.mp3,wpVVA_fRQlu7Yi7iCIk7wQ
https://crworkspace.s3.ap-south-1.amazonaws.com/crdhs/private/2024/11/6/recording.mp3,--HarojsWojLTjUTow1RHA
https://crworkspace.s3.ap-south-1.amazonaws.com/crdhs/private/2024/9/26/recording12371814022161495149.mp3,nX8PRvbw96LwhVX8CPPCGg
https://crworkspace.s3.ap-south-1.amazonaws.com/crdhs/private/2024/9/23/recording17163107692742454246.mp3,3TSDH0YmD_Nrp5ftziiOxA
https://crworkspace.s3.ap-south-1.amazonaws.com/crdhs/private/2024/9/20/recording6785189632202860229.mp3,estTSdHhlDYkhqP3kHV2Rg
https://crworkspace.s3.ap-south-1.amazonaws.com/crdhs/private/2024/9/21/recording1467023079961216214.mp3,PS1mgOZzw0oi-hn6dg2HMw
https://crworkspace.s3.ap-south-1.amazonaws.com/crdhs/private/2024/9/23/recording9638227299822531333.mp3,eoYI1Ki_J5fpyr_2ANCz7w
https://crworkspace.s3.ap-south-1.amazonaws.com/crdhs/private/2024/9/25/recording9357251147064412975.mp3,aYLuEh-0b7TTptPT_ccYmA
https://crworkspace.s3.ap-south-1.amazonaws.com/crdhs/private/2024/9/21/recording13813003144722137737.mp3,dhcE0bFvMpLnBrU5arLorQ
https://crworkspace.s3.ap-south-1.amazonaws.com/crdhs/private/2024/9/21/recording5129883853059633803.mp3,JPt5573Ga-BornrkRsnqLg
https://crworkspace.s3.ap-south-1.amazonaws.com/crdhs/private/2024/9/20/recording18200964092632400232.mp3,SYcH6-oLEThHY1MecR-6oA
https://crworkspace.s3.ap-south-1.amazonaws.com/crdhs/private/2024/12/26/recording.mp3,-6BgZm0BN_-bD11uZkFMRA
https://crworkspace.s3.ap-south-1.amazonaws.com/crdhs/private/2024/11/6/recording.mp3,--HarojsWojLTjUTow1RHA
https://crworkspace.s3.ap-south-1.amazonaws.com/crdhs/private/2024/9/21/recording7703170015555254817.mp3,cb1nnuK38QRg0jPW9W6jnA
https://crworkspace.s3.ap-south-1.amazonaws.com/crdhs/private/2024/12/8/recording.mp3,-1XRc32W8XtdNezq7w2NZg
https://crworkspace.s3.ap-south-1.amazonaws.com/crdhs/private/2024/11/21/recording.mp3,--CsMlwV1w_m0om101_Z1w
https://crworkspace.s3.ap-south-1.amazonaws.com/crdhs/private/2024/9/26/recording16870982507737504639.mp3,xmjTkelrHYON429-cAh12A
https://crworkspace.s3.ap-south-1.amazonaws.com/crdhs/private/2024/10/7/recording2874518449757301512.mp3,38LFubDAvvsgHnK3O9cPVA
https://crworkspace.s3.ap-south-1.amazonaws.com/crdhs/private/2024/12/8/recording.mp3,-1XRc32W8XtdNezq7w2NZg
https://crworkspace.s3.ap-south-1.amazonaws.com/crdhs/private/2024/9/24/recording758686235949635323.mp3,4EbvmDAmLo1E3IQCJItePg
https://crworkspace.s3.ap-south-1.amazonaws.com/crdhs/private/2024/12/8/recording.mp3,-1XRc32W8XtdNezq7w2NZg
https://crworkspace.s3.ap-south-1.amazonaws.com/crdhs/private/2024/10/5/recording5463821985940273286.mp3,wMajf5Szf5chfRDmf7Lo-A
https://crworkspace.s3.ap-south-1.amazonaws.com/crdhs/private/2024/12/8/recording.mp3,-1XRc32W8XtdNezq7w2NZg
https://crworkspace.s3.ap-south-1.amazonaws.com/crdhs/private/2024/10/2/recording12097523254531735083.mp3,9NoUd0CD_j-Q3w9VdfGGBw
https://crworkspace.s3.ap-south-1.amazonaws.com/crdhs/private/2024/10/2/recording13270934756967057741.mp3,JA-AX_f7ISeb9C2vcg234w
https://crworkspace.s3.ap-south-1.amazonaws.com/crdhs/private/2024/11/6/recording.mp3,--HarojsWojLTjUTow1RHA
https://crworkspace.s3.ap-south-1.amazonaws.com/crdhs/private/2024/10/2/recording4366053848293994585.mp3,-R1HCqAHb_9reXPFtccZBA
https://crworkspace.s3.ap-south-1.amazonaws.com/crdhs/private/2024/11/6/recording.mp3,--HarojsWojLTjUTow1RHA
https://crworkspace.s3.ap-south-1.amazonaws.com/crdhs/private/2024/9/27/recording16630971117392378347.mp3,Y7FocGZaa5v2xqBG1jn5lw
https://crworkspace.s3.ap-south-1.amazonaws.com/crdhs/private/2024/9/23/recording13425591639332473839.mp3,lsBgfqIWjxFFAhwMvOoR5A
https://crworkspace.s3.ap-south-1.amazonaws.com/crdhs/private/2024/9/23/recording3748697915902550399.mp3,W7T4_4D9rwRjh9-Ncnksjg
https://crworkspace.s3.ap-south-1.amazonaws.com/crdhs/private/2024/10/6/recording144560382062864261.mp3,MuTU89tbLVIoiqRqesQ1UA
https://crworkspace.s3.ap-south-1.amazonaws.com/crdhs/private/2024/10/2/recording16599459271663397903.mp3,u-LgPDc4Yr2MOpzbzXTj4Q
https://crworkspace.s3.ap-south-1.amazonaws.com/crdhs/private/2024/9/23/recording7548228715876767915.mp3,HYK4dcyzkzoAPegNFWK_9Q
https://crworkspace.s3.ap-south-1.amazonaws.com/crdhs/private/2024/9/23/recording1521692149995323041.mp3,bripXj9anSn3lhVqA_HO8A
https://crworkspace.s3.ap-south-1.amazonaws.com/crdhs/private/2024/11/6/recording.mp3,--HarojsWojLTjUTow1RHA
https://crworkspace.s3.ap-south-1.amazonaws.com/crdhs/private/2024/10/4/recording14246832070814919485.mp3,xtx9zyZ1SX3lj4NDal-o4w
https://crworkspace.s3.ap-south-1.amazonaws.com/crdhs/private/2024/11/6/recording.mp3,--HarojsWojLTjUTow1RHA
https://crworkspace.s3.ap-south-1.amazonaws.com/crdhs/private/2024/11/6/recording.mp3,--HarojsWojLTjUTow1RHA
https://crworkspace.s3.ap-south-1.amazonaws.com/crdhs/private/2024/11/6/recording.mp3,--HarojsWojLTjUTow1RHA
https://crworkspace.s3.ap-south-1.amazonaws.com/crdhs/private/2024/9/23/recording15481054769356281826.mp3,K_myXdQVcDUwK_1vD4BtwA
https://crworkspace.s3.ap-south-1.amazonaws.com/crdhs/private/2024/9/23/recording7757227152417999224.mp3,hECymLQ5_M6f8lV2QK2fCg
https://crworkspace.s3.ap-south-1.amazonaws.com/crdhs/private/2024/12/8/recording.mp3,-1XRc32W8XtdNezq7w2NZg
https://crworkspace.s3.ap-south-1.amazonaws.com/crdhs/private/2024/9/23/recording10870476405764724066.mp3,6DD-PKmjuFLPbZPjp0ex6w